registrant_name,client_name,filing_year,quarter,senate_income_sum,house_income_sum,score,senate_filing_uuids,house_filing_ids
SPIRIT ROCK CONSULTING,SHINGLE SPRINGS RANCHERIA,2023,Q4,120000.0,642000.0,522000.0,"b4aea023-b64a-4fa6-b5c4-f9eca6a166dd,c089f417-91ea-4467-8907-29a1665810e0","301544165,301544187,301544180,301544182,301544178,301544181,301544184,301544168,301544172,301544185,301604886,301568411,301544183,301544188,301544186"
SQUIRE PATTON BOGGS,MARS INCORPORATED,2024,Q3,540000.0,270000.0,270000.0,"d5797fb7-d60b-4f0c-b1f0-6acc835a5e58,1dc37320-4b46-43b0-b350-6a53233ebd71",301618344
WILMER CUTLER PICKERING HALE AND DORR LLP,AMERICAN SOCIETY OF MECHANICAL ENGINEERS,2024,Q3,500000.0,250000.0,250000.0,"b73a5492-0cfc-40c7-8581-c899a813d478,fd4093be-82c1-4ea1-86b6-eb21b4da6cfd",301632327
COLTON STREET GROUP,THE BLACKSTONE GROUP,2025,Q1,500000.0,250000.0,250000.0,"2cfdc6ab-9887-4860-ad36-d73862511f94,2bf6f939-60ca-437f-bdb9-77bce90e564e",301726823
BRACEWELL LLP,NAVIGATOR CO2 VENTURES LLC,2022,Q4,480000.0,240000.0,240000.0,"c9a5d43c-e8da-465d-9d78-3f0a2bf686b3,1043d9b8-25f4-4c98-bff8-bd7cb51c1992",301442079
THE BERNHARDT GROUP LLC,EQUINOR US OPERATIONS LLC FKA EQUINOR,2025,Q4,330000.0,110000.0,220000.0,"f3b10d50-b51b-400f-8c62-5a16087983ac,0cfeec44-3da2-4b98-ba28-2a6583df9078,6a014856-b187-4a4c-9cde-c3c06b5025f9",301842591
SPIRIT ROCK CONSULTING,SHINGLE SPRINGS RANCHERIA,2024,Q1,60000.0,270000.0,210000.0,c7a4beed-927a-4346-9407-f9c0652b79a4,"301578604,301568409,301568421,301604887"
"MERCURY PUBLIC AFFAIRS, LLC",NATIONAL PUBLIC FINANCE GUARANTEE CORPORATION,2023,Q2,380000.0,190000.0,190000.0,"181e1e52-42fb-474e-a630-ccca2cc7c83f,6bd6244c-d6d6-46d3-9020-33362a61317a,0535af81-a006-4572-9a91-e4f27e195dca,d6bc1730-f173-4b57-92d2-ae464ca85c53","301487826,301492997"
"LEWIS-BURKE ASSOCIATES, LLC","UNIVERSITY AT ALBANY, SUNY DBA THE RESEARCH FOUNDATION",2024,Q2,60000.0,240000.0,180000.0,c7d6ef63-78b2-48aa-ae80-763c9dee36d7,"301589380,301638077,301606413,301638794"
MCDERMOTT WILL & SCHULTE LLP,AMERICAN ACADEMY OF SLEEP MEDICINE,2022,Q4,240000.0,60000.0,180000.0,"d582f753-54cb-44aa-9fa9-b350503845e5,0ab1d907-547a-4ba2-bb3a-93b6dd311720,05d67578-feda-46ba-bc33-4cc6ffd51c7b,35271e9a-54ac-4db2-8aa9-1e064f9d2521",301427118
INVARIANT LLC,PALANTIR TECHNOLOGIES INC.,2024,Q1,360000.0,180000.0,180000.0,"c75a4886-ba7a-4208-be1b-1fcc96086d44,41893063-0422-45f2-9f3d-5cad9164c42a",301569455
VAN SCOYOC ASSOCIATES,COMMUNITY FOUNDATION AWARENESS INITIATIVE (INFORMAL COALITION),2022,Q3,340000.0,170000.0,170000.0,"499bf9ae-e2a3-49fa-8e83-0502229fdb50,065f23eb-cf8f-4cc7-98a1-223ed201769e",301423821
COVINGTON & BURLING LLP,"SK AMERICAS, INC.",2024,Q2,320000.0,160000.0,160000.0,"00dcc7a7-a614-4744-ac6f-11c10064e2c3,5aa1dc99-c57b-420d-8c1c-a8472839984a",301599634
COVINGTON & BURLING LLP,"CHURCH COMMUNITIES, INC.",2025,Q2,320000.0,160000.0,160000.0,"a16a4cd2-3c29-406b-a8c6-7f965437e309,a8e83215-d6b7-4dcd-a90b-c844e6ba7bee",301748345
HB STRATEGIES (FKA HUSCH BLACKWELL STRATEGIES),"CJ LAKE, LLC (ON BEHALF OF ALAMEDA COUNTY TRANSPORTATION COMMISSION)",2022,Q4,15000.0,175000.0,160000.0,"0fc2a485-1e6e-40a3-9c40-cf9fd111fb71,683343aa-c17f-4590-a288-16d3207271ce","301442670,301443032,301447075,301445674,301442952"
WILMER CUTLER PICKERING HALE AND DORR LLP,AMERICAN SOCIETY OF MECHANICAL ENGINEERS,2025,Q1,300000.0,150000.0,150000.0,"d56392a2-5598-4408-b3af-ce348f3fcd90,4061f23b-782d-460a-a98d-8937d120fc3d",301724577
MISSION STRATEGIES LLC (ENERGY),TS CONDUCTOR,2025,Q4,60000.0,210000.0,150000.0,"ba772d45-a8c1-47d2-a5b1-c7cd016fd616,4847cd1a-84c8-496d-b6b8-d11d7475c814","301822277,301822262"
KILPATRICK TOWNSEND AND STOCKTON,RECOVER ENERGY,2023,Q4,210000.0,70000.0,140000.0,"195ee190-d426-4133-91cc-f20cf3aaae9d,9c72596a-f030-4343-b61b-ae39b72b2e6e,126b4c80-84e7-4c37-be75-075e0f222062",301541944
"MERCURY PUBLIC AFFAIRS, LLC",YEALINK (XIAMEN) NETWORK TECHNOLOGY CO. LTD.,2022,Q2,280000.0,140000.0,140000.0,"8ca2c2a9-6a47-4f71-95a6-a253ffa05805,1ddbe9f1-613b-4a19-b7aa-1478bd2263f2,e31ccb7a-08ca-455e-83db-97432c8dd57e",301386865
"MERCURY PUBLIC AFFAIRS, LLC",CORAL ENERGY,2023,Q4,420000.0,280000.0,140000.0,"87a95dc0-b5c7-4967-9954-4317e0924200,104570b3-f3e3-4f9e-b8a4-d472c1fda765,4c3f06dc-fa7d-458c-991b-a3de74ca4ffa","301532785,301532686"
"ATS COMMUNICATIONS, INC. (DBA SILBEY STRATEGIES)",PANTHEON DATA (FKA THE KENIFIC GROUP),2024,Q2,210000.0,70000.0,140000.0,"36f732ee-106d-416d-80d1-58b98bece539,20c5a32e-aa30-4dd1-8327-54e775163d9f,8781a3d8-e008-4db1-897c-5a728b442ac4",301580829
SIRONA STRATEGIES LLC,ALLIANCE FOR CONNECTED CARE,2022,Q3,270000.0,135000.0,135000.0,"ae7cab04-cd08-444c-9d77-6e4559b69a6c,6c682ef9-e025-45c4-b17c-6187bbaca28c",301421206
BRACEWELL LLP,ENERGY FORWARD,2022,Q2,260000.0,130000.0,130000.0,"6558dcd8-e954-441f-8f02-58bac31cc97d,13cee7d8-2ad8-49d3-b956-a123a35a3b4e",301395068
"BROWNSTEIN HYATT FARBER SCHRECK, LLP",NAVAJO NATION,2025,Q3,260000.0,130000.0,130000.0,"61b2c63e-82d5-4e4d-830a-e7660df2559d,bdc2856d-43c2-4e20-a546-f473b3465b60",301789484
C.A.R. CONSULTING SERVICES,LIBERTY PARTNERS GROUP O/B/O APTQI-HSCHEIN-PDS-SANTAFE-SOUND-RCCS-AFHC-WELLVANA,2024,Q4,390000.0,260000.0,130000.0,"ce8167ce-0f4e-4bfb-b848-b62c94019001,18f5fc27-0aa0-47e9-bc24-3efea55e9f48,d6d5fbd5-8b45-407d-9741-b9e509fd5c04","301651566,301651532"
BGR GOVERNMENT AFFAIRS,"UMA EDUCATION, INC.",2025,Q2,240000.0,120000.0,120000.0,"6bd60292-e198-417b-801c-1c2877c51b44,ed35a72f-1550-48fe-a0b8-c2e28749d1d8",301760307
"BROWNSTEIN HYATT FARBER SCHRECK, LLP","BARRICK GOLD OF NORTH AMERICA, FKA BARRICK GOLD AND NEVADA GOLD MINES",2025,Q2,120000.0,240000.0,120000.0,5c0c0760-3204-4fe6-9f6a-ca11f039a1f1,"301754198,301748760"
PRICEWATERHOUSECOOPERS,BUSINESS ROUNDTABLE,2024,Q4,240000.0,120000.0,120000.0,"2bc5cf10-223b-4f97-85d8-3de6e68a224a,ce78660a-1353-4d5f-bb87-a1da88a41bea",301660155
PRICEWATERHOUSECOOPERS,BUSINESS ROUNDTABLE,2025,Q2,240000.0,120000.0,120000.0,"8612e5d5-020a-448d-9592-ce5d6c5cb30e,9956d869-930f-4405-9ab2-055add0c35c5",301766440
ELECTRIC DRIVE TRANSPORTATION ASSOCIATION,ELECTRIC DRIVE TRANSPORTATION ASSOCIATION,2025,Q2,180000.0,60000.0,120000.0,"f5fff618-78cc-4ae3-a184-e935fde5224e,8ca6769b-05d3-4131-99eb-26d57907a166,325dc9a9-0a62-4879-978b-293ba4a56abf",301760282
"LEWIS-BURKE ASSOCIATES, LLC","UNIVERSITY AT ALBANY, SUNY DBA THE RESEARCH FOUNDATION",2024,Q3,60000.0,180000.0,120000.0,37faaa05-514d-4832-9f7b-3f9d6203d1e7,"301607136,301638078,301638795"
SQUIRE PATTON BOGGS,STATE STREET STRATEGIES (DBA ONE+ STRATEGIES) OBO VIVEK SHARMA,2025,Q1,360000.0,240000.0,120000.0,"66677189-ca34-422f-80d4-8137ef5c32c8,506e7eba-1a2c-4a75-9f9f-62545f2d55ca,2079e138-c523-46a5-9e1d-7ccad6150263,ebc46d05-275c-4f32-aa64-9c841a16625f,97ca1b0a-a1bc-464b-b90e-6032316aad88","301817338,301710145"
KELLEY DRYE & WARREN LLP,NEW SHIPPER BOND PETITIONERS COALITION,2022,Q4,240000.0,120000.0,120000.0,"d179be87-31fd-49d6-ad9b-5d6d3630d90d,43631a4f-f986-473d-bea2-36c3bd2fab66",301437871
S-3 GROUP,INTEGRAL AD SCIENCE,2025,Q4,180000.0,60000.0,120000.0,"f11663f2-7e96-440c-bc62-9f3825040eee,18c09d7d-93d4-4e16-aa13-7fed1afdce20,95896c3b-7572-4043-a376-c7164c42e864",301830428
"BANNER PUBLIC AFFAIRS, LLC","BREWER SCIENCE, INC.",2022,Q3,240000.0,120000.0,120000.0,"1e9125bb-9f5b-42c9-ba86-eb53b404ff52,4d2a4a7a-f1ae-42a8-8fb8-177e8500575e",301415078
FTI GOVERNMENT AFFAIRS,"LAW OFFICES OF MICHAEL JASON LEE, APLC (ON BEHALF OF TETHER OPERATIONS LIMITED)",2023,Q3,240000.0,120000.0,120000.0,"23b70753-5f02-4a81-9b21-6200436e3aaa,3670354a-1ed3-4cc9-892f-6dccc4816da5",301514882
"BALLARD PARTNERS, LLC","EQUINIX, INC.",2025,Q3,240000.0,120000.0,120000.0,"9f64d892-708a-4231-a288-84dd654e00a3,70cd0ede-384d-40a0-80b3-c76129af70c6",301785370
"DB3, LLC (FKA THE DASCHLE GROUP)",ANTOFAGASTA MINERALS S.A.,2025,Q1,240000.0,360000.0,120000.0,"7f649fd3-8b9e-49b5-bcf0-8bcb56980e01,1e987649-bc80-4110-8566-831350d2f514","301789608,301810282,301726453"
BRACEWELL LLP,VALERO ENERGY CORP,2024,Q2,220000.0,110000.0,110000.0,"07bfef4a-3eae-4341-a3f9-754073652e1e,1c73c34d-5657-4da8-8817-ddd9383ff352",301598627
PRICEWATERHOUSECOOPERS,TRGROUP (ALSO DOING BUSINESS AS ACT - ALLIANCE FOR COMPETITIVE TAXATION),2025,Q2,220000.0,110000.0,110000.0,"67096345-ddcc-443a-a7b7-470763598477,1ad6a240-6824-486a-91c9-1ec0a7bf2a74",301766442
ONMESSAGE PUBLIC STRATEGIES,MERIT SPREAD FOUNDATION INC.,2025,Q1,110000.0,220000.0,110000.0,"0a0724d4-4fb9-4dcc-8a71-c94043468ade,d8c3f024-ae14-4186-afc8-2193211d4f7d","301829107,301726812"
ONMESSAGE PUBLIC STRATEGIES,MERIT SPREAD FOUNDATION INC.,2025,Q2,110000.0,220000.0,110000.0,61c42481-1b26-4801-928a-de193b42ad01,"301829111,301765649"
ONMESSAGE PUBLIC STRATEGIES,MERIT SPREAD FOUNDATION INC.,2025,Q3,110000.0,220000.0,110000.0,37b4f9e6-2226-40c7-b400-6649a814f6a7,"301829114,301810373"
THE BERNHARDT GROUP LLC,EQUINOR US OPERATIONS LLC FKA EQUINOR,2025,Q3,220000.0,110000.0,110000.0,"48aff19c-2f54-4a17-a9a9-c731d0d87291,8bebde87-b75e-4d33-a124-4aed4137d16c,2815726f-419f-4239-aa8b-fc2bc9d13873,2df114f1-171e-4d76-bb12-4e6ce6c40140",301788346
"CGCN GROUP, LLC",AMERICAN PETROLEUM INSTITUTE (API),2022,Q2,210000.0,105000.0,105000.0,"c6caeb1c-85f4-4dd7-ad51-698da54eab98,5f345d27-c9f9-46cf-8de0-2de17a70154f",301384892
WILLIAM BALL,"GOVERNOR'S DEFENSE INITIATIVE, GEORGIA DEPT. OF ECONOMIC DEVELOPMENT",2023,Q4,60000.0,165000.0,105000.0,97284523-6d5a-4434-942f-66327e2629d4,"301543724,301545342,301545333,301543653"
PRICEWATERHOUSECOOPERS,AMERICAN COUNCIL OF LIFE INSURERS (ACLI),2025,Q2,200000.0,100000.0,100000.0,"73bbafac-bd26-44f1-a064-040456363e9d,abc92a93-2c75-46b2-822a-b49c86d8cfb7",301766443
SQUIRE PATTON BOGGS,STATE STREET STRATEGIES (DBA ONE+ STRATEGIES) OBO VIVEK SHARMA,2025,Q2,300000.0,200000.0,100000.0,"86f3ac26-5585-49b8-8573-cdf00e5f0a95,bf160f4f-f825-4fcc-8065-ab2a350dda6a,19029198-a324-49aa-b766-5f8e878765cf","301817339,301745363"
"MERCURY PUBLIC AFFAIRS, LLC",AITEO GROUP,2024,Q2,200000.0,100000.0,100000.0,"b9082fbb-9397-4255-8424-b739b15c57ab,105812f5-4ce5-4cee-b159-eb03c92c6a7e,f85e819d-39f4-4cdb-9ba3-47a222d401b0","301587302,301587293"
"CORNERSTONE GOVERNMENT AFFAIRS, INC.",RTI INTERNATIONAL,2025,Q3,160000.0,60000.0,100000.0,"038bd254-2f3f-4be2-a7a9-80f44340bc93,efb7595d-d798-4733-8dc7-35b30cc861a6,f3addf3d-1ab2-44bc-9bb7-dea9e468a466",301782338
