canonical_name,total_income,n_mentions,n_distinct_members,most_recent_mention,income_millions
"QUALCOMM INCORPORATED",27600000.0,13,10,2026-01-08,27.6
"ALTRIA CLIENT SERVICES, LLC",19711500.0,9,6,2026-03-13,19.71
"COMCAST CORPORATION",19306000.0,39,23,2026-02-02,19.31
"PHARMACEUTICAL RESEARCH AND MANUFACTURERS OF AMERICA",17957500.0,31,17,2026-02-15,17.96
"MICROSOFT CORPORATION",15740000.0,195,108,2026-03-28,15.74
"AMGEN, INC.",14654000.0,18,13,2026-03-13,14.65
"T-MOBILE USA, INC.",14646000.0,82,29,2026-03-03,14.65
"GENERAL DYNAMICS CORPORATION",14050000.0,89,30,2026-03-22,14.05
"AMERICAN AIRLINES INC (FORMERLY REPORTED AS ""AMERICAN AIRLINES"")",13935000.0,165,67,2026-03-26,13.94
"RAI SERVICES COMPANY (FORMERLY KNOWN AS REYNOLDS AMERICAN)",13785120.0,6,6,2026-02-26,13.79
"AMERICAN ISRAEL PUBLIC AFFAIRS COMMITTEE",13708749.0,62,36,2026-02-23,13.71
"GILEAD SCIENCES, INC.",13645000.0,5,5,2026-03-13,13.64
"AT&T SERVICES, INC (FORMERLY SBC COMMUNICATIONS, INC.)",13402500.0,138,57,2026-03-03,13.4
"GENENTECH, INC.",12790000.0,6,6,2026-03-13,12.79
"PFIZER, INC.",12365000.0,47,25,2026-03-25,12.37
"JOHNSON & JOHNSON SERVICES, INC.",12170000.0,48,39,2026-03-25,12.17
"GILA RIVER INDIAN COMMUNITY",11980000.0,7,4,2025-03-25,11.98
"UNITEDHEALTH GROUP, INC.",11940000.0,112,40,2026-01-27,11.94
"GENERAL MOTORS COMPANY",11710000.0,160,63,2026-02-18,11.71
"WALMART INC.",11675000.0,157,86,2026-03-24,11.68
"ILLUMINA, INC.",11275000.0,5,5,2023-06-15,11.28
"PHRMA INC.",11016050.0,30,16,2026-02-15,11.02
"NATIONAL ASSOCIATION OF BROADCASTERS",10470000.0,45,30,2025-12-10,10.47
"FEDEX CORPORATION",10340000.0,45,26,2026-03-19,10.34
"INTUIT, INC. AND AFFILIATES (FORMERLY INTUIT, INC.)",9785000.0,28,14,2026-02-26,9.79
"NEXTERA ENERGY, INC.",9558000.0,6,6,2025-10-31,9.56
"LIGADO NETWORKS, LLC",9454500.0,6,3,2025-07-01,9.45
"ANHEUSER-BUSCH COMPANIES, INC.",9250000.0,10,6,2025-04-10,9.25
"PALANTIR TECHNOLOGIES, INC.",9233000.0,28,21,2026-03-24,9.23
"PHARMACEUTICAL RESEARCH AND MANUFACTURERS OF AMERICA (PHRMA)",9176250.0,30,16,2026-02-15,9.18
"NOVO NORDISK, INC.",9110000.0,37,20,2026-03-13,9.11
"VERIZON COMMUNICATIONS, INC.",8900000.0,113,47,2026-03-24,8.9
"THE BLACKSTONE GROUP, INC.",8880000.0,52,14,2026-01-01,8.88
"HONEYWELL INTERNATIONAL, INC.",8832000.0,8,8,2026-02-27,8.83
"KOCH GOVERNMENT AFFAIRS (FORMERLY KOCH COMPANIES PUBLIC SECTOR, LLC)",8590000.0,41,29,2026-03-27,8.59
"NOVARTIS CORPORATION",8385000.0,10,7,2026-03-13,8.38
"ELI LILLY AND COMPANY",8350000.0,105,66,2026-03-17,8.35
"NCTA - THE INTERNET & TELEVISION ASSOCIATION (FKA NAT'L CABLE & TELECOM ASSOC.)",8200000.0,34,17,2025-12-02,8.2
"SAP AMERICA, INC.",8160000.0,36,26,2026-02-10,8.16
"ABBVIE, INC.",8100000.0,7,7,2026-03-13,8.1
"THE BOEING COMPANY",8020000.0,223,82,2026-03-25,8.02
"LOCKHEED MARTIN CORPORATION",7847000.0,78,34,2026-03-11,7.85
"BAYER CORPORATION (FORMERLY KNOWN AS MONSANTO COMPANY)",7575000.0,19,15,2026-03-09,7.58
"UNITED LAUNCH ALLIANCE, LLC",7500000.0,12,7,2026-02-27,7.5
"CTIA - THE WIRELESS ASSOCIATION",7497500.0,40,24,2025-11-21,7.5
"NIPPON STEEL CORPORATION",7410000.0,38,19,2025-09-02,7.41
"TENCENT AMERICA, LLC",7250000.0,8,8,2026-03-23,7.25
"ALKERMES, INC.",7165000.0,1,1,2025-05-22,7.17
"GLAXOSMITHKLINE, INC.",7110000.0,24,6,2026-03-16,7.11
"AMAZON.COM SERVICES, INC.",6960000.0,321,136,2026-03-31,6.96
"TIKTOK INC.",6890000.0,544,201,2026-03-31,6.89
"CORECIVIC (FORMERLY CCA OF TENNESSEE)",6874000.0,48,23,2026-03-30,6.87
"BLACKROCK FUNDS SERVICES GROUP LLC (FORMERLY BLACKROCK CAPITAL MANAGEMENT INC.)",6870000.0,38,21,2026-01-23,6.87
"HANWHA Q CELLS AMERICA INC.",6840000.0,0,0,,6.84
"COINBASE, INC.",6815000.0,18,14,2026-02-02,6.82
"RELX, INC.",6640000.0,0,0,,6.64
"VALERO ENERGY CORPORATION",6560000.0,6,6,2026-01-28,6.56
"IHEARTMEDIA, INC.",6388750.0,3,3,2025-03-04,6.39
"PEPSICO, INC.",6320000.0,23,15,2026-03-30,6.32
"FORD MOTOR COMPANY, INC.",6310000.0,26,18,2025-07-24,6.31
"FRESENIUS MEDICAL CARE NORTH AMERICA (FKA FRESENIUS MEDICAL CARE)",6150000.0,10,9,2025-12-08,6.15
"DAVITA, INC.",6140000.0,39,12,2026-03-17,6.14
"MICRON TECHNOLOGY, INC.",6130000.0,122,24,2026-02-19,6.13
"WALGREEN COMPANY",6125000.0,41,29,2025-05-02,6.13
"CISCO SYSTEMS, INC.",6090000.0,14,11,2025-11-01,6.09
"ALIBABA GROUP HOLDING LIMITED",6080000.0,15,12,2026-01-09,6.08
"CVS HEALTH INC",5995000.0,84,43,2026-01-27,6.0
"ENTERGY SERVICES, LLC",5950000.0,31,14,2026-03-16,5.95
"VERIZON COMMUNICATIONS INC. AND VARIOUS SUBSIDIARIES",5935000.0,113,47,2026-03-24,5.93
"INTEL CORPORATION",5910000.0,263,96,2026-03-18,5.91
"MERCK & COMPANY, INC.",5880000.0,38,23,2026-03-13,5.88
"UBER TECHNOLOGIES, INC.",5772500.0,103,67,2026-03-31,5.77
"UNITED STATES STEEL CORPORATION",5680000.0,83,34,2026-03-31,5.68
"CENCORA, INC. (FORMERLY AMERISOURCEBERGEN CORPORATION)",5615000.0,6,4,2025-05-02,5.62
"THE BUSINESS ROUNDTABLE, INC.",5580000.0,78,43,2026-02-18,5.58
"CENTENE CORPORATION",5545000.0,20,11,2025-07-17,5.54
"CITIGROUP WASHINGTON, INC.",5500000.0,42,27,2026-03-13,5.5
"FLUOR CORPORATION",5477500.0,2,2,2024-05-08,5.48
"AMERICAN MARITIME PARTNERSHIP",5450000.0,6,5,2025-05-09,5.45
"PRUDENTIAL FINANCIAL, INC.",5448000.0,53,34,2026-02-27,5.45
"BP AMERICA, INC.",5423750.0,64,43,2026-03-31,5.42
"ABBOTT LABORATORIES",5390000.0,19,14,2025-11-13,5.39
"AARP, INC.",5377158.0,334,141,2026-03-26,5.38
"NATIONAL FOOTBALL LEAGUE",5360000.0,139,79,2026-03-27,5.36
"BROADCOM CORPORATION",5350000.0,7,4,2026-02-02,5.35
"EMERGENT BIOSOLUTIONS INC.",5340000.0,3,3,2025-11-03,5.34
"AMERICAN CLEAN POWER ASSOCIATION",5330000.0,31,22,2026-02-04,5.33
"OMNITRAX, INC.",5310000.0,2,2,2024-10-29,5.31
"DJI TECHNOLOGY INCORPORATED",5307500.0,27,12,2025-12-18,5.31
"SAMSUNG ELECTRONICS AMERICA, INC.",5300000.0,19,12,2026-02-23,5.3
"OMEROS CORPORATION",5290000.0,0,0,,5.29
"NORD STREAM 2 AG",5260000.0,103,46,2026-03-30,5.26
"S&P GLOBAL INC (FORMERLY MCGRAW HILL FINANCIAL)",5235000.0,70,43,2026-01-15,5.24
"AXON ENTERPRISE, INC.",5183250.0,21,15,2026-02-12,5.18
"PWC US GROUP LLP (FORMERLY PRICEWATERHOUSECOOPERS LLP)",5150000.0,4,4,2025-08-07,5.15
"BLUE CROSS BLUE SHIELD ASSOCIATION",5137500.0,25,22,2025-12-18,5.14
"GOTION, INC.",5115000.0,65,8,2026-01-30,5.12
"DELL TECHNOLOGIES, INC.",5110000.0,27,20,2026-03-26,5.11
"OCCIDENTAL PETROLEUM CORPORATION",5100000.0,8,7,2024-07-09,5.1
"BROWN-FORMAN CORPORATION",5095000.0,4,3,2025-02-14,5.09
"SHEIN TECHNOLOGY LLC",5050000.0,13,11,2026-01-09,5.05
"NATIONAL CABLE AND TELECOMMUNICATIONS ASSOCIATION",5050000.0,34,17,2025-12-02,5.05
"ACCENTURE, LLP",5040000.0,6,6,2025-12-11,5.04
"ELEVANCE HEALTH, INC. (FORMERLY REPORTED AS ANTHEM, INC.)",5027500.0,83,57,2026-02-19,5.03
"PERNOD RICARD USA., LLC",4930000.0,0,0,,4.93
"LIVE NATION ENTERTAINMENT, INC.",4910000.0,56,26,2026-03-23,4.91
"ASTELLAS PHARMA US, INC.",4890000.0,3,3,2025-08-25,4.89
"RECORDING INDUSTRY ASSOCIATION OF AMERICA INC",4890000.0,49,23,2026-01-22,4.89
"BLOOM ENERGY CORPORATION",4860000.0,1,1,2023-10-13,4.86
"SANOFI US SERVICES INC (FORMERLY KNOWN AS GENZYME CORPORATION)",4850000.0,27,18,2026-03-13,4.85
"BLUE ORIGIN, LLC",4815000.0,20,14,2025-09-23,4.82
"SPACE EXPLORATION TECHNOLOGIES CORPORATION",4790000.0,116,61,2026-02-10,4.79
"AMGEN USA, INC.",4770000.0,18,13,2026-03-13,4.77
"VISA, INC.",4770000.0,1149,291,2026-03-31,4.77
"EMD SERONO, INC.",4730000.0,3,2,2025-10-17,4.73
"LIBERTY MUTUAL GROUP INC.",4730000.0,4,4,2025-05-18,4.73
"NORFOLK SOUTHERN CORPORATION",4714000.0,199,55,2026-03-25,4.71
"GENERAL ATOMICS",4620000.0,25,6,2025-03-20,4.62
"AMAZON WEB SERVICES, INC.",4620000.0,29,21,2026-03-26,4.62
"AMERICA'S HEALTH INSURANCE PLANS (AHIP)",4600000.0,3,3,2026-03-31,4.6
CONOCOPHILLIPS,4590000.0,42,15,2026-01-28,4.59
"NISSAN NORTH AMERICA, INC.",4570000.0,10,9,2024-12-20,4.57
"LEIDOS, INC.",4552500.0,6,6,2026-03-24,4.55
"THE WALT DISNEY CORPORATION",4542167.0,68,37,2026-03-02,4.54
"ATHENE HOLDING",4540000.0,1,1,2024-04-30,4.54
"WELLS FARGO & COMPANY",4532000.0,60,25,2025-12-11,4.53
"DOORDASH, INC.",4515000.0,28,19,2026-03-26,4.51
"KOREA ZINC COMPANY, LTD.",4490000.0,3,2,2026-02-04,4.49
T-MOBILE,4490000.0,82,29,2026-03-03,4.49
"ARGENTEM CREEK PARTNERS LP",4470000.0,0,0,,4.47
"CTIA-THE WIRELESS ASSOCIATION",4466000.0,40,24,2025-11-21,4.47
"AMERICAN OPTOMETRIC ASSOCIATION",4415500.0,12,10,2025-08-27,4.42
"LAS VEGAS SANDS CORPORATION",4342500.0,117,41,2026-03-24,4.34
"ARDELYX, INC.",4340000.0,6,4,2026-03-17,4.34
"JUUL LABS, INC.",4324000.0,25,13,2025-08-02,4.32
"HUMANA, INC.",4320000.0,53,29,2026-02-25,4.32
"APPLIED MATERIALS, INC.",4300000.0,16,4,2025-07-25,4.3
"AMERICAN PROPERTY CASUALTY INSURANCE ASSOCIATION",4295000.0,48,31,2026-02-11,4.29
"SALESFORCE.COM, INC.",4250000.0,25,20,2026-02-19,4.25
"PHARMACEUTICAL RESEARCH & MANUFACTURERS OF AMERICA INC",4250000.0,30,16,2026-02-15,4.25
"NEUROCRINE BIOSCIENCES, INC.",4140000.0,0,0,,4.14
"3M COMPANY",4140000.0,82,44,2026-03-25,4.14
"ACCENTURE FEDERAL SERVICES LLC",4120000.0,2,2,2024-09-18,4.12
"NUCLEAR ENERGY INSTITUTE, INC.",4120000.0,21,11,2026-02-18,4.12
"TOYOTA MOTOR NORTH AMERICA, INC.",4110000.0,3,2,2025-04-22,4.11
"TAKEDA PHARMACEUTICALS AMERICA, INC.",4100000.0,1,1,2025-05-22,4.1
"ALNYLAM PHARMACEUTICALS, INC.",4080000.0,1,1,2025-05-22,4.08
"AMAZON.COM, INC.",4050000.0,0,0,,4.05
"AFLAC INCORPORATED",4048500.0,0,0,,4.05
"CARGILL, INCORPORATED",4040000.0,23,21,2025-07-29,4.04
"CIGNA CORPORATION",4020000.0,37,26,2026-01-27,4.02
"AMAZON CORPORATE, LLC",4000000.0,0,0,,4.0
"MASTERCARD (FORMERLY FINICITY)",3992500.0,51,27,2026-03-12,3.99
"INVENERGY, LLC",3990000.0,11,6,2025-08-11,3.99
"VIASAT, INC.",3950000.0,0,0,,3.95
"PITNEY BOWES",3950000.0,1,1,2022-02-08,3.95
"TENET HEALTHCARE CORPORATION",3943000.0,1,1,2022-06-30,3.94
"ANT GROUP COMPANY LTD,",3940000.0,0,0,,3.94
"VIATRIS INC.",3920000.0,1,1,2023-09-27,3.92
"NATIONAL CONFECTIONERS ASSOCIATION",3890000.0,2,2,2025-04-03,3.89
"GE AEROSPACE",3890000.0,7,7,2025-08-19,3.89
"AMERICA'S HEALTH INSURANCE PLANS, INC.",3880000.0,15,12,2026-03-31,3.88
SPACEX,3870000.0,114,59,2026-02-10,3.87
"UNIVERSITY OF PHOENIX, INC.",3860000.0,9,8,2025-09-19,3.86
"NATIONAL MINING ASSOCIATION",3855000.0,94,47,2026-03-03,3.85
"T-MOBILE US, INC.",3840000.0,82,29,2026-03-03,3.84
"INTERDIGITAL, INC.",3806000.0,1,1,2023-05-12,3.81
"DELTA AIRLINES, INC.",3800000.0,52,35,2026-01-09,3.8
"MCWANE, INC.",3790000.0,3,2,2026-02-12,3.79
"BIOGEN, INC.",3760000.0,4,3,2025-11-19,3.76
"AMERICAN SOCIETY OF MECHANICAL ENGINEERS",3760000.0,5,4,2025-04-03,3.76
"SERVICENOW, INC.",3730000.0,0,0,,3.73
"SK HYNIX AMERICA, INC.",3730000.0,8,2,2025-02-14,3.73
NAREIT,3720000.0,5,5,2026-02-09,3.72
"BAXTER HEALTHCARE CORPORATION",3700000.0,42,32,2026-03-17,3.7
"EVERYTOWN FOR GUN SAFETY ACTION FUND",3695000.0,260,92,2026-03-05,3.69
"MCKINSEY & COMPANY",3690000.0,33,14,2026-03-13,3.69
"FORIS DAX, INC. D/B/A CRYPTO.COM",3675000.0,5,5,2026-03-23,3.67
"AIRBUS AMERICAS, INC. (FORMERLY KNOWN AS AIRBUS GROUP, INC.)",3650000.0,7,7,2025-06-05,3.65
"ALBERTSONS COMPANIES, INC.",3640000.0,53,24,2025-11-07,3.64
"DELOITTE LLP",3630000.0,17,13,2025-10-17,3.63
"EXXON MOBIL CORPORATION",3620000.0,105,54,2026-03-25,3.62
"BOEING COMPANY",3620000.0,223,82,2026-03-25,3.62
"EQUIFAX, INC.",3615000.0,16,7,2026-02-03,3.62
"FIRST QUANTUM MINERALS LTD.",3610000.0,3,3,2025-11-19,3.61
"THE HOME DEPOT, INC.",3610000.0,59,29,2026-03-17,3.61
"TEXTRON, INC.",3600000.0,21,11,2025-10-28,3.6
"CRUISE LINES INTERNATIONAL ASSOCIATION, INC.",3580000.0,4,4,2025-05-28,3.58
"THE DOW CHEMICAL COMPANY",3570000.0,105,64,2026-03-30,3.57
"CERBERUS CAPITAL MANAGEMENT, L.P.",3565000.0,40,10,2025-12-09,3.56
"U.S. SUGAR CORPORATION",3560000.0,0,0,,3.56
"SHIELD AI, INC.",3550000.0,2,2,2024-09-16,3.55
"CORNING INCORPORATED",3550000.0,83,9,2026-02-24,3.55
"NIKE, INC.",3535000.0,11,9,2026-03-16,3.54
"EDWARD D. JONES & CO., L.P.",3530000.0,12,9,2025-12-10,3.53
"ZTE CORPORATION",3530000.0,48,25,2025-09-11,3.53
"HEWLETT PACKARD ENTERPRISE COMPANY",3520000.0,14,6,2026-03-20,3.52
"BAYER U.S., LLC",3505000.0,17,13,2026-03-09,3.5
"WACKER POLYSILICON NORTH AMERICA LLC",3490000.0,7,5,2025-11-27,3.49
"MCDONALD'S CORPORATION",3480000.0,33,24,2026-03-31,3.48
"AIR METHODS CORPORATION",3478500.0,7,7,2025-10-21,3.48
"1-800 CONTACTS, INC.",3475000.0,0,0,,3.48
"NASDAQ, INC.",3470000.0,27,22,2026-03-26,3.47
"NATIONAL ASSOCIATION OF COMMUNITY HEALTH CENTERS, INC.",3470000.0,67,42,2026-02-20,3.47
"AON SERVICE CORPORATION (FKA AON HEWITT)",3460000.0,3,3,2025-07-30,3.46
"INCYTE CORPORATION",3440000.0,1,1,2025-05-22,3.44
"THE GOLDMAN SACHS GROUP, INC.",3440000.0,1729,261,2026-03-31,3.44
"THE CHEMOURS COMPANY",3430000.0,9,8,2026-02-09,3.43
"SIEMENS CORPORATION",3420000.0,13,10,2026-03-02,3.42
"FAIR ISAAC CORPORATION (DBA FICO)",3420000.0,20,14,2026-03-23,3.42
"CAPITAL ONE FINANCIAL CORPORATION",3416000.0,45,22,2026-03-25,3.42
COBANK,3410000.0,13,11,2026-01-07,3.41
"ALEXION PHARMACEUTICALS, INC.",3390000.0,1,1,2025-05-22,3.39
"PHLOW CORPORATION",3385000.0,9,6,2025-06-26,3.38
"OTSUKA AMERICA PHARMACEUTICAL, INC.",3380000.0,1,1,2023-10-19,3.38
"AMERICAN HOTEL & LODGING ASSOCIATION",3380000.0,30,21,2026-03-27,3.38
"FINCANTIERI MARINE GROUP LLC",3360000.0,9,4,2025-12-19,3.36
"BOOZ ALLEN HAMILTON, INC.",3340000.0,9,8,2025-10-24,3.34
"HYUNDAI MOTOR COMPANY, LTD.",3320000.0,55,33,2025-12-23,3.32
"PAYPAL, INC.",3310500.0,43,34,2026-02-02,3.31
"DIRECTV, LLC",3310000.0,11,5,2025-12-02,3.31
"LIFEPOINT HEALTH",3290000.0,9,7,2026-03-26,3.29
"SIEMENS HEALTHINEERS (FKA VARIAN MEDICAL SYSTEMS, INC.)",3280000.0,4,4,2025-05-19,3.28
"NATIONAL AIR TRAFFIC CONTROLLERS ASSOCIATION",3270000.0,62,34,2026-03-06,3.27
"EBAY, INC.",3260000.0,28,18,2026-01-09,3.26
"COW CREEK BAND OF UMPQUA TRIBE OF INDIANS",3247000.0,6,3,2024-12-10,3.25
"HUNTINGTON INGALLS INDUSTRIES, INC. (FKA HUNTINGTON INGALLS INCORPORATED)",3247000.0,26,14,2026-03-22,3.25
"FERRING PHARMACEUTICALS, INC.",3246000.0,1,1,2025-07-23,3.25
"UNITED SERVICES AUTOMOBILE ASSOCIATION",3240000.0,14,11,2025-12-15,3.24
"QUEST DIAGNOSTICS INCORPORATED",3230000.0,1,1,2025-12-22,3.23
"LYFT, INC.",3230000.0,28,20,2026-03-26,3.23
"NATIONAL RURAL ELECTRIC COOPERATIVE ASSOCIATION",3220000.0,61,46,2026-02-20,3.22
"ASTRANIS SPACE TECHNOLOGIES, INC.",3200000.0,0,0,,3.2
"YOCHA DEHE WINTUN NATION",3200000.0,11,2,2025-04-14,3.2
"NATIONAL RETAIL FEDERATION",3200000.0,105,47,2026-03-05,3.2
"GENERAL ELECTRIC COMPANY (FKA GE AVIATION)",3193000.0,6,4,2024-04-11,3.19
"NATIONAL ELECTRICAL MANUFACTURERS ASSOCIATION",3190000.0,36,30,2026-03-24,3.19
"BAE SYSTEMS, INC.",3185000.0,37,15,2026-03-23,3.19
"CSX CORPORATION",3178000.0,94,33,2025-12-23,3.18
"BEIJING XIAOMI MOBILE SOFTWARE CO., LTD (FKA EDWARD B. MACMAHON, JR., PLC)",3160000.0,1,1,2025-06-09,3.16
"MASS GENERAL BRIGHAM (FORMERLY KNOWN AS PARTNERS HEALTHCARE)",3135000.0,9,9,2026-03-24,3.13
"GENERAL ATOMICS AERONAUTICAL SYSTEMS, INC.",3115000.0,25,6,2025-03-20,3.12
"MOTOROLA SOLUTIONS, INC.",3100000.0,10,9,2026-01-30,3.1
"ASML US, LLC",3090000.0,6,3,2026-03-19,3.09
"THERMO FISHER SCIENTIFIC INC",3090000.0,6,6,2025-01-15,3.09
SOUNDEXCHANGE,3090000.0,9,7,2026-01-22,3.09
"GOLDMAN SACHS GROUP INC",3060000.0,47,32,2026-03-27,3.06
"GREATER NEW YORK HOSPITAL ASSOCIATION (FORMERLY GNYHA MANAGEMENT CORPORATION)",3055000.0,30,16,2026-03-17,3.06
"TOBACCO-FREE KIDS ACTION FUND",3050000.0,25,15,2026-03-27,3.05
"HOLOGIC, INC.",3040000.0,4,3,2025-07-17,3.04
"COMPUTER & COMMUNICATIONS INDUSTRY ASSOCIATION",3040000.0,26,15,2025-12-15,3.04
"BRISTOL-MYERS SQUIBB COMPANY",3020000.0,17,14,2026-03-13,3.02
"NETFLIX, INC.",3020000.0,50,28,2026-03-23,3.02
"INDIVIOR, INC.",3010000.0,5,2,2025-04-03,3.01
"CAESARS ENTERPRISE SERVICES, LLC",3000000.0,1,1,2024-03-19,3.0
"MAPLEBEAR INC. D/B/A INSTACART",3000000.0,8,7,2026-02-10,3.0
"UNITED PARCEL SERVICE",3000000.0,12,7,2024-10-10,3.0
"BOEHRINGER INGELHEIM PHARMACEUTICALS, INC.",2990000.0,19,9,2026-03-13,2.99
"BLACKSTONE ADMINISTRATIVE SERVICES PARTNERSHIP L.P.",2990000.0,52,14,2026-01-01,2.99
"EXELON CORPORATION",2980000.0,11,8,2026-02-26,2.98
"RIO TINTO SERVICES, INC.",2978000.0,11,4,2026-03-17,2.98
"WOOLPERT CORPORATION",2975000.0,1,1,2025-03-11,2.98
"SOUTH COAST AIR QUALITY MANAGEMENT DISTRICT",2974000.0,14,7,2025-04-23,2.97
"CBOE GLOBAL MARKETS, INC.",2970000.0,0,0,,2.97
"CONSTELLATION BRANDS, INC.",2970000.0,0,0,,2.97
"SAMSUNG SEMICONDUCTOR, INC.",2955000.0,0,0,,2.96
"LIBERTY MARITIME CORPORATION",2950000.0,2,2,2024-12-19,2.95
"EXELIXIS, INC.",2930000.0,0,0,,2.93
"ALDEN TORCH FINANCIAL, LLC",2920000.0,0,0,,2.92
"AIR PRODUCTS AND CHEMICALS, INC.",2910000.0,7,3,2025-06-16,2.91
"CROWDSTRIKE, INC.",2910000.0,7,6,2025-03-10,2.91
"LAND O'LAKES, INC.",2900000.0,12,9,2025-02-21,2.9
"LOS ANGELES ORGANIZING COMMITTEE FOR THE OLYMPIC AND PARALYMPIC GAMES 2028",2900000.0,15,10,2026-02-20,2.9
"LABORATORY CORPORATION OF AMERICA HOLDINGS",2890000.0,4,4,2025-12-22,2.89
"TEVA PHARMACEUTICALS USA, INC.",2880000.0,12,4,2025-04-10,2.88
"CNX RESOURCES CORPORATION",2875000.0,3,1,2024-07-26,2.88
"BNSF RAILWAY COMPANY",2875000.0,83,30,2026-01-16,2.88
"SOUTHWEST RESEARCH INSTITUTE",2865000.0,5,3,2024-07-08,2.87
"CSL BEHRING LLC",2850000.0,0,0,,2.85
"EASTMAN CHEMICAL COMPANY",2845000.0,27,16,2026-01-20,2.85
"CACI INTERNATIONAL, INC.",2840000.0,1,1,2024-05-10,2.84
"ORSTED NORTH AMERICA, INC.",2840000.0,40,17,2026-03-14,2.84
"TE CONNECTIVITY, INC.",2820000.0,0,0,,2.82
"SOLAR ENERGY INDUSTRIES ASSOCIATION",2820000.0,33,20,2026-03-02,2.82
"TC ENERGY CORPORATION",2815000.0,17,7,2026-02-14,2.81
"AMERICAN COLLEGE OF CLINICAL PHARMACY",2810000.0,4,4,2025-03-28,2.81
"PALO ALTO NETWORKS, INC.",2810000.0,5,4,2025-08-01,2.81
"AMERICAN GAMING ASSOCIATION",2810000.0,14,6,2026-03-27,2.81
"ID.ME, INC.",2800000.0,0,0,,2.8
"STARBUCKS CORPORATION",2779000.0,46,34,2026-03-12,2.78
"LIBERTY MEDIA CORPORATION",2770000.0,1,1,2022-05-04,2.77
"ASTRAZENECA PHARMACEUTICALS LP",2770000.0,29,17,2026-03-13,2.77
"SAFE PORT TERMINALS, LLC",2760000.0,0,0,,2.76
"INVESCO HOLDING COMPANY (US), INC.",2760000.0,1,1,2025-05-15,2.76
"AVA LABS, INC.",2758000.0,48,38,2026-02-12,2.76
"COUPANG, INC.",2755000.0,0,0,,2.75
"AMERICAN TOWER CORPORATION",2751000.0,0,0,,2.75
"CARLYLE INVESTMENT MANAGEMENT L.L.C",2750000.0,15,10,2026-03-26,2.75
"BINANCE HOLDINGS LIMITED",2750000.0,42,21,2026-03-19,2.75
"SYNOPSYS, INC.",2720000.0,1,1,2025-12-11,2.72
"MEDLINE INDUSTRIES, L.P. (FORMERLY MEDLINE INDUSTRIES, INC.)",2720000.0,3,3,2026-03-13,2.72
"ADVANCED MEDICAL TECHNOLOGY ASSOCIATION (ADVAMED)",2720000.0,8,7,2025-09-17,2.72
"AMERICAN HONDA MOTOR CO INC (FORMERLY HONDA NORTH AMERICA)",2710000.0,3,3,2025-02-25,2.71
"TRIMBLE INC.",2710000.0,12,10,2026-02-27,2.71
"ALASKA AIRLINES, INC.",2702750.0,50,22,2026-03-23,2.7
"WAYMO LLC",2690000.0,9,8,2026-03-31,2.69
"AUSTAL USA",2690000.0,17,9,2025-12-12,2.69
"OWENS & MINOR, INC.",2680000.0,1,1,2022-11-07,2.68
"SKYDIO, INC.",2670000.0,1,1,2024-09-16,2.67
"PLUG POWER, INC.",2670000.0,17,3,2025-06-16,2.67
"CALPINE CORPORATION",2660000.0,0,0,,2.66
"REGENERON PHARMACEUTICALS, INC.",2660000.0,10,9,2026-02-16,2.66
"ALZHEIMER'S ASSOCIATION",2660000.0,110,42,2026-03-25,2.66
"NEW INDY CATAWBA LLC",2650000.0,1,1,2022-05-09,2.65
"ANDURIL INDUSTRIES, INC.",2650000.0,18,11,2026-03-24,2.65
"SINCLAIR BROADCAST GROUP, INC.",2650000.0,29,17,2026-02-26,2.65
"NVIDIA CORPORATION",2630000.0,60,33,2026-03-23,2.63
"CROWLEY MARITIME CORPORATION",2615000.0,0,0,,2.62
"SKINCURE ONCOLOGY, LLC",2615000.0,0,0,,2.62
"SEMPRA ENERGY",2615000.0,7,5,2024-09-27,2.62
"THRIVENT FINANCIAL FOR LUTHERANS",2610000.0,2,2,2025-08-26,2.61
"THE CARLYLE GROUP",2610000.0,15,10,2026-03-26,2.61
VERIZON,2605000.0,113,47,2026-03-24,2.6
"MATERION BRUSH INC.",2600000.0,0,0,,2.6
"SECURITIES INDUSTRY AND FINANCIAL MARKETS ASSOCIATION (SIFMA)",2600000.0,16,13,2025-12-17,2.6
"ETSY, INC.",2600000.0,27,18,2026-02-04,2.6
"CORN REFINERS ASSOCIATION",2590000.0,16,11,2026-03-31,2.59
"BERKSHIRE HATHAWAY ENERGY",2590000.0,17,11,2025-10-21,2.59
"HACKENSACK MERIDIAN HEALTH",2589000.0,8,4,2025-01-31,2.59
"SUNRUN, INC.",2580000.0,5,3,2026-02-13,2.58
"DIAGEO NORTH AMERICA, INC.",2575000.0,3,2,2025-09-05,2.58
"DEFI EDUCATION FUND",2560000.0,6,2,2025-07-17,2.56
"TESLA, INC.",2555162.0,138,68,2026-03-31,2.56
"DRAFTKINGS INC.",2555000.0,4,4,2026-03-30,2.56
"ROCHE DIAGNOSTICS CORPORATION, INC.",2550996.05,11,10,2025-02-21,2.55
"TENET BUSINESS SERVICES CORPORATION",2550000.0,0,0,,2.55
"TSMC ARIZONA",2550000.0,14,9,2026-02-10,2.55
"AGUSTAWESTLAND PHILADELPHIA CORPORATION",2530000.0,0,0,,2.53
"PHARMACEUTICAL CARE MANAGEMENT ASSOCIATION (PCMA)",2520000.0,3,3,2025-05-13,2.52
"JBS USA FOOD COMPANY",2520000.0,26,19,2026-03-12,2.52
"JBS USA",2512000.0,26,19,2026-03-12,2.51
"PHILLIPS 66 COMPANY",2510000.0,2,2,2026-01-28,2.51
"CATERPILLAR INC",2510000.0,7,7,2026-03-26,2.51
"SERVICE EMPLOYEES INTERNATIONAL UNION",2510000.0,439,139,2026-03-26,2.51
"INNOVAS INDIANA, LLC",2500000.0,0,0,,2.5
"PARKER HANNIFIN CORPORATION",2500000.0,2,2,2025-09-02,2.5
"AVANGRID, INC.",2500000.0,6,4,2026-02-20,2.5
"COGNIZANT TECHNOLOGY SOLUTIONS",2500000.0,36,34,2026-03-23,2.5
"RAJANT CORPORATION",2495000.0,2,1,2023-09-15,2.5
"MOLSON COORS BEVERAGE COMPANY USA LLC (FORMERLY KNOWN AS MILLERCOORS LLC)",2495000.0,3266,378,2026-03-31,2.5
"NEW YORK LIFE INSURANCE COMPANY",2490000.0,3,3,2025-08-14,2.49
"EXELON BUSINESS SERVICES LLC (FORMERLY KNOWN AS CONSTELLATION ENERGY GROUP)",2490000.0,11,8,2026-02-26,2.49
"ALLISON TRANSMISSION INCORPORATED",2480000.0,2,1,2024-03-23,2.48
"CORTEVA AGRISCIENCE LLC (FKA CORTEVA AGRISCIENCE)",2480000.0,12,9,2026-02-19,2.48
"KIMBERLY-CLARK CORPORATION",2465000.0,9,7,2026-03-25,2.46
"SYNCHRONY FINANCIAL",2460000.0,4,3,2026-03-16,2.46
"WESTERN UNION COMPANY",2451000.0,2,2,2025-04-30,2.45
"ERICSSON INC.",2450000.0,8,5,2025-07-17,2.45
"TWIN METALS MINNESOTA LLC",2450000.0,25,9,2026-02-17,2.45
"THE COCA COLA COMPANY",2440000.0,49,35,2026-03-30,2.44
"SIDECAR HEALTH, INC.",2422500.0,0,0,,2.42
"NEXTNAV, LLC",2420000.0,0,0,,2.42
"BATTELLE MEMORIAL INSTITUTE",2420000.0,5,4,2025-10-08,2.42
"NOKIA OF AMERICA CORPORATION (FORMERLY KNOWN AS ALCATEL-LUCENT USA INC.)",2420000.0,11,6,2026-02-25,2.42
"TRANSCANADA PIPELINES USA LTD",2400000.0,17,7,2026-02-14,2.4
"REWORLD (F/K/A COVANTA ENERGY CORPORATION)",2390000.0,0,0,,2.39
"H-E-B GROCERY COMPANY, LP",2380000.0,3,3,2026-01-29,2.38
"PACIFIC GAS AND ELECTRIC COMPANY (FORMERLY PG&E CORPORATION)",2375000.0,53,12,2026-03-24,2.38
TIAA,2370000.0,9,7,2025-12-18,2.37
"NORTHROP GRUMMAN CORPORATION",2367500.0,45,23,2026-03-30,2.37
"CHUBB INA HOLDINGS, INC. (FORMERLY ACE INA HOLDINGS, INC.)",2360000.0,2,2,2023-11-02,2.36
"ALLIANT ENERGY CORPORATION",2360000.0,5,5,2025-07-09,2.36
"VENTURE GLOBAL LNG, INC.",2360000.0,16,5,2025-10-22,2.36
"NORTHWELL HEALTH INC (FKA NSLIJ HEALTH SYSTEM)",2350000.0,12,8,2025-06-12,2.35
"MATSON NAVIGATION COMPANY, INC.",2350000.0,24,13,2026-01-08,2.35
"CHICKASAW NATION",2350000.0,34,13,2026-02-06,2.35
"EQUINOR US OPERATIONS LLC",2345000.0,0,0,,2.35
"AMERICAN FIDELITY CORPORATION",2340000.0,2,1,2024-02-01,2.34
"THE KROGER CO.",2340000.0,78,36,2026-03-20,2.34
"NOVA SOUTHEASTERN UNIVERSITY",2330000.0,10,6,2026-01-23,2.33
"STRATOLAUNCH, LLC",2320000.0,9,6,2026-01-30,2.32
"PGA TOUR",2320000.0,30,7,2025-10-14,2.32
"CHENIERE ENERGY, INC.",2310000.0,8,5,2026-02-24,2.31
"MARRIOTT INTERNATIONAL, INC.",2300000.0,8,8,2026-03-20,2.3
"CUMMINS, INC.",2300000.0,22,16,2025-12-05,2.3
"NCTA-THE INTERNET & TELEVISION ASSOCIATION",2300000.0,34,17,2025-12-02,2.3
"FEEDING AMERICA",2300000.0,118,67,2026-02-12,2.3
"FOREST COUNTY POTAWATOMI COMMUNITY",2290000.0,7,3,2026-01-16,2.29
"AMERICAN CLINICAL LABORATORY ASSOCIATION",2290000.0,8,7,2026-02-12,2.29
"CHEVRON U.S.A., INC.",2290000.0,193,104,2026-03-27,2.29
"CAREDX, INC.",2285000.0,0,0,,2.29
"CEMEX, INC.",2285000.0,4,3,2026-03-27,2.29
"BLUE OWL CAPITAL HOLDINGS LLC",2280000.0,0,0,,2.28
"VERISIGN, INC.",2280000.0,0,0,,2.28
"NATIONAL VENTURE CAPITAL ASSOCIATION",2280000.0,11,9,2026-03-03,2.28
"CHARLES SCHWAB & CO., INC.",2280000.0,26,20,2026-02-02,2.28
"NESTE US, INC.",2270000.0,0,0,,2.27
"BLUE SHIELD OF CALIFORNIA",2270000.0,1,1,2023-03-22,2.27
"PPG INDUSTRIES, INC.",2270000.0,5,4,2025-04-01,2.27
NETCHOICE,2267500.0,13,9,2026-02-11,2.27
"VIRTU FINANCIAL, INC.",2265000.0,0,0,,2.27
"MCKESSON CORPORATION",2260000.0,7,5,2025-09-10,2.26
"APTERA MOTORS, INC.",2250000.0,0,0,,2.25
"PORT OF CORPUS CHRISTI AUTHORITY",2250000.0,7,5,2025-12-03,2.25
"REPUBLIC OF INDIA",2250000.0,8,6,2026-01-16,2.25
"SIGA TECHNOLOGIES, INC.",2250000.0,16,9,2026-02-20,2.25
"YELP, INC.",2245250.0,3,3,2023-04-21,2.25
"SELECT MEDICAL CORPORATION",2240000.0,0,0,,2.24
"ZOETIS INC.",2240000.0,0,0,,2.24
"TP-LINK SYSTEMS INC. (FKA TP-LINK GLOBAL INC.)",2240000.0,10,8,2026-02-23,2.24
"KPMG LLP",2240000.0,15,10,2025-12-04,2.24
"AMERICAN LAND TITLE ASSOCIATION",2240000.0,80,37,2026-03-25,2.24
"LOWE'S COMPANIES, INC.,",2230000.0,9,7,2025-05-29,2.23
"BRISTOL MYERS SQUIBB COMPANY",2230000.0,17,14,2026-03-13,2.23
"BALLAD HEALTH",2230000.0,21,11,2026-03-26,2.23
"NATIONAL BUSINESS AVIATION ASSOCIATION INC",2230000.0,35,23,2026-02-26,2.23
TEAMHEALTH,2220000.0,2,2,2025-08-15,2.22
"BLACKSTONE ADMINISTRATIVE SERVICES PARTNERSHIPS L.P.",2220000.0,52,14,2026-01-01,2.22
"HILTON WORLDWIDE",2220000.0,72,46,2026-03-27,2.22
"DAIMLER TRUCKS NORTH AMERICA",2210000.0,1,1,2024-01-18,2.21
"WOLFSPEED, INC. (FORMERLY KNOWN AS CREE, INC.)",2205000.0,67,4,2026-02-10,2.21
"SOUTH FLORIDA ADMIRALTY TRIAL LAWYERS ASSOCIATION",2200000.0,0,0,,2.2
"AIR LIQUIDE USA LLC",2200000.0,1,1,2023-10-13,2.2
"NEWRANGE COPPER NICKEL LLC",2200000.0,2,1,2025-05-02,2.2
"IONQ, INC. (FKA QUBITEKK, INC.)",2200000.0,6,6,2026-01-08,2.2
"GLOBALFOUNDRIES U.S. INC.",2195000.0,76,4,2026-02-10,2.19
AECOM,2190000.0,3,3,2025-10-29,2.19
"PANASONIC CORPORATION OF NORTH AMERICA",2190000.0,19,3,2025-12-22,2.19
"BREAKTHROUGH T1D (FKA JUVENILE DIABETES RESEARCH FOUNDATION INTERNATIONAL)",2190000.0,21,13,2026-03-27,2.19
"INTERNATIONAL FRESH PRODUCE ASSOCIATION",2190000.0,51,36,2026-03-24,2.19
"THE VANGUARD GROUP, INC.",2190000.0,55,33,2026-01-29,2.19
"PYXUS INTERNATIONAL, INC.",2180000.0,0,0,,2.18
"ALLSTATE INSURANCE COMPANY",2180000.0,7,5,2025-08-05,2.18
"AMERICAN COUNCIL OF LIFE INSURERS",2180000.0,30,25,2025-12-18,2.18
"PUERTO RICO FISCAL AGENCY AND FINANCIAL ADVISORY AUTHORITY (AAFAF)",2170000.0,0,0,,2.17
"PARSONS CORPORATION",2170000.0,37,28,2026-02-06,2.17
"COHERUS BIOSCIENCES, INC.",2167500.0,4,3,2025-09-26,2.17
"AIRBNB, INC.",2160000.0,13,9,2026-03-27,2.16
"THE PNC FINANCIAL SERVICES GROUP, INC.",2160000.0,13,9,2025-05-29,2.16
"VISTRA ENERGY CORP (FORMERLY ENERGY FUTURE HOLDINGS)",2152000.0,2,2,2025-06-09,2.15
"AMERICAN CLINICAL LABORATORY ASSOCIATION (ACLA)",2150000.0,3,3,2026-02-12,2.15
"STRYKER CORPORATION",2150000.0,21,13,2026-03-27,2.15
"NORTHROP GRUMMAN SYSTEMS CORPORATION",2150000.0,45,23,2026-03-30,2.15
AIG,2150000.0,105,52,2026-03-24,2.15
"AMERICAN KRATOM ASSOCIATION",2135500.0,0,0,,2.14
"KALSHI, INC.",2135000.0,18,13,2026-03-30,2.13
"AMERICAN CANCER SOCIETY CANCER ACTION NETWORK, INC.",2135000.0,79,42,2026-03-20,2.13
"IBM CORPORATION",2135000.0,134,50,2026-03-11,2.13
"LHC GROUP, INC.",2130000.0,1,1,2025-08-08,2.13
"BOSSIER PARISH POLICE JURY",2125000.0,0,0,,2.13
"CINTAS CORPORATION",2120000.0,2,2,2023-09-20,2.12
"WOODSIDE ENERGY",2120000.0,38,14,2026-02-04,2.12
"340B HEALTH",2113317.0,55,32,2026-02-26,2.11
"PARTNER THERAPEUTICS, INC.",2110000.0,0,0,,2.11
"CRYPTO COUNCIL FOR INNOVATION",2105000.0,13,7,2025-07-17,2.1
"DTEK INTERNATIONAL LIMITED",2100000.0,0,0,,2.1
"CRESCO LABS, INC",2100000.0,3,2,2025-11-24,2.1
IQVIA,2090000.0,2,1,2024-01-18,2.09
"AITEO GROUP",2080000.0,0,0,,2.08
"SAREPTA THERAPEUTICS, INC.",2080000.0,1,1,2026-02-15,2.08
"COALITION FOR 1099-K FAIRNESS",2080000.0,3,2,2025-07-21,2.08
"WESTLAKE CHEMICAL PARTNERS, LP",2070000.0,0,0,,2.07
"WABTEC CORPORATION",2070000.0,16,5,2025-09-23,2.07
"MASTERCARD WORLDWIDE",2064500.0,51,27,2026-03-12,2.06
"PATIENTRIGHTSADVOCATE.ORG INC.",2056500.0,5,4,2026-01-21,2.06
WELLHIVE,2050000.0,0,0,,2.05
"AMERICAN ASSOCIATION FOR HOMECARE (AAHOMECARE)",2040000.0,0,0,,2.04
"CBC NATIONAL BANK MORTGAGE",2040000.0,0,0,,2.04
"ATHENE USA",2040000.0,1,1,2024-04-30,2.04
"IDEMIA IDENTITY & SECURITY USA, LLC (FORMERLY IDEMIA CIVIL IDENTITY NA LLC)",2040000.0,2,2,2025-02-26,2.04
KEIDANREN,2040000.0,2,1,2025-08-25,2.04
"AFRICELL UK LIMITED",2030000.0,0,0,,2.03
"H&R BLOCK MANAGEMENT, LLC",2030000.0,25,14,2026-03-09,2.03
"NATIONAL SHOOTING SPORTS FOUNDATION, INC.",2030000.0,185,69,2026-03-18,2.03
"BLUE OWL CAPITAL INC.",2020000.0,0,0,,2.02
"VMWARE LLC (FORMERLY KNOWN AS VMWARE, INC.)",2020000.0,0,0,,2.02
"LUMEN TECHNOLOGIES (FORMERLY KNOWN AS CENTURYLINK, INC.)",2020000.0,6,6,2025-10-14,2.02
"H&R BLOCK, INC.",2020000.0,25,14,2026-03-09,2.02
"ELANCO ANIMAL HEALTH INCORPORATED",2017500.0,8,4,2026-03-05,2.02
"NATIONAL PORK PRODUCERS COUNCIL",2014000.0,40,25,2025-11-21,2.01
"DANAHER CORPORATION",2010700.0,1,1,2025-06-20,2.01
"BABEL STREET, INC.",2010000.0,0,0,,2.01
"SIERRA PACIFIC INDUSTRIES",2010000.0,0,0,,2.01
"EXPERIAN NORTH AMERICA",2010000.0,8,3,2025-06-17,2.01
"HUNTINGTON INGALLS INCORPORATED",2010000.0,24,13,2026-03-22,2.01
NEWSMAX,2002000.0,135,46,2026-03-26,2.0
KUCOIN,2000000.0,0,0,,2.0
"FIRST SOLAR, INC.",2000000.0,31,11,2025-10-05,2.0
"APPLIED INTUITION, INC.",1980000.0,1,1,2024-09-16,1.98
"CALIFORNIA INSTITUTE OF TECHNOLOGY",1980000.0,17,6,2026-01-23,1.98
"NUCOR CORPORATION",1980000.0,40,23,2026-03-12,1.98
"ASSOCIATION OF AMERICAN MEDICAL COLLEGES",1961250.0,65,41,2026-03-17,1.96
"VANTAGESCORE SOLUTIONS, LLC",1960000.0,5,5,2025-07-16,1.96
"PERPETUA RESOURCES, CORP.",1960000.0,8,6,2025-09-11,1.96
"UNITED STATES TELECOM ASSOCIATION",1952500.0,55,34,2026-01-09,1.95
"MEDTRONIC, INC.",1940000.0,0,0,,1.94
"PLAINS ALL AMERICAN PIPELINE, L.P.",1930000.0,3,1,2025-05-20,1.93
"FISERV INC (FORMERLY KNOWN AS FIRST DATA CORPORATION)",1930000.0,11,6,2025-11-20,1.93
"KONGSBERG DEFENCE & AEROSPACE",1926000.0,0,0,,1.93
"TRANSUNION LLC",1925000.0,11,5,2025-10-14,1.93
"TRAVERE THERAPEUTICS, INC.",1921000.0,0,0,,1.92
"ADTALEM GLOBAL EDUCATION, INC.",1920000.0,3,2,2026-02-02,1.92
"AMERICAN SOCIETY OF COMPOSERS, AUTHORS, AND PUBLISHERS (ASCAP)",1920000.0,8,7,2025-08-05,1.92
"SAN LUIS & DELTA-MENDOTA WATER AUTHORITY",1920000.0,17,8,2026-03-17,1.92
"GUARDANT HEALTH, INC.",1910000.0,0,0,,1.91
"TALLGRASS ENERGY PARTNERS, LP",1910000.0,4,3,2026-01-28,1.91
"NRG ENERGY, INC.",1910000.0,16,8,2026-03-20,1.91
"MEDISYS HEALTH NETWORK",1909450.02,0,0,,1.91
"PARRY LABS, LLC",1907500.0,0,0,,1.91
"BAVARIAN NORDIC INC.",1905000.0,1,1,2022-07-21,1.91
"MICCOSUKEE TRIBE OF INDIANS OF FLORIDA",1902000.0,21,10,2026-01-08,1.9
"AMERICAN VETERINARY MEDICAL ASSOCIATION",1900000.0,35,21,2026-03-18,1.9
"MOLINA HEALTHCARE, INC.",1900000.0,39,27,2026-02-04,1.9
"DENKA PERFORMANCE ELASTOMER LLC",1895000.0,7,3,2025-04-01,1.9
"ENTEK TECHNOLOGY HOLDING, LLC",1890000.0,1,1,2025-02-13,1.89
"BLUEHALO CORPORATION",1890000.0,7,2,2026-02-03,1.89
"TERRAPOWER, LLC",1890000.0,9,5,2026-03-26,1.89
"DARDEN RESTAURANTS, INC.",1890000.0,13,13,2025-12-10,1.89
"INDEPENDENT COMMUNITY BANKERS OF AMERICA",1890000.0,72,34,2026-03-31,1.89
"NATIONAL COLLEGIATE ATHLETIC ASSOCIATION",1890000.0,240,107,2026-03-30,1.89
"VETERANS GUARDIAN VA CLAIM CONSULTING LLC",1883200.0,3,3,2023-05-15,1.88
"NATIONAL CABLE & TELECOMMUNICATIONS ASSOCIATION",1880000.0,35,17,2025-12-02,1.88
"HIKVISION USA, INC.",1875000.0,4,4,2025-10-29,1.88
"INGEVITY CORPORATION",1870000.0,0,0,,1.87
"SWISS REINSURANCE COMPANY LTD",1870000.0,0,0,,1.87
"CAPITOL DOME ADVOCACY OBO AMERICAN SOCIETY OF COMPOSERS, AUTHORS, AND PUBLISHERS",1870000.0,8,7,2025-08-05,1.87
"ICKES & ENRIGHT GROUP (NORTHWELL HEALTH FKA NORTH SHORE-LIJ)",1870000.0,12,8,2025-06-12,1.87
"DROPBOX, INC.",1870000.0,14,5,2026-03-24,1.87
"MONTEFIORE MEDICAL CENTER",1870000.0,14,8,2026-02-04,1.87
"YMCA OF THE USA",1870000.0,365,134,2026-03-27,1.87
"WESTERN DIGITAL CORPORATION",1860000.0,1,1,2025-12-15,1.86
"CALIFORNIA PUBLIC EMPLOYEES' RETIREMENT SYSTEM",1860000.0,3,3,2024-06-13,1.86
"FEDERAL EXPRESS CORPORATION",1860000.0,45,26,2026-03-19,1.86
"NOMI HEALTH, INC.",1855000.0,1,1,2024-03-06,1.85
"COALITION OF SEMICONDUCTOR EQUIPMENT MANUFACTURERS",1850000.0,0,0,,1.85
"CENTRUS ENERGY CORP. (FORMERLY KNOWN AS USEC INC.)",1850000.0,2,2,2023-08-01,1.85
"SESAC RIGHTS MANAGEMENT, INC.",1850000.0,8,7,2025-08-05,1.85
"BANK OF AMERICA CORPORATION",1850000.0,46,24,2025-06-11,1.85
"NATIONAL CANNABIS ROUNDTABLE",1842500.0,4,2,2024-07-02,1.84
"BITCOIN ASSOCIATION FOR BSV",1840000.0,0,0,,1.84
FINSECA,1840000.0,1,1,2026-01-22,1.84
"NOVAVAX, INC.",1840000.0,1,1,2025-06-04,1.84
"SHOPIFY INC.",1840000.0,6,4,2026-02-04,1.84
NMDP,1840000.0,10,8,2026-03-25,1.84
"FWC2026 US, INC.",1830000.0,2,1,2024-12-03,1.83
"VIZIENT INC (FORMERLY NOVATION LLC)",1830000.0,9,9,2025-09-22,1.83
"KINDRED HEALTHCARE D/B/A SCIONHEALTH (FKA KINDRED HEALTHCARE OPERATING, INC)",1826000.0,1,1,2023-01-06,1.83
"UNION PACIFIC CORPORATION",1826000.0,93,46,2026-03-25,1.83
"PROLACTA BIOSCIENCE, INC.",1820000.0,0,0,,1.82
"FANDUEL, INC.",1820000.0,6,6,2026-03-30,1.82
"7 ELEVEN, INC.",1820000.0,19,15,2025-11-07,1.82
"DELL INC.",1820000.0,27,20,2026-03-26,1.82
"STARZ ENTERTAINMENT, LLC",1811000.0,1,1,2022-05-25,1.81
"AMERICAN UNITY FUND, INC.",1810000.0,0,0,,1.81
"GUIDEHOUSE LLP",1810000.0,0,0,,1.81
"MODERNA US, INC.",1810000.0,41,20,2026-03-25,1.81
"EQUINIX, INC.",1800000.0,2,1,2026-01-22,1.8
"BAIN CAPITAL, LLC",1800000.0,3,3,2025-02-25,1.8
"CREDIT UNION NATIONAL ASSOCIATION, INC. DBA AMERICAS CREDIT UNIONS",1800000.0,8,6,2024-06-13,1.8
"PINTEREST, INC.",1800000.0,16,13,2026-03-16,1.8
"JETBLUE AIRWAYS CORPORATION",1795000.0,36,19,2026-03-05,1.79
"EXPEDIA, INC.",1790000.0,0,0,,1.79
"EISAI, INC.",1790000.0,1,1,2025-11-19,1.79
"FERVO ENERGY COMPANY",1790000.0,13,10,2026-03-17,1.79
"SHELL USA, INC.",1790000.0,301,140,2026-03-31,1.79
"SOUTHERN GLAZER'S WINE AND SPIRITS, LLC",1780000.0,0,0,,1.78
"LLOYD'S OF LONDON",1780000.0,3,2,2024-06-17,1.78
"ALABAMA-COUSHATTA TRIBE OF TEXAS",1770000.0,2,2,2023-04-26,1.77
"AEVEX AEROSPACE, LLC",1760000.0,0,0,,1.76
"CURALEAF, INC.",1760000.0,0,0,,1.76
"TELEVISAUNIVISION, INC. (FORMERLY UNIVISION COMMUNICATIONS INC.)",1760000.0,23,11,2026-03-04,1.76
"TRANSDIGM GROUP INCORPORATED",1760000.0,23,4,2025-05-12,1.76
"ROKU, INC.",1755000.0,1,1,2025-07-22,1.75
"CONNECT HOLDING II, LLC D/B/A BRIGHTSPEED",1750000.0,0,0,,1.75
"VALNEVA USA, INC.",1750000.0,0,0,,1.75
"ECOLAB, INC.",1750000.0,1,1,2023-05-19,1.75
"QUANTINUUM LTD.",1750000.0,5,4,2026-03-06,1.75
"AMERICAN KIDNEY FUND",1750000.0,46,32,2026-03-17,1.75
"LIFESCIENCE LOGISTICS, LLC",1745000.0,0,0,,1.75
"TRIMBLE NAVIGATION LIMITED",1745000.0,12,10,2026-02-27,1.75
TRULIEVE,1740000.0,0,0,,1.74
"PROVINCE OF SASKATCHEWAN",1740000.0,1,1,2023-11-08,1.74
"EXXONMOBIL CORPORATION",1740000.0,105,54,2026-03-25,1.74
"B. BRAUN MEDICAL INC.",1730000.0,0,0,,1.73
"THE DEPOSITORY TRUST & CLEARING CORPORATION",1730000.0,0,0,,1.73
"PUERTO VERDE HOLDINGS, LLC",1730000.0,1,1,2024-02-09,1.73
"GEVO, INC.",1730000.0,8,5,2026-02-03,1.73
"NATIONAL PUBLIC FINANCE GUARANTEE CORPORATION",1720000.0,0,0,,1.72
"ACADIA HEALTHCARE COMPANY, INC.",1720000.0,3,3,2025-08-27,1.72
"DEVON ENERGY CORPORATION",1720000.0,5,5,2024-05-22,1.72
"GENERAL ATOMICS, ELECTROMAGNETIC SYSTEMS, INC.",1710000.0,0,0,,1.71
"REINSURANCE GROUP OF AMERICA, INCORPORATED",1710000.0,1,1,2024-10-16,1.71
"SALLIE MAE BANK",1710000.0,11,4,2026-02-06,1.71
"UNIVERSITY OF PITTSBURGH MEDICAL CENTER",1710000.0,30,10,2026-03-30,1.71
"THE COCA-COLA COMPANY",1710000.0,49,35,2026-03-30,1.71
"IRIDIUM COMMUNICATIONS INC (FORMERLY SATELLES, INC.)",1705000.0,0,0,,1.71
"EXELA PHARMA SCIENCES, LLC",1704000.0,0,0,,1.7
"ACADIA PHARMACEUTICALS, INC.",1700000.0,0,0,,1.7
"APOTEX CORPORATION",1700000.0,0,0,,1.7
"SIEMENS ENERGY, INC.",1700000.0,0,0,,1.7
"YUM! BRANDS, INC.",1700000.0,0,0,,1.7
"HASBRO INC",1700000.0,5,3,2025-11-05,1.7
"AMERICAN FOREST & PAPER ASSOCIATION",1700000.0,15,12,2025-12-04,1.7
"SANOFI, U.S.",1700000.0,27,18,2026-03-13,1.7
"SHELL OIL COMPANY",1700000.0,301,140,2026-03-31,1.7
"PLANNED PARENTHOOD FEDERATION OF AMERICA, INC",1700000.0,713,211,2026-03-31,1.7
"HNTB CORPORATION",1695000.0,2,1,2025-05-14,1.7
"AMERESCO, INC.",1695000.0,3,3,2024-10-19,1.7
"NEXSTAR MEDIA GROUP, INC.",1695000.0,36,20,2026-03-30,1.7
"BURNS & MCDONNELL ENGINEERING COMPANY INC",1690000.0,3,1,2025-09-12,1.69
"ADVANCED MICRO DEVICES, INC.",1690000.0,25,14,2025-11-20,1.69
"SOCIETY FOR HUMAN RESOURCE MANAGEMENT",1683900.0,37,26,2026-03-11,1.68
"ITG BRANDS",1680000.0,0,0,,1.68
"SOUTHERN UTE INDIAN TRIBE",1671500.0,12,6,2025-12-02,1.67
"FERRERO U.S.A., INC.",1670000.0,0,0,,1.67
"NAVIGATOR CO2 VENTURES LLC",1670000.0,1,1,2023-12-19,1.67
"ZUFFA AND AFFILIATES",1670000.0,2,2,2025-09-16,1.67
"OCHSNER CLINIC FOUNDATION DBA OCHSNER HEALTH",1670000.0,6,4,2025-03-03,1.67
"NATIONAL THOROUGHBRED RACING ASSOCIATION",1670000.0,7,2,2025-07-25,1.67
"CENTERPOINT ENERGY, INC.",1670000.0,17,11,2026-01-24,1.67
"NATIONAL ASSOCIATION OF CHAIN DRUG STORES",1670000.0,20,17,2026-01-22,1.67
"UNITED WAY WORLDWIDE",1670000.0,233,95,2026-03-25,1.67
"FORESCOUT TECHNOLOGIES, INC.",1660000.0,0,0,,1.66
"DR. KOCHO ANGJUSHEV",1650000.0,0,0,,1.65
"POARCH BAND OF CREEK INDIANS",1650000.0,4,2,2023-12-15,1.65
"SKYDWELLER AERO, INC.",1646500.0,1,1,2024-05-16,1.65
"CRH AMERICAS MATERIALS, INC.",1640000.0,0,0,,1.64
"MAMMOTH ENERGY SERVICES INC",1640000.0,0,0,,1.64
"PTTGC AMERICA LLC",1640000.0,0,0,,1.64
"SHAKOPEE MDEWAKANTON DAKOTA (SIOUX) COMMUNITY",1640000.0,0,0,,1.64
"INFOSYS LIMITED",1640000.0,1,1,2026-01-23,1.64
"GARMIN INTERNATIONAL, INC. (FORMERLY REPORTED AS GARMIN LTD.)",1640000.0,2,1,2023-07-21,1.64
"OKLO INC.",1640000.0,2,1,2025-10-17,1.64
"THE JOHNS HOPKINS UNIVERSITY APPLIED PHYSICS LABORATORY LLC",1634000.0,10,4,2026-02-06,1.63
"ORGANON, LLC",1630000.0,0,0,,1.63
"NOVOCURE INC.",1630000.0,4,3,2025-09-17,1.63
"ARAMARK SERVICES, INC.",1625000.0,3,1,2024-03-04,1.63
"DAPPER LABS INC.",1620000.0,0,0,,1.62
"ELBIT SYSTEMS OF AMERICA, LLC",1620000.0,1,1,2024-04-25,1.62
"TULANE UNIVERSITY",1620000.0,20,11,2026-02-03,1.62
UPMC,1620000.0,28,8,2026-03-30,1.62
"BREAD FINANCIAL (FKA ALLIANCE DATA SYSTEMS CORPORATION)",1614000.0,0,0,,1.61
"SHARKNINJA OPERATING LLC",1610000.0,0,0,,1.61
"NACCO INDUSTRIES, INC.",1610000.0,1,1,2024-02-28,1.61
"NATIONAL RENTAL HOME COUNCIL",1607500.0,18,13,2026-02-09,1.61
"POPULUS FINANCIAL GROUP, INC. (FORMERLY ACE CASH EXPRESS, INC.)",1600000.0,0,0,,1.6
"SWISHER INTERNATIONAL, INC., F/K/A SI GROUP CLIENT SERVICES",1600000.0,11,10,2026-03-20,1.6
"LURIE CHILDREN'S HOSPITAL OF CHICAGO",1600000.0,30,9,2026-02-19,1.6
"OGE ENERGY CORP",1590000.0,0,0,,1.59
"BALLY'S CORPORATION",1585000.0,1,1,2024-03-05,1.58
"VITAS HEALTHCARE CORPORATION",1581500.0,1,1,2025-03-03,1.58
"FEDERATION OF EXCHANGE ACCOMODATORS, INC.",1580000.0,0,0,,1.58
"2U, INC.",1580000.0,1,1,2025-03-26,1.58
"ILLINOIS CORN GROWERS ASSOCIATION",1580000.0,8,7,2026-03-13,1.58
"SOCIAL FINANCE, INC.",1580000.0,11,8,2026-03-03,1.58
"SACRAMENTO MUNICIPAL UTILITY DISTRICT",1580000.0,19,3,2026-01-29,1.58
"LEBANESE AMERICAN UNIVERSITY",1580000.0,24,10,2026-03-18,1.58
"AMERICAN HEART ASSOCIATION",1580000.0,151,80,2026-03-23,1.58
SEQIRUS,1575000.0,0,0,,1.57
"UNIVERSITY OF ILLINOIS",1575000.0,106,27,2026-03-27,1.57
"CHSPSC, LLC",1570000.0,0,0,,1.57
"DAIKIN U.S. CORPORATION",1570000.0,0,0,,1.57
"ORCHARD THERAPEUTICS NORTH AMERICA",1570000.0,0,0,,1.57
"SIX CONTINENTS HOTELS, INC. D/B/A IHG HOTELS & RESORTS",1570000.0,1,1,2026-03-27,1.57
"AMERIHEALTH CARITAS",1570000.0,2,2,2026-02-23,1.57
"PERDOCEO EDUCATION CORPORATION (F/K/A CAREER EDUCATION CORPORATION)",1570000.0,2,2,2025-04-15,1.57
"SCHOTT NORTH AMERICA INC AND AFFILIATE (FORMERLY SCHOTT NORTH AMERICA INC)",1570000.0,10,8,2025-11-19,1.57
"AMEDISYS, INC.",1570000.0,14,3,2025-09-25,1.57
"ALVOGEN, INC.",1565000.0,0,0,,1.56
"CORETSU INC.",1560000.0,0,0,,1.56
"THE VUCCI LAW GROUP, P.A.",1560000.0,0,0,,1.56
"PROCTER & GAMBLE COMPANY",1560000.0,5,2,2026-02-06,1.56
"LAW OFFICES OF MICHAEL JASON LEE, APLC (ON BEHALF OF TETHER OPERATIONS LIMITED)",1560000.0,19,15,2026-03-30,1.56
"MOODY'S CORPORATION",1560000.0,74,49,2026-03-30,1.56
"ESTEE LAUDER COMPANIES",1550000.0,0,0,,1.55
"GRIFOLS SHARED SERVICES NORTH AMERICA, INC.",1550000.0,0,0,,1.55
"LKQ CORPORATION",1550000.0,1,1,2023-03-22,1.55
"GRUBHUB HOLDINGS, INC.",1550000.0,4,4,2025-10-10,1.55
"VEON LTD.",1547413.0,0,0,,1.55
"UNIVERSITY OF OKLAHOMA",1545000.0,27,7,2026-01-22,1.54
"AMERICAN FUEL AND PETROCHEMICAL MANUFACTURERS",1540500.0,15,12,2025-11-19,1.54
"EMBRAER AIRCRAFT HOLDING, INC.",1540000.0,3,3,2024-09-24,1.54
"ANTHROPIC, PBC",1540000.0,57,34,2026-03-27,1.54
"CAMECO CORPORATION",1530000.0,0,0,,1.53
"DAY & ZIMMERMANN GROUP, INC.",1530000.0,0,0,,1.53
"GLENCORE, LTD",1530000.0,0,0,,1.53
"THAI UNION GROUP PCL",1530000.0,0,0,,1.53
"TRISALUS LIFE SCIENCES",1530000.0,0,0,,1.53
"VAULTLINK INC.",1530000.0,0,0,,1.53
H-E-B,1530000.0,3,3,2026-01-29,1.53
"MINN-DAK FARMERS COOPERATIVE",1530000.0,3,3,2025-10-31,1.53
"ROYAL CARIBBEAN CRUISES LTD.",1530000.0,3,2,2025-11-25,1.53
"LIBERTY MUTUAL INSURANCE COMPANY",1530000.0,4,4,2025-05-18,1.53
"SCOTTS MIRACLE-GRO COMPANY",1530000.0,17,9,2026-03-26,1.53
"SOUTHERN CALIFORNIA REGIONAL RAIL AUTHORITY",1530000.0,20,9,2026-02-17,1.53
"HEARST CORPORATION",1530000.0,26,14,2026-03-12,1.53
"CIGNA CORPORATION AND SUBSIDIARIES",1530000.0,37,26,2026-01-27,1.53
"AMERICA'S ESSENTIAL HOSPITALS",1530000.0,44,32,2026-02-12,1.53
"AGUA CALIENTE BAND OF CAHUILLA INDIANS",1525000.0,8,4,2026-03-12,1.52
"COMMERCIAL REAL ESTATE FINANCE COUNCIL",1520000.0,0,0,,1.52
"GHOSTWORKS MARINE",1518000.0,0,0,,1.52
"ARIZONA STATE UNIVERSITY",1514000.0,73,37,2026-03-27,1.51
"NITRON GROUP LLC",1510000.0,0,0,,1.51
"PBM ACCOUNTABILITY PROJECT",1510000.0,3,3,2026-01-22,1.51
"ROCKET LAB USA, INC.",1510000.0,14,7,2026-02-03,1.51
"ZENO POWER SYSTEMS, INC.",1503750.0,4,3,2026-02-24,1.5
"CAMEL ENERGY INC.",1500000.0,0,0,,1.5
"CHRIS KISE & ASSOCIATES, P.A. ON BEHALF OF ROGER VER",1500000.0,0,0,,1.5
"NEBIUS GROUP N.V. (FKA YANDEX N.V.)",1500000.0,0,0,,1.5
"PACIRA PHARMACEUTICALS INC.",1500000.0,0,0,,1.5
"WASTE CONTROL SPECIALISTS, LLC",1500000.0,0,0,,1.5
"BLOOMBERG PHILANTHROPIES",1500000.0,1,1,2024-07-03,1.5
"COHNREZNICK LLP",1500000.0,2,1,2022-07-27,1.5
"OPAL FUELS INC.",1500000.0,3,2,2023-03-30,1.5
"THALES DEFENSE & SECURITY, INC.",1500000.0,3,2,2026-02-27,1.5
"GENENTECH USA, INC.",1500000.0,6,6,2026-03-13,1.5
"PERRIGO COMPANY PLC",1500000.0,6,3,2025-09-02,1.5
"THE TRUSTEES OF THE UNIVERSITY OF PENNSYLVANIA",1500000.0,409,127,2026-03-31,1.5
"SEMINOLE TRIBE OF FLORIDA",1495000.0,18,4,2025-10-01,1.5
"PUBLIX SUPER MARKETS, INC.",1492500.0,3,3,2024-10-16,1.49
"L3 HARRIS TECHNOLOGIES, INC.",1492500.0,21,10,2025-11-13,1.49
"EDGECONNEX, INC.",1490000.0,0,0,,1.49
"PRVO PLINARSKO DRUTVO D.O.O.",1490000.0,0,0,,1.49
"ROPER ST. FRANCIS HEALTHCARE",1490000.0,0,0,,1.49
"TWILIO, INC.",1490000.0,0,0,,1.49
"KINDER MORGAN, INC.",1490000.0,2,2,2024-09-27,1.49
"AEROVIRONMENT, INC.",1490000.0,3,1,2026-01-30,1.49
"PELOTON INTERACTIVE, INC.",1490000.0,7,5,2025-03-31,1.49
"TELADOC HEALTH, INC.",1490000.0,12,10,2025-06-16,1.49
"HESS CORPORATION",1490000.0,35,27,2026-02-17,1.49
"CVS HEALTH (AND SUBSIDIARIES)",1490000.0,84,43,2026-01-27,1.49
"ACTIVEHOURS INC., D/B/A EARNIN",1480000.0,0,0,,1.48
"AMERICAN ASSOCIATION OF BIOANALYSTS",1480000.0,0,0,,1.48
"AMERICAN SOCIETY OF PLASTIC SURGERY",1480000.0,0,0,,1.48
"RENT-A-CENTER, INC.",1480000.0,0,0,,1.48
"EQUINOR WIND US LLC",1480000.0,1,1,2024-04-23,1.48
"PERATON CORPORATION",1480000.0,5,3,2025-12-18,1.48
"UNIVERSITY OF NOTRE DAME",1478270.0,79,37,2026-03-19,1.48
"MODIVCARE SOLUTIONS (FORMERLY LOGISTICARE SOLUTIONS)",1475000.0,0,0,,1.48
"TELEDYNE FLIR (FORMERLY FLIR SYSTEMS INC AND SUBSIDIARIES)",1472000.0,1,1,2025-05-12,1.47
"HEARTFLOW, INC.",1470000.0,1,1,2025-06-27,1.47
"PLAID INC.",1470000.0,2,2,2024-05-08,1.47
"AIDS HEALTHCARE FOUNDATION",1470000.0,9,8,2025-07-23,1.47
"AMERICAN CEMENT ASSOCIATION (FORMERLY KNOWN AS PORTLAND CEMENT ASSOCIATION)",1470000.0,10,8,2026-01-22,1.47
"FRESENIUS MEDICAL CARE",1470000.0,10,9,2025-12-08,1.47
"OPENAI OPCO, LLC",1470000.0,106,47,2026-03-30,1.47
"FORTRESS INFORMATION SECURITY, LLC",1466000.0,0,0,,1.47
CRYSTALLEX,1465000.0,0,0,,1.47
"BAM TRADING SERVICES, INC./BINANCE.US",1465000.0,42,21,2026-03-19,1.47
"AMSCOT FINANCIAL CORPORATION",1460000.0,0,0,,1.46
"JRC INTEGRATED SYSTEMS, INC.",1460000.0,0,0,,1.46
"TRICON RESIDENTIAL INC.",1460000.0,0,0,,1.46
"CALIFORNIA STATE TEACHERS' RETIREMENT SYSTEM",1460000.0,1,1,2023-07-13,1.46
"ENTEGRIS, INC.",1460000.0,4,2,2025-11-17,1.46
"SALTCHUK RESOURCES, INC.",1460000.0,5,4,2025-05-09,1.46
"VIR BIOTECHNOLOGY, INC.",1460000.0,7,7,2025-10-28,1.46
"AMERICAN FUEL & PETROCHEMICAL MANUFACTURERS (AFPM)",1460000.0,14,10,2025-12-08,1.46
"BAYLOR UNIVERSITY",1460000.0,16,7,2026-03-05,1.46
"ACTIVISION BLIZZARD, INC.",1460000.0,54,33,2026-03-21,1.46
"NATIONAL FIRE PROTECTION ASSOCIATION",1460000.0,114,52,2026-03-20,1.46
"COMMONWEALTH FUSION SYSTEMS LLC",1455000.0,7,4,2025-12-16,1.46
"AMRIZE NORTH AMERICA INC.",1450000.0,0,0,,1.45
"COUNCIL ON RADIONUCLIDES AND RADIOPHARMACEUTICALS",1450000.0,0,0,,1.45
"DEXCOM, INC.",1450000.0,0,0,,1.45
"ESQUEL ENTERPRISES LIMITED",1450000.0,0,0,,1.45
"GEN DIGITAL INC (FORMERLY REPORTED AS MONEYLION TECHNOLOGIES INC. (MONEYLION)",1450000.0,0,0,,1.45
"AMERICAN COLLEGE OF GASTROENTEROLOGY",1450000.0,5,5,2025-09-04,1.45
"SANMINA CORPORATION",1450000.0,5,2,2023-12-22,1.45
"MARSH MCLENNAN",1450000.0,8,4,2025-12-05,1.45
"KIA CORPORATION (FORMERLY KNOWN AS KIA MOTORS CORPORATION)",1450000.0,23,19,2026-03-18,1.45
"AMERICAN CANCER SOCIETY CANCER ACTION NETWORK (ACSCAN)",1440000.0,0,0,,1.44
"AMERICAN TELEVISION ALLIANCE",1440000.0,0,0,,1.44
"SOLUGEN, INC.",1440000.0,0,0,,1.44
"GECKO ROBOTICS, INC.",1440000.0,1,1,2025-08-28,1.44
"CAMBIA HEALTH SOLUTIONS (FORMERLY KNOWN AS THE REGENCE GROUP)",1440000.0,5,5,2025-10-03,1.44
"THE AARON'S COMPANY, INC.",1440000.0,8,8,2026-02-10,1.44
"CHOCTAW NATION OF OKLAHOMA",1440000.0,13,7,2025-06-12,1.44
"AMERICAN OSTEOPATHIC ASSOCIATION",1440000.0,16,13,2026-02-02,1.44
LINCARE,1440000.0,21,1,2024-11-04,1.44
"EASTERN BAND OF CHEROKEE INDIANS",1440000.0,40,5,2025-09-24,1.44
"INDEPENDENCE BLUE CROSS, LLC",1431250.0,0,0,,1.43
"MUNICIPAL SECURITIES RULEMAKING BOARD",1430000.0,0,0,,1.43
"OPPORTUNITY FINANCIAL, INC.",1430000.0,0,0,,1.43
"HSBC TECHNOLOGY & SERVICES USA, INC.",1430000.0,3,2,2025-04-24,1.43
"BARRICK GOLD OF NORTH AMERICA INC.",1430000.0,4,2,2025-04-10,1.43
"VITOL INC.",1430000.0,6,3,2026-03-11,1.43
"LOUIS DREYFUS COMPANY, LLC",1430000.0,9,7,2026-03-10,1.43
"WALGREENS CO.",1430000.0,41,29,2025-05-02,1.43
"INTERNATIONAL LEGAL FINANCE ASSOCIATION",1425000.0,0,0,,1.43
"HUNTSMAN CORPORATION",1425000.0,13,10,2026-03-19,1.43
"METLIFE GROUP, INC. (FKA METLIFE SERVICES AND SOLUTIONS, LLC)",1421000.0,0,0,,1.42
"ENERGIZER HOLDINGS, INC.",1420000.0,5,2,2024-05-23,1.42
"MORGAN STANLEY & CO. LLC",1420000.0,15,11,2025-09-23,1.42
"CENTER FOR SPORTFISHING POLICY (FKA CENTER FOR COASTAL CONSERVATION)",1420000.0,17,8,2026-02-03,1.42
"BMW OF NORTH AMERICA. LLC",1420000.0,23,16,2025-06-11,1.42
"LIV GOLF, INC",1420000.0,30,8,2025-10-14,1.42
"JINKOSOLAR (U.S.) INC.",1419000.0,1,1,2022-07-12,1.42
"VANNEVAR LABS, INC.",1417000.0,1,1,2023-12-06,1.42
"FLANDREAU SANTEE SIOUX TRIBE",1412312.0,2,1,2024-01-18,1.41
"A16Z CAPITAL MANAGEMENT (FORMERLY KNOWN AS AH CAPITAL MANAGEMENT, L.L.C.)",1410000.0,0,0,,1.41
"DEPOSITORY TRUST & CLEARING CORPORATION",1410000.0,0,0,,1.41
"KIRIL DOMUSCHIEV AND GEORGI DOMUSCHIEV",1410000.0,0,0,,1.41
QORVO,1410000.0,2,2,2025-12-03,1.41
"OVERSEAS SHIPHOLDING GROUP, INC.",1410000.0,6,5,2025-05-09,1.41
"JP MORGAN CHASE HOLDINGS, LLC",1410000.0,57,24,2026-02-02,1.41
"AMERICAN TRANSACTION PROCESSORS COALITION",1400000.0,0,0,,1.4
"CENTINEL PUBLIC PARTNERSHIPS, LLC",1400000.0,0,0,,1.4
"NELSON MULLINS RILEY & SCARBOROUGH LLP O.B.O. PILATUS AIRCRAFT LTD.",1400000.0,0,0,,1.4
"Q LINK WIRELESS, LLC",1400000.0,0,0,,1.4
"QUECTEL WIRELESS SOLUTIONS CO., LTD.",1400000.0,0,0,,1.4
"ARAJET, S.A.",1400000.0,1,1,2023-12-08,1.4
"ARCTIC SLOPE REGIONAL CORPORATION",1400000.0,23,2,2025-10-30,1.4
"STARKEY HEARING TECHNOLOGIES",1396000.0,2,2,2025-12-10,1.4
"B&H FOTO & ELECTRONICS CORP",1395000.0,2,2,2023-09-16,1.4
"NATIONAL CABLE TELECOMMUNICATIONS ASSOCIATION",1395000.0,35,17,2025-12-02,1.4
"ESSILORLUXOTTICA (FKA ESSILOR OF AMERICA, INC.)",1390000.0,0,0,,1.39
"FUELCELL ENERGY, INC.",1390000.0,0,0,,1.39
"NASSCOM (NATIONAL ASSOCIATION OF SOFTWARE AND SERVICE COMPANIES)",1390000.0,0,0,,1.39
"AMERICAN ASSOCIATION OF NURSE ANESTHETISTS",1390000.0,1,1,2025-05-02,1.39
"CHILDREN'S TUMOR FOUNDATION",1390000.0,1,1,2025-06-12,1.39
"KIOXIA AMERICA, INC.",1390000.0,1,1,2024-04-12,1.39
"HEXION, INC.",1390000.0,2,1,2025-02-19,1.39
"COSTAR GROUP, INC.",1390000.0,4,3,2025-08-12,1.39
"SAZERAC COMPANY, INC.",1390000.0,4,3,2025-02-14,1.39
"AMERICAN FINANCIAL SERVICES ASSOCIATION",1390000.0,10,8,2026-03-24,1.39
"AMERICAN ACADEMY OF OPHTHALMOLOGY",1390000.0,18,13,2025-09-23,1.39
"INTERNATIONAL LONGSHORE AND WAREHOUSE UNION",1390000.0,20,16,2026-03-31,1.39
"THE CIGNA GROUP AND SUBSIDIARIES (FKA CIGNA CORPORATION AND SUBSIDIARIES)",1390000.0,37,26,2026-01-27,1.39
"CENTRAL ROMANA CORPORATION LIMITED",1389000.0,1,1,2025-09-15,1.39
"SHIFT5, INC.",1385000.0,0,0,,1.39
"JOHNS HOPKINS UNIVERSITY",1385000.0,114,49,2026-03-16,1.39
"SAMSUNG SDI AMERICA, INC.",1380000.0,0,0,,1.38
"BABCOCK & WILCOX ENTERPRISES, INC.",1380000.0,1,1,2024-10-08,1.38
"BRISTOW GROUP, INC.",1380000.0,1,1,2024-05-11,1.38
"RITE AID CORPORATION",1380000.0,17,14,2024-10-16,1.38
"HUAWEI TECHNOLOGIES USA, INC.",1380000.0,128,63,2026-03-23,1.38
"STATE FARM INSURANCE COMPANIES",1379000.0,34,30,2026-01-13,1.38
"AMERICAN ASSOCIATION OF TEACHING HEALTH CENTERS",1375000.0,2,2,2024-11-01,1.38
"POSCO AMERICA CORP",1370000.0,0,0,,1.37
"ADP LLC",1370000.0,4,3,2025-10-24,1.37
"SELF-INSURANCE INSTITUTE OF AMERICA, INC.",1370000.0,7,7,2025-09-26,1.37
"PAYWARD INC. D/B/A KRAKEN",1370000.0,12,10,2026-03-04,1.37
"SPECIALTY EQUIPMENT MARKET ASSOCIATION",1370000.0,16,14,2025-11-10,1.37
"TRELLIX (FORMERLY MUSARUBA US LLC)",1365100.0,0,0,,1.37
"BROADRIDGE FINANCIAL SOLUTIONS, INC.",1365000.0,0,0,,1.36
"UNIVERSITY OF MIAMI",1365000.0,26,20,2026-03-05,1.36
"ARDENT HEALTH SERVICES",1360000.0,0,0,,1.36
"ARES MANAGEMENT, FORMERLY REPORTED AS, ARES MANAGEMENT LLC",1360000.0,0,0,,1.36
"BIO-RAD LABORATORIES",1360000.0,0,0,,1.36
"EDISON CHOUEST OFFSHORE",1360000.0,0,0,,1.36
"KROLL BOND RATING AGENCY, INC.",1360000.0,0,0,,1.36
"KROPP HOLDINGS, INC.",1360000.0,0,0,,1.36
"LYTEN, INC.",1360000.0,0,0,,1.36
"OCEAN AERO, INC.",1360000.0,0,0,,1.36
"SUNTORY GLOBAL SPIRITS (FORMERLY BEAM SUNTORY INC.)",1360000.0,0,0,,1.36
"TIGER BIOSCIENCES",1360000.0,0,0,,1.36
MASSDEVELOPMENT,1360000.0,1,1,2022-04-26,1.36
"AMERICAN FUEL AND PETROCHEMICAL MANUFACTURERS (AFPM)",1360000.0,2,2,2024-05-02,1.36
"VISTRA CORPORATE SERVICES COMPANY",1360000.0,2,2,2025-06-09,1.36
"BALFOUR BEATTY COMMUNITIES",1360000.0,4,4,2023-10-19,1.36
"SUTTER HEALTH",1360000.0,7,3,2025-04-23,1.36
"ANALOG DEVICES, INC.",1360000.0,11,5,2025-03-20,1.36
"AMERICAN ELECTRIC POWER SERVICE CORPORATION",1360000.0,20,16,2025-11-03,1.36
"THE ANSCHUTZ CORPORATION",1360000.0,21,7,2026-01-09,1.36
"GREATER NEW YORK HOSPITAL ASSN",1360000.0,30,16,2026-03-17,1.36
"LUMMI NATION",1360000.0,30,6,2026-03-24,1.36
"THE ICKES AND ENRIGHT GROUP (ON BEHALF OF GREATER NEW YORK HOSPITAL ASSOCIATION)",1360000.0,30,16,2026-03-17,1.36
"OPTIMUM COMMUNICATIONS (FORMERLY REPORTING AS ALTICE USA, INC.)",1360000.0,35,10,2025-07-18,1.36
"AMERICAN ACADEMY OF FAMILY PHYSICIANS",1360000.0,77,53,2026-03-31,1.36
"OCHSNER HEALTH SYSTEM",1357500.0,6,4,2025-03-03,1.36
"AMERICAN PROPERTY CASUALTY INSURANCE ASSOCIATION FKA PROPERTY CASUALTY INSURERS",1353040.0,0,0,,1.35
"RESMED CORP.",1350000.0,0,0,,1.35
"TEXAS ESSENTIAL HEALTHCARE PARTNERSHIPS",1350000.0,0,0,,1.35
"X-BOW LAUNCH SYSTEMS INC.",1350000.0,0,0,,1.35
"BARRICK GOLD OF NORTH AMERICA, FKA BARRICK GOLD AND NEVADA GOLD MINES",1350000.0,1,1,2024-05-20,1.35
"ANSCHUTZ ENTERTAINMENT GROUP INC.",1350000.0,2,1,2024-12-17,1.35
"VALERO SERVICES, INC.",1350000.0,6,6,2026-01-28,1.35
"CLEVELAND CLINIC FOUNDATION",1350000.0,20,9,2026-03-25,1.35
"GENTIVA (FORMERLY REPORTED AS HUMANA & KINDRED AT HOME)",1350000.0,53,29,2026-02-25,1.35
"DYNAVAX TECHNOLOGIES",1345000.0,0,0,,1.34
"DINE BRANDS GLOBAL INC.",1340000.0,0,0,,1.34
"PAXOS TRUST COMPANY, LLC",1340000.0,3,3,2023-08-14,1.34
"DREXEL UNIVERSITY",1340000.0,4,3,2023-11-01,1.34
"ALASKA RAILROAD CORP",1340000.0,5,1,2024-04-15,1.34
"SOLANA POLICY INSTITUTE",1340000.0,5,4,2025-12-19,1.34
"COWLITZ INDIAN TRIBE",1340000.0,16,10,2026-02-09,1.34
"AMERICAN PUBLIC POWER ASSOCIATION",1340000.0,35,27,2026-02-20,1.34
"TIBER CREEK HEALTH STRATEGIES, INC. (ON BEHALF OF ELI LILLY AND COMPANY)",1340000.0,105,66,2026-03-17,1.34
"GMTO CORPORATION",1336000.0,0,0,,1.34
"AMEREN SERVICES COMPANY",1330000.0,0,0,,1.33
"BEONE MEDICINES USA, INC. (FKA BEIGENE USA, INC.)",1330000.0,0,0,,1.33
"LIVANOVA USA INC",1330000.0,0,0,,1.33
"KLARNA INC.",1330000.0,1,1,2025-11-25,1.33
"THE INTERSTATE NATURAL GAS ASSOCIATION OF AMERICA",1330000.0,5,4,2026-02-02,1.33
"CLARK STREET ASSOCIATES ON BEHALF OF IONQ, INC.",1330000.0,6,6,2026-01-08,1.33
"TATA CONSULTANCY SERVICES",1330000.0,9,7,2026-02-11,1.33
"RECKITT BENCKISER LLC",1330000.0,10,7,2024-04-02,1.33
JOBSOHIO,1329400.0,8,5,2025-04-08,1.33
"ACXIOM LLC",1320000.0,0,0,,1.32
"DEUTSCHE BANK USA (FKA DEUTSCHE BANK SECURITIES INC.)",1320000.0,0,0,,1.32
"IVANHOE ATLANTIC (FORMERLY HIGH POWER EXPLORATION INC.)",1320000.0,0,0,,1.32
"ZEROEYES, INC.",1320000.0,0,0,,1.32
"BARRICK MINING CORPORATION",1320000.0,4,2,2025-04-10,1.32
DSM-FIRMENICH,1320000.0,6,5,2025-04-18,1.32
"BAYLOR COLLEGE OF MEDICINE",1320000.0,13,8,2025-12-04,1.32
"DUPONT SPECIALTY PRODUCTS(PREVIOUSLY REPORTED AS E.I. DU PONT DE NEMOURS AND CO)",1320000.0,23,19,2026-01-30,1.32
SEATGEEK,1319000.0,3,2,2023-07-17,1.32
"PSIQUANTUM CORP.",1312500.0,15,6,2026-03-26,1.31
"AREVIA POWER",1310000.0,0,0,,1.31
GOTENNA,1310000.0,0,0,,1.31
"SENTINEL MIDSTREAM, LLC",1310000.0,0,0,,1.31
"TRINET GROUP, INC.",1310000.0,1,1,2023-04-21,1.31
"VINYL INSTITUTE, INC.",1310000.0,2,2,2025-02-18,1.31
"CASE WESTERN RESERVE UNIVERSITY",1310000.0,10,6,2026-02-04,1.31
"BOEHRINGER INGELHEIM",1310000.0,19,9,2026-03-13,1.31
"COLONIAL PIPELINE COMPANY",1310000.0,25,18,2026-03-05,1.31
"KYNDRYL, INC.",1305000.0,0,0,,1.3
"OCEAN SPRAY CRANBERRIES, INC.",1305000.0,0,0,,1.3
"PBF HOLDING COMPANY LLC",1301875.0,8,6,2025-02-05,1.3
"INTRAFI NETWORK",1300000.0,0,0,,1.3
"MCGRAW-HILL EDUCATION",1300000.0,1,1,2024-04-19,1.3
SPOTIFY,1300000.0,31,21,2026-03-27,1.3
"ACCENTCARE, INC.",1290000.0,1,1,2025-10-01,1.29
"COUNCIL OF FEDERAL HOME LOAN BANKS",1290000.0,1,1,2026-02-26,1.29
"ECMC GROUP",1290000.0,6,3,2026-03-26,1.29
"THE CHILDREN'S HOSPITAL OF PHILADELPHIA",1290000.0,16,11,2026-03-31,1.29
"KRAFT HEINZ COMPANY",1290000.0,20,15,2026-01-09,1.29
"ALLSUP, INC.",1280000.0,0,0,,1.28
"BORGWARNER, INC.",1280000.0,0,0,,1.28
"SIXTEEN THIRTY FUND",1280000.0,0,0,,1.28
"YODLEE, INC.",1280000.0,0,0,,1.28
"STRATASYS, INC.",1280000.0,1,1,2023-05-19,1.28
"BERING STRAITS NATIVE CORPORATION",1280000.0,6,2,2024-09-24,1.28
"TOHONO O'ODHAM NATION",1280000.0,11,8,2026-03-18,1.28
"MGM RESORTS INTERNATIONAL",1280000.0,14,6,2025-09-24,1.28
"BLUE CROSS AND BLUE SHIELD ASSOCIATION",1280000.0,38,31,2025-12-18,1.28
"SYRACUSE UNIVERSITY",1280000.0,48,15,2026-03-23,1.28
"APPALACHIAN NATURAL GAS OPERATORS COALITION",1275000.0,0,0,,1.27
"HELLEN SYSTEMS, LLC",1270000.0,0,0,,1.27
"RICOH USA, INC.",1270000.0,0,0,,1.27
"B.S.D. CAPITAL, INC., DBA LENDISTRY",1270000.0,1,1,2022-05-13,1.27
"DAIICHI SANKYO, INC.",1270000.0,1,1,2025-05-22,1.27
"SEAGATE TECHNOLOGY LLC",1270000.0,1,1,2022-03-11,1.27
"THOMSON REUTERS",1270000.0,1,1,2023-11-10,1.27
"DELFI DIAGNOSTICS",1270000.0,2,1,2025-02-19,1.27
"ONEIDA INDIAN NATION",1270000.0,6,4,2026-01-27,1.27
"UNITED SERVICES AUTOMOBILE ASSOCIATION (USAA)",1270000.0,14,11,2025-12-15,1.27
"WYNN RESORTS, LIMITED",1270000.0,35,15,2025-11-04,1.27
"ELI LILLY AND COMPANY, FORMERLY REPORTED AS, LILLY USA, LLC",1270000.0,57,36,2026-03-17,1.27
"SEATTLE CHILDREN'S HOSPITAL RESEARCH AND FOUNDATION",1265000.0,18,11,2026-02-13,1.26
"CHRIS KISE & ASSOCIATES, P.A. ON BEHALF OF BANCREDITO HOLDING CORPORATION",1260000.0,0,0,,1.26
"ICEYE US, INC.",1260000.0,0,0,,1.26
"TRIPLE-S MANAGEMENT CORPORATION",1260000.0,0,0,,1.26
"NATIONAL COUNCIL FOR MENTAL WELLBEING FKA NATIONAL COUNCIL FOR BEHAVIORAL HEALTH",1260000.0,2,1,2022-12-26,1.26
"PECHANGA BAND OF LUISENO MISSION INDIANS",1260000.0,2,2,2026-03-12,1.26
"POPLICUS INC. D/B/A GOVINI",1260000.0,6,5,2025-05-09,1.26
"NATIONAL GRID USA SERVICE COMPANY, INC. D/B/A NATIONAL GRID",1260000.0,15,8,2026-03-19,1.26
"PARAMOUNT SKYDANCE CORPORATION (FKA PARAMOUNT GLOBAL)",1260000.0,15,7,2026-03-23,1.26
"NUMBERS USA",1260000.0,64,37,2026-03-25,1.26
"LEAGUE OF CONSERVATION VOTERS",1260000.0,238,104,2026-03-18,1.26
"TRIDEUM CORPORATION",1254500.0,0,0,,1.25
"ASSURANT, INC.",1250000.0,0,0,,1.25
"CENTRIENT PHARMACEUTICALS LLC",1250000.0,0,0,,1.25
"JM FAMILY ENTERPRISES, INC",1250000.0,0,0,,1.25
"MARTIN BAKER AIRCRAFT CO., LTD.",1250000.0,0,0,,1.25
"NEROBREEZE LIMITED",1250000.0,0,0,,1.25
"PIVOT BIO, INC.",1250000.0,0,0,,1.25
"SAGENT M&C, LLC",1250000.0,0,0,,1.25
"BOEHRINGER INGELHEIM USA CORPORATION",1250000.0,19,9,2026-03-13,1.25
"THE GREENBRIER COMPANIES",1250000.0,45,10,2026-03-31,1.25
"SHORELIGHT EDUCATION",1245000.0,0,0,,1.25
"WUXI APPTEC SALES LLC",1245000.0,4,3,2025-10-15,1.25
"GEMCORP CAPITAL MANAGEMENT LIMITED",1240000.0,0,0,,1.24
MDVIP,1240000.0,0,0,,1.24
"TONIX PHARMACEUTICALS, INC.",1240000.0,0,0,,1.24
"U.S. ALUMINUM EXTRUDERS COALITION INC.",1240000.0,0,0,,1.24
"OURARING INC.",1240000.0,1,1,2025-09-26,1.24
"CELANESE CORPORATION",1240000.0,3,3,2026-03-26,1.24
"PHILIPS NORTH AMERICA LLC (FORMERLY REPORTING AS PHILIPS HEALTHCARE/HOLDING)",1240000.0,14,13,2025-12-12,1.24
"SAMSUNG ELECTRONICS CO., LTD.",1240000.0,19,12,2026-02-23,1.24
"NATIONAL CORN GROWERS ASSOCIATION",1240000.0,142,51,2026-03-31,1.24
"T1 ENERGY INC. (FORMERLY FREYR BATTERY, INC.)",1231935.0,0,0,,1.23
DOCUSIGN,1230000.0,0,0,,1.23
"MITSUBISHI POWER AMERICAS, INC.",1230000.0,0,0,,1.23
"STERIS CORPORATION",1230000.0,0,0,,1.23
"THOMA BRAVO, L.P.",1230000.0,0,0,,1.23
BIOMADE,1230000.0,3,3,2025-03-20,1.23
"KEURIG DR PEPPER INC. AND AFFILIATES",1230000.0,4,4,2025-12-17,1.23
"TD BANK, N.A.",1230000.0,7,6,2025-04-07,1.23
"FRED HUTCHINSON CANCER CENTER (FORMERLY KNOWN AS SEATTLE CANCER CARE ALLIANCE)",1230000.0,12,6,2026-02-13,1.23
"FUJIFILM HOLDINGS AMERICA CORPORATION",1225000.0,2,2,2024-04-12,1.23
"AMERICAN CIVIL LIBERTIES UNION, INC.",1222500.0,424,162,2026-03-25,1.22
"KUWAIT & GULF LINK HOLDING",1220000.0,0,0,,1.22
"SOLVD HEALTH",1220000.0,0,0,,1.22
"NOVOZYMES NORTH AMERICA, INC.",1220000.0,1,1,2022-05-13,1.22
"BOSTON DYNAMICS, INC.",1220000.0,2,2,2026-02-03,1.22
"XCEL ENERGY INC",1220000.0,25,20,2026-02-12,1.22
"D-WAVE GOVERNMENT INC.",1216000.0,11,10,2026-03-06,1.22
"VITA INCLINATA TECHNOLOGIES, INC.",1211333.0,0,0,,1.21
"CHEVRON PHILLIPS CHEMICAL COMPANY LP",1210000.0,2,1,2025-01-09,1.21
"MITSUBISHI HEAVY INDUSTRIES AMERICA, INC.",1210000.0,23,13,2025-11-19,1.21
"AMERICAN ASSOCIATION OF COLLEGES OF OSTEOPATHIC MEDICINE",1210000.0,27,22,2026-03-05,1.21
MGIC,1205000.0,0,0,,1.21
"VOLTA INDUSTRIES, INC. (FKA VOLTA CHARGING, INC.)",1205000.0,0,0,,1.21
"THE JUDGE ROTENBERG CENTER",1200475.0,0,0,,1.2
"ALLIANTGROUP L.P.",1200000.0,0,0,,1.2
"CARDINAL HEALTH (F.K.A. THE GLOVER PARK GROUP)",1200000.0,0,0,,1.2
"KIRIL DOMUSCHIEV AND GEORGI DOMUSCHIEF",1200000.0,0,0,,1.2
"PUERTO RICO FISCAL AGENCY AND FINANCIAL ADVISORY AUTHORITY",1200000.0,0,0,,1.2
"RIOT PLATFORMS, INC. (F/K/A RIOT BLOCKCHAIN, INC.)",1200000.0,0,0,,1.2
"THE MCENTEE GROUP, LLC",1200000.0,0,0,,1.2
"TWO SIGMA INVESTMENTS, LP",1200000.0,0,0,,1.2
"WAU HOLLAND STIFTUNG",1200000.0,0,0,,1.2
"ZELIS HEALTHCARE CORPORATION",1200000.0,0,0,,1.2
"ALTAMED HEALTH SERVICES CORPORATION",1200000.0,2,2,2026-02-20,1.2
"NUTRIEN US LLC",1200000.0,3,3,2026-03-12,1.2
"PINDROP SECURITY, INC.",1200000.0,3,3,2025-05-15,1.2
"GREATER ORLANDO AVIATION AUTHORITY",1200000.0,4,2,2025-05-28,1.2
"PASCUA YAQUI TRIBE",1200000.0,4,3,2025-08-14,1.2
"AMERICAN ASSOCIATION OF TISSUE BANKS",1200000.0,5,2,2025-02-06,1.2
"LPL FINANCIAL LLC",1200000.0,5,3,2025-06-03,1.2
"BECHTEL NATIONAL, INC.",1200000.0,7,6,2026-01-28,1.2
"SCALE AI, INC.",1200000.0,8,6,2026-02-04,1.2
"NOMURA HOLDING AMERICA, INC.",1200000.0,9,6,2026-01-29,1.2
"ADVANCED MICRO DEVICES (AMD)",1200000.0,22,13,2025-11-20,1.2
"NATIONAL BRAIN TUMOR SOCIETY, INC.",1200000.0,24,16,2025-10-03,1.2
"NATIONAL SORGHUM PRODUCERS",1200000.0,36,16,2026-02-03,1.2
"RAYTHEON TECHNOLOGIES CORPORATION",1200000.0,43,19,2026-03-31,1.2
"CAREFIRST BLUECROSS BLUESHIELD (FORMERLY KNOWN AS CAREFIRST BLUECROSS MAN CO LLC",1195000.0,7,5,2025-12-05,1.2
"ACG ADVOCACY ON BEHALF OF RELX INC.",1190000.0,0,0,,1.19
"PERSPECTUM LTD",1190000.0,0,0,,1.19
"SL GREEN REALTY CORP.",1190000.0,0,0,,1.19
"XTX MARKETS LLC (AMERICAS)",1190000.0,0,0,,1.19
"SABINE-NECHES NAVIGATION DISTRICT",1190000.0,2,1,2025-05-15,1.19
"NATIONAL PAWNBROKERS ASSOCIATION",1190000.0,4,2,2025-08-08,1.19
"TECO ENERGY INC.",1190000.0,4,4,2025-10-01,1.19
"AMERICAN ACADEMY OF PEDIATRIC DENTISTRY",1190000.0,6,5,2026-02-27,1.19
"MORONGO BAND OF MISSION INDIANS",1190000.0,9,4,2024-12-10,1.19
"NCTA - THE INTERNET AND TELEVISION ASSOCIATION",1190000.0,34,17,2025-12-02,1.19
"AMERICAN INTERNATIONAL GROUP, INC.",1190000.0,105,52,2026-03-24,1.19
"ALLEGHENY COUNTY AIRPORT AUTHORITY",1185000.0,8,4,2025-06-18,1.19
"NORTHERN CALIFORNIA POWER AGENCY",1182500.0,23,20,2026-02-23,1.18
"BRIGHTLINE HOLDINGS LLC (FORMERLY VIRGIN TRAINS USA)",1180000.0,0,0,,1.18
"COEUR MINING, INC.",1180000.0,0,0,,1.18
"OAK VIEW GROUP, LLC",1180000.0,0,0,,1.18
"PRA GROUP, INC.",1180000.0,0,0,,1.18
"PRAGER DREIFUSS AG (ON BEHALF OF MARE FINANCE INVESTMENT HOLDINGS)",1180000.0,0,0,,1.18
"EQUITRANS MIDSTREAM CORPORATION",1180000.0,2,2,2023-03-27,1.18
"NEW YORK LIFE",1180000.0,3,3,2025-08-14,1.18
POSCO,1180000.0,3,2,2026-02-26,1.18
"SAILDRONE INC.",1180000.0,3,2,2025-04-08,1.18
"NORTHEAST ILLINOIS REGIONAL COMMUTER RAILROAD CORPORATION",1180000.0,56,13,2026-02-06,1.18
"BYTEDANCE INC.",1180000.0,150,90,2026-03-17,1.18
"SOLAREDGE TECHNOLOGIES, INC.",1175000.0,0,0,,1.18
"BLOOMBERG LP",1173000.0,144,86,2026-03-30,1.17
"BURFORD CAPITAL, LLC",1170000.0,0,0,,1.17
"DAR AL HANDASAH CONSULTANTS SHAIR & PARTNERS HOLDINGS LTD",1170000.0,0,0,,1.17
"HEALTH CAROUSEL, LLC",1170000.0,0,0,,1.17
"PROMERICA FINANCIAL CORPORATION",1170000.0,0,0,,1.17
"SILA NANOTECHNOLOGIES INC.",1170000.0,0,0,,1.17
"SUMITOMO PHARMA AMERICA (FORMERLY SUNOVION PHARMACEUTICALS, INC.)",1170000.0,0,0,,1.17
TURO,1170000.0,0,0,,1.17
"SPARTANBURG REGIONAL HEALTHCARE SYSTEM",1170000.0,1,1,2026-02-03,1.17
"BSA THE SOFTWARE ALLIANCE (FORMERLY BSA BUSINESS SOFTWARE ALLIANCE INC)",1170000.0,3,3,2024-10-01,1.17
"OCUGEN, INC.",1170000.0,4,2,2025-12-03,1.17
"AMERICAN PIPELINE CONTRACTORS ASSOCIATION",1170000.0,5,5,2024-06-20,1.17
"TRI-STATE GENERATION AND TRANSMISSION ASSOCIATION, INC.",1170000.0,8,4,2026-01-22,1.17
"UNIVERSITY OF ARIZONA",1170000.0,54,23,2026-03-25,1.17
"THE TRUSTEES OF PURDUE UNIVERSITY",1170000.0,84,34,2026-03-18,1.17
"VERDEGO AERO",1162500.0,0,0,,1.16
"ENERGIA NATURALIS AND PPD GROUP",1160000.0,0,0,,1.16
"FLEXTRONICS INTERNATIONAL USA, INC.",1160000.0,0,0,,1.16
"SAN MANUEL BAND OF MISSION INDIANS",1160000.0,0,0,,1.16
"UNITED KEETOOWAH BAND OF CHEROKEE INDIANS IN OKLAHOMA",1160000.0,0,0,,1.16
"WORKIVA, INC.",1160000.0,0,0,,1.16
"NEXTERA ENERGY RESOURCES LLC",1160000.0,6,6,2025-10-31,1.16
"BLOOD CANCER UNITED (FORMERLY REPORTED ASTHE LEUKEMIA AND LYMPHOMA SOCIETY)",1160000.0,7,7,2026-02-04,1.16
"ALCOA CORPORATION",1160000.0,9,3,2025-12-15,1.16
"SIEMENS MEDICAL SOLUTIONS USA, INC.",1160000.0,13,10,2026-03-02,1.16
"DARTMOUTH COLLEGE",1160000.0,60,22,2026-01-27,1.16
"ST ENGINEERING NORTH AMERICA, INC.",1155000.0,0,0,,1.16
"AKEBIA THERAPEUTICS, INC.",1155000.0,5,4,2026-03-19,1.16
"LG CHEM, LTD.",1155000.0,8,2,2025-09-11,1.16
"5E ADVANCED MATERIALS, INC.",1150000.0,0,0,,1.15
"ANMED HEALTH SYSTEM",1150000.0,0,0,,1.15
"ARES CAPITAL CORPORATION",1150000.0,0,0,,1.15
"GESOINVEST 2002, S.L.U.",1150000.0,0,0,,1.15
"HENRY SCHEIN",1150000.0,0,0,,1.15
"IVANHOE MINES LTD.",1150000.0,0,0,,1.15
"LPA ENVIRONMENTAL FUND, LLC",1150000.0,0,0,,1.15
"MAXAR TECHNOLOGIES HOLDINGS, INC.",1150000.0,0,0,,1.15
"NORTH AMERICAN INTERPIPE, INC.",1150000.0,0,0,,1.15
"FREEPORT-MCMORAN, INC.",1150000.0,1,1,2023-01-13,1.15
"SENTINELONE, INC.",1150000.0,1,1,2025-01-22,1.15
"ASURION, LLC",1150000.0,2,2,2026-03-26,1.15
"COMPRESSED GAS ASSOCIATION",1150000.0,2,2,2025-11-17,1.15
"OMIDYAR NETWORK SERVICES, LLC.",1150000.0,5,2,2025-12-30,1.15
"AMERICAN COUNCIL OF ENGINEERING COMPANIES, INC.",1150000.0,14,12,2026-01-28,1.15
"ERNST & YOUNG LLP",1150000.0,17,13,2026-01-30,1.15
"THE JEWISH FEDERATIONS OF NORTH AMERICA",1150000.0,28,18,2026-03-16,1.15
"WORLD GOLD COUNCIL",1147000.0,0,0,,1.15
"DAILYPAY, INC.",1140000.0,0,0,,1.14
"IPSEN BIOPHARMACEUTICALS, INC.",1140000.0,0,0,,1.14
"MASTRONARDI PRODUCE-USA, INC.",1140000.0,0,0,,1.14
"SHINGLE SPRINGS RANCHERIA",1140000.0,0,0,,1.14
SURESCRIPTS,1140000.0,0,0,,1.14
"TRANSITAMERICA SERVICES",1140000.0,0,0,,1.14
"CONTRA COSTA WATER DISTRICT",1140000.0,1,1,2023-09-20,1.14
"COMMERCIAL METALS COMPANY",1140000.0,3,2,2023-09-22,1.14
"PUBLIC SERVICE ENTERPRISE GROUP, INC",1140000.0,6,5,2025-10-14,1.14
"BAYCARE HEALTH SYSTEM",1140000.0,7,5,2025-07-29,1.14
"JOBY AERO, INC.",1140000.0,10,10,2026-02-20,1.14
"YAHOO INC, AND VAR. SUBS/AFFILIATES (FKA COLLEGE PARENT, L.P. DBA ""YAHOO"")",1140000.0,15,13,2025-11-12,1.14
"AMERICAN FLOOD COALITION ACTION INC",1140000.0,27,14,2025-12-19,1.14
"WASHINGTON COMMANDERS",1140000.0,39,27,2026-03-20,1.14
"UNITED NETWORK FOR ORGAN SHARING (UNOS)",1140000.0,50,27,2026-02-11,1.14
"TUFTS UNIVERSITY",1140000.0,51,32,2026-03-26,1.14
"UNIVERSITY OF MINNESOTA",1140000.0,60,29,2026-03-26,1.14
"WESTMORELAND MINING LLC",1140000.0,70,24,2026-03-09,1.14
"APTIV, PLC",1135000.0,0,0,,1.14
"BLACKROCK FUND SERVICES GROUP, LLC",1135000.0,38,21,2026-01-23,1.14
"ENOVA INTERNATIONAL, INC.",1130000.0,0,0,,1.13
"INTREPID POTASH INC.",1130000.0,0,0,,1.13
WELLSKY,1130000.0,0,0,,1.13
"ACP TECHNOLOGIES, LLC",1130000.0,1,1,2026-02-17,1.13
"TUNICA BILOXI TRIBE OF LOUISIANA",1130000.0,1,1,2023-06-28,1.13
"FIRSTDAY FOUNDATION (FORMERLY KNOWN AS BCFS)",1130000.0,2,1,2025-03-11,1.13
"HERMEUS CORPORATION",1130000.0,2,2,2026-03-24,1.13
"SKYWATER TECHNOLOGY FOUNDRY",1130000.0,5,4,2024-12-06,1.13
"GE HEALTHCARE",1130000.0,8,4,2025-07-17,1.13
"GENERAL MILLS, INC.",1130000.0,10,4,2024-11-04,1.13
"AMERICAN GAS ASSOCIATION",1130000.0,14,9,2025-11-19,1.13
"ASIAN AMERICAN HOTEL OWNERS ASSOCIATION",1130000.0,26,16,2026-01-23,1.13
"MASTERCARD INTERNATIONAL INCORPORATED",1130000.0,51,27,2026-03-12,1.13
"ELANCO US INC.",1128000.0,8,4,2026-03-05,1.13
"IRIDIUM SATELLITE, LLC",1125000.0,1,1,2023-08-07,1.13
"CHICANOS POR LA CAUSA, INC.",1125000.0,9,7,2026-03-31,1.13
"MODERNATX, INC.",1125000.0,41,20,2026-03-25,1.13
"ANTA SPORTS PRODUCTS LIMITED",1120000.0,0,0,,1.12
"ENVIVA LLC (FORMERLY KNOWN AS ENVIVA LP)",1120000.0,0,0,,1.12
IVANTI,1120000.0,1,1,2024-07-03,1.12
"PARA LA NATURALEZA, INC.",1120000.0,1,1,2023-07-21,1.12
"TRINET USA, INC.",1120000.0,1,1,2023-04-21,1.12
"GENERAL ATOMICS - AERONAUTICAL SYSTEMS, INC.",1120000.0,3,2,2023-08-30,1.12
"TENASKA, INC.",1120000.0,4,3,2025-02-28,1.12
"BWX TECHNOLOGIES, INC.",1120000.0,5,4,2026-02-09,1.12
"ACADEMY OF MANAGED CARE PHARMACY",1120000.0,6,6,2025-06-25,1.12
"ZILLOW INC",1120000.0,9,5,2026-02-11,1.12
"KOCH GOVERNMENT AFFAIRS, LLC FKA KOCH COMPANIES PUBLIC SECTOR, LLC",1110000.0,0,0,,1.11
"STEPHENSON STELLAR CORPORATION",1110000.0,0,0,,1.11
"URAC, INC.",1110000.0,0,0,,1.11
"ZSCALER INC. AND AFFILIATES (FKA ZSCALER, INC.)",1110000.0,0,0,,1.11
"TECK RESOURCES LIMITED",1110000.0,1,1,2022-07-20,1.11
"THE SHERWIN-WILLIAMS COMPANY",1110000.0,1,1,2025-08-28,1.11
"AMERICAN RESORT DEVELOPMENT ASSOCIATION",1110000.0,2,2,2025-03-27,1.11
"IQVIA HOLDINGS, INC.",1110000.0,2,1,2024-01-18,1.11
"NAVIENT SOLUTIONS LLC (FORMERLY NAVIENT CORPORATION)",1110000.0,3,2,2024-06-05,1.11
"THE PROCTER & GAMBLE COMPANY",1110000.0,5,2,2026-02-06,1.11
"WESTINGHOUSE ELECTRIC COMPANY LLC",1110000.0,6,5,2026-03-25,1.11
"ROBERT BOSCH LLC",1110000.0,10,7,2026-01-02,1.11
"SEALASKA CORPORATION",1110000.0,18,2,2026-02-03,1.11
"WK KELLOGG CO (FKA KELLOGG COMPANY)",1110000.0,28,24,2026-03-06,1.11
"AMERICAN MEDICAL REHABILITATION PROVIDER ASSOCIATION",1100000.0,0,0,,1.1
"BEONE MEDICINES ( FORMERLY KNOWN AS BEIGENE USA, INC.)",1100000.0,0,0,,1.1
"BIOSTAR MEDICAL LLC",1100000.0,0,0,,1.1
"CHIPOTLE MEXICAN GRILL, INC.",1100000.0,0,0,,1.1
"REMITLY, INC.",1100000.0,0,0,,1.1
"REVELLE AESTHETICS, INC.",1100000.0,0,0,,1.1
"MASSACHUSETTS MUTUAL LIFE INSURANCE COMPANY",1100000.0,1,1,2024-04-30,1.1
ZOCDOC,1100000.0,1,1,2025-11-18,1.1
"FRANCISCAN MISSIONARIES OF OUR LADY HEALTH SYSTEM, INC.",1100000.0,3,2,2025-12-19,1.1
"COREWEAVE, INC.",1100000.0,4,2,2026-01-29,1.1
"WIELAND NORTH AMERICA, INC.",1100000.0,4,4,2026-03-13,1.1
"STUBHUB INC.",1100000.0,5,4,2024-06-13,1.1
"UNITED WHOLESALE MORTGAGE, LLC",1100000.0,5,5,2025-03-12,1.1
"DANONE NORTH AMERICA PUBLIC BENEFIT CORPORATION",1100000.0,11,9,2024-06-11,1.1
"ODAWI LAW PLLC ON BEHALF OF PRAIRIE BAND POTAWATOMI NATION",1100000.0,12,7,2026-01-16,1.1
"SHARE OUR STRENGTH, INC.",1100000.0,29,23,2026-03-02,1.1
"OCEAN CONSERVANCY, INC.",1100000.0,75,33,2026-03-27,1.1
"PACE-O-MATIC, INC.",1090000.0,0,0,,1.09
"MAIN STREET SPORTS GROUP DBA FANDUEL SPORTS NETWORK",1090000.0,1,1,2025-07-16,1.09
"CLARK STREET ASSOCIATES LLC ON BEHALF OF QORVO",1090000.0,2,2,2025-12-03,1.09
"NATIONAL HOME INFUSION ASSOCIATION",1090000.0,6,4,2025-05-08,1.09
"UNIVERSITY OF IDAHO",1090000.0,14,3,2026-01-29,1.09
"L3HARRIS TECHNOLOGIES, INC.",1090000.0,16,8,2026-02-03,1.09
"CONFEDERATED TRIBES OF THE COLVILLE RESERVATION",1090000.0,21,8,2025-07-25,1.09
"UNIVERSITY OF PITTSBURGH",1090000.0,76,35,2026-03-30,1.09
"DISCORD INC",1090000.0,92,57,2026-03-25,1.09
"BOYD GAMING CORPORATION",1080000.0,0,0,,1.08
"FORTINET, INC.",1080000.0,0,0,,1.08
"INVENTUS POWER",1080000.0,0,0,,1.08
"MARTIN'S POINT HEALTH CARE",1080000.0,0,0,,1.08
"TAXBIT INC.",1080000.0,0,0,,1.08
"AK CHIN INDIAN COMMUNITY",1080000.0,1,1,2025-11-24,1.08
"CULTURAL CARE AU PAIR",1080000.0,1,1,2023-06-07,1.08
"ELECTION SYSTEMS & SOFTWARE, LLC",1080000.0,1,1,2023-05-10,1.08
"QUALTRICS LLC",1080000.0,1,1,2025-01-07,1.08
"SAGINAW CHIPPEWA INDIAN TRIBE OF MICHIGAN",1080000.0,1,1,2024-03-06,1.08
"LVMH MOET HENNESSY LOUIS VUITTON INC.",1080000.0,2,2,2024-03-19,1.08
"MGM RESORTS",1080000.0,2,2,2025-09-24,1.08
"STRIVETOGETHER, INC.",1080000.0,2,2,2023-09-27,1.08
"YESHIVA UNIVERSITY",1080000.0,3,3,2026-02-04,1.08
"BRIDGESTONE AMERICAS HOLDING INC",1080000.0,10,6,2025-12-10,1.08
"TIBER CREEK HEALTH STRATEGIES, INC. (ON BEHALF OF NOVARTIS)",1080000.0,10,7,2026-03-13,1.08
"STARKIST CO",1080000.0,11,1,2025-03-19,1.08
"AMERICAN ACADEMY OF PHYSICIAN ASSOCIATES",1080000.0,18,16,2025-12-22,1.08
"LINKEDIN CORPORATION",1080000.0,22,19,2026-03-17,1.08
"AMERICAN COLLEGE OF SURGEONS",1080000.0,29,19,2026-02-12,1.08
"BAE SYSTEMS LAND & ARMAMENTS LP",1080000.0,37,15,2026-03-23,1.08
"TRANSPORT WORKERS UNION OF AMERICA, AFL-CIO",1080000.0,109,53,2026-03-24,1.08
"SEMI (FKA SEMICONDUCTOR EQUIPMENT AND MATERIALS INTERNATIONAL)",1080000.0,375,178,2026-03-30,1.08
"NST GLOBAL, LLC (DBA SB TACTICAL)",1075000.0,2,2,2023-06-08,1.07
"SALT RIVER PIMA MARICOPA INDIAN COMMUNITY",1075000.0,8,8,2025-12-17,1.07
"NISOURCE INC.",1071000.0,2,2,2025-12-16,1.07
"ILLUMINATE USA LLC",1070000.0,0,0,,1.07
"MULTI SERVICE TECHNOLOGY SOLUTIONS, INC. (D/B/A TREVIPAY)",1070000.0,0,0,,1.07
"NEWMONT MINING CORPORATION",1070000.0,0,0,,1.07
"BATH & BODY WORKS, INC.",1070000.0,1,1,2026-02-17,1.07
"COOK INLET REGION INCORPORATED (CIRI)",1070000.0,2,2,2025-04-17,1.07
"HYUNDAI STEEL COMPANY",1070000.0,4,2,2025-06-11,1.07
"AMERICAN EXPLORATION & PRODUCTION COUNCIL",1070000.0,22,15,2026-02-24,1.07
"MCKINSEY AND COMPANY, INC.",1070000.0,33,14,2026-03-13,1.07
"NATIONAL AUDUBON SOCIETY",1070000.0,170,78,2026-03-26,1.07
"NATIONAL PUBLIC RADIO",1070000.0,365,140,2026-03-30,1.07
"THE ORTHOFORUM",1068000.0,0,0,,1.07
"THE UNIVERSITY OF CHICAGO MEDICAL CENTER",1066000.0,0,0,,1.07
"AFRICA FINANCE CORPORATION",1063608.21,0,0,,1.06
KERECIS,1060000.0,0,0,,1.06
"MONEYGRAM INTERNATIONAL INC.",1060000.0,0,0,,1.06
PODIMETRICS,1060000.0,0,0,,1.06
"PEDIATRIX MEDICAL GROUP, INC.",1060000.0,1,1,2024-10-29,1.06
"SOCIETY OF NUCLEAR MEDICINE AND MOLECULAR IMAGING",1060000.0,1,1,2024-10-03,1.06
"AMERICAN REGISTRY OF RADIOLOGIC TECHNOLOGISTS",1060000.0,2,2,2025-05-15,1.06
"PHOENIX TAILINGS",1060000.0,2,2,2026-02-06,1.06
"COVESTRO, LLC",1060000.0,3,2,2025-06-19,1.06
"HILCORP ENERGY COMPANY",1060000.0,3,3,2026-01-28,1.06
"CERTIFIED FINANCIAL PLANNER BOARD OF STANDARDS, INC.",1060000.0,7,7,2025-05-16,1.06
"REPSOL S.A.",1060000.0,8,5,2026-01-28,1.06
"JOBY AVIATION",1060000.0,10,10,2026-02-20,1.06
"LA 2028 -LOS ANGELES ORGANIZING COMMITTEE FOR OLYMPIC AND PARALYMPIC GAMES 2028",1060000.0,15,10,2026-02-20,1.06
"UNITED BROTHERHOOD OF CARPENTERS AND JOINERS OF AMERICA",1060000.0,18,13,2026-02-19,1.06
"ST. BERNARD PORT, HARBOR AND TERMINAL DISTRICT",1055000.0,0,0,,1.05
"BEST BUY CO., INC.",1055000.0,8,5,2025-02-06,1.05
"HYSTER-YALE MATERIALS HANDLING, INC.",1050000.0,0,0,,1.05
"UNITED STATES CELLULAR CORPORATION",1050000.0,0,0,,1.05
"THE UNIVERSITY OF TEXAS SYSTEM",1050000.0,4,4,2025-08-02,1.05
"LEGO SYSTEMS, INC.",1050000.0,5,4,2026-01-09,1.05
"ENBRIDGE (U.S.) INC. (FORMERLY SPECTRA ENERGY)",1050000.0,6,6,2025-08-27,1.05
"FORETREX, INC. LTD (FORMERLY PACKERS SANITATION SERVICES, INC., LTD.)",1050000.0,7,7,2024-06-26,1.05
"TRUIST (FORMERLY SUNTRUST BANK)",1050000.0,7,5,2024-09-12,1.05
"ORACLE AMERICAN INC.",1050000.0,50,29,2026-03-23,1.05
"UNIVERSITY OF NEBRASKA",1050000.0,95,18,2026-03-13,1.05
"CONSENSYS SOFTWARE INC.",1047700.0,0,0,,1.05
"908 DEVICES, INC.",1045000.0,0,0,,1.04
"SAN DIEGO COUNTY WATER AUTHORITY",1045000.0,3,3,2026-03-06,1.04
"SANTA YNEZ BAND OF CHUMASH INDIANS",1045000.0,18,5,2025-09-26,1.04
"ANTORA ENERGY, INC.",1040000.0,0,0,,1.04
"CHROMALLOY GAS TURBINE, LLC",1040000.0,0,0,,1.04
"EVONIK CORPORATION",1040000.0,0,0,,1.04
"KINROSS GOLD U.S.A., INC.",1040000.0,0,0,,1.04
"LAKEMOOR VENTURES, LLC",1040000.0,0,0,,1.04
MANAGEYOURID,1040000.0,0,0,,1.04
"ORANO USA LLC",1040000.0,0,0,,1.04
"CIBO TECHNOLOGIES",1040000.0,1,1,2024-04-18,1.04
"CLEAN HARBORS, INC.",1040000.0,2,2,2025-11-21,1.04
"NAMM: NATIONAL ASSOCIATION OF MUSIC MERCHANTS",1040000.0,2,2,2025-06-12,1.04
"INVITAE INC.",1040000.0,4,3,2024-03-29,1.04
"LINDE (FKA PRAXAIR INC )",1040000.0,7,5,2026-01-22,1.04
"ROBLOX CORPORATION",1040000.0,7,6,2026-01-26,1.04
"CONTINENTAL CASUALTY COMPANY",1040000.0,36,21,2026-02-18,1.04
"CREDIT UNION NATIONAL ASSOCIATION. INC. DBA AMERICA'S CREDIT UNIONS",1040000.0,48,29,2026-02-24,1.04
"CVS PREVIOUSLY AETNA",1040000.0,94,51,2026-01-27,1.04
"SANTA CLARA VALLEY TRANSPORTATION AUTHORITY",1038000.0,13,5,2026-03-03,1.04
"PRATT INDUSTRIES (USA), INC.",1036797.0,0,0,,1.04
"AMERICAN SOC. OF AGRONOMY, CROP SCI. SOC. OF AMERICA & SOIL SCI. SOC. OF AMERICA",1030000.0,0,0,,1.03
"AMYLYX PHARMACEUTICALS",1030000.0,0,0,,1.03
"EQUITABLE HOLDINGS (FORMERLY KNOW AS AXA FINANCIAL/EQUITABLE LIFE ASSURANCE",1030000.0,0,0,,1.03
"INSIGHTEC, INC.",1030000.0,0,0,,1.03
"NATIONAL INSTALLMENT LENDERS ASSOCIATION",1030000.0,0,0,,1.03
"PERFORMANCE DRONE WORKS, LLC",1030000.0,0,0,,1.03
"TARGA RESOURCES CORPORATION",1030000.0,0,0,,1.03
"YORK SPACE SYSTEMS",1030000.0,0,0,,1.03
"LONGI SOLAR TECHNOLOGY (US) INC.",1030000.0,1,1,2022-07-12,1.03
"SASOL CHEMICALS USA LLC (THROUGH HARRIS DEVILLE AND ASSOCIATES)",1030000.0,1,1,2022-01-26,1.03
"BAKER HUGHES COMPANY",1030000.0,3,3,2026-02-26,1.03
"LENOVO GROUP (PREV REPORTED AS FGS GLOBAL (ASIA) LIMITED (O/B/O LENOVO GROUP)",1030000.0,3,3,2025-12-11,1.03
"THE AMERICAN COALITION FOR TAXPAYER RIGHTS",1030000.0,3,1,2025-04-15,1.03
"COUNCIL FOR INNOVATION PROMOTION (C4IP)",1030000.0,7,6,2025-06-02,1.03
AMEREN,1030000.0,12,11,2025-10-15,1.03
"AMERICAN HONEY PRODUCERS ASSOCIATION",1030000.0,13,10,2026-02-26,1.03
"TRI-COUNTY METROPOLITAN TRANSPORTATION DISTRICT OF OREGON (TRIMET)",1030000.0,15,3,2026-02-19,1.03
"AMERICAN ASSOCIATION OF NURSE PRACTITIONERS",1030000.0,52,36,2026-03-02,1.03
"CORINTHIA HOLDINGS PTE. LTD.",1025000.0,0,0,,1.02
"TALEN ENERGY (FKA TALEN ENERGY SUPPLY, LLC)",1025000.0,0,0,,1.02
"ABSOLUTE SOFTWARE CORPORATION",1020000.0,0,0,,1.02
"ALTICOR, INC.",1020000.0,0,0,,1.02
"AMERICAN FINANCIAL GROUP, INC.",1020000.0,0,0,,1.02
"APIJECT SYSTEMS, CORP.",1020000.0,0,0,,1.02
"ARKEMA INC.",1020000.0,0,0,,1.02
"ASCENDIS PHARMA, INC.",1020000.0,0,0,,1.02
"BOLDYN NETWORKS (FKA SIGNAL POINT SYSTEMS, INC.)",1020000.0,0,0,,1.02
"EAGLEPICHER TECHNOLOGIES LLC",1020000.0,0,0,,1.02
"EHEALTH INSURANCE SERVICES, INC.",1020000.0,0,0,,1.02
FINDHELP,1020000.0,0,0,,1.02
"FREEPOINT COMMODITIES LLC",1020000.0,0,0,,1.02
"GHARDA CHEMICALS INTERNATIONAL, INC.",1020000.0,0,0,,1.02
"INDIAN PHARMACEUTICAL ALLIANCE(FORMERLY INDIAN PHARMACEUTICAL ASSOCIATION)",1020000.0,0,0,,1.02
"KBR, INC. F/K/A SGT, INC.",1020000.0,0,0,,1.02
"LIVERAMP, INC.",1020000.0,0,0,,1.02
"LOCKTON MANAGEMENT, LLC",1020000.0,0,0,,1.02
"LUTRON ELECTRONICS CO., INC.",1020000.0,0,0,,1.02
"NATIONAL COALITION FOR ACCESS TO AUTISM SERVICES (NCAAS)",1020000.0,0,0,,1.02
"ONCOR ELECTRIC DELIVERY",1020000.0,0,0,,1.02
"ONEMAIN FINANCIAL GROUP, LLC",1020000.0,0,0,,1.02
"PATHWARD, NATIONAL ASSOCIATION (FKA PATHWARD (FORMERLY METABANK, N.A.))",1020000.0,0,0,,1.02
"PRIMERICA, INC.",1020000.0,0,0,,1.02
SCP-HEALTH,1020000.0,0,0,,1.02
"SEMINOLE HARD ROCK DIGITAL, LLC",1020000.0,0,0,,1.02
"SYCUAN BAND OF THE KUMEYAAY NATION",1020000.0,0,0,,1.02
"TARRANT REGIONAL WATER DISTRICT",1020000.0,0,0,,1.02
"AMERICAN ASSOCIATION OF CROP INSURERS (AACI)",1020000.0,1,1,2025-03-14,1.02
"AVENTIV TECHNOLOGIES LLC AND VARIOUS SUBSIDIARIES",1020000.0,1,1,2024-07-23,1.02
"GEOTHERMAL EXCHANGE ORGANIZATION",1020000.0,1,1,2023-12-12,1.02
"KURDISTAN REGIONAL GOVERNMENT",1020000.0,1,1,2025-05-21,1.02
"SB GROUP US DBA SOFTBANK GROUP US, INC.",1020000.0,1,1,2025-09-24,1.02
"TEXAS ASSOCIATION FOR HOME CARE & HOSPICE",1020000.0,1,1,2025-07-17,1.02
"VANTIVE US HEALTHCARE LLC",1020000.0,1,1,2025-07-16,1.02
WEBBANK,1020000.0,1,1,2026-02-12,1.02
"ALCON VISION LLC",1020000.0,2,2,2025-09-24,1.02
"AMERICAN FEDERATION FOR AGING RESEARCH",1020000.0,2,2,2025-05-01,1.02
"CONTINENTAL TIRE THE AMERICAS, LLC",1020000.0,2,1,2023-09-29,1.02
"NIRON MAGNETICS",1020000.0,2,2,2025-02-24,1.02
"EOG RESOURCES",1020000.0,3,3,2026-02-25,1.02
"KRATOS DEFENSE & SECURITY SOLUTIONS",1020000.0,3,3,2025-03-18,1.02
"NUTRIEN US LLC (FORMERLY KNOWN AS AGRIUM U.S. INC.) (A NUTRIEN LTD SUBSIDIARY)",1020000.0,3,3,2026-03-12,1.02
"MILLE LACS BAND OF OJIBWE INDIANS",1020000.0,4,2,2025-03-27,1.02
"RED BULL NORTH AMERICA, INC.",1020000.0,6,6,2025-12-15,1.02
"TIBER CREEK HEALTH STRATEGIES, INC. (ON BEHALF OF GENENTECH, INC.)",1020000.0,6,6,2026-03-13,1.02
"AMBULATORY SURGERY CENTER ASSOCIATION",1020000.0,7,5,2026-03-25,1.02
"AMERICAN PUBLIC TRANSPORTATION ASSOCIATION (APTA)",1020000.0,9,7,2026-03-24,1.02
"ARCOSA, INC.",1020000.0,9,2,2026-03-06,1.02
"COMMONSPIRIT HEALTH",1020000.0,9,4,2026-01-19,1.02
"MCKESSON CORPATION AND ITS AFFILIATE US ONCOLOGY (FORMERLY US ONCOLOGY)",1020000.0,9,7,2025-09-10,1.02
"SHIPBUILDERS COUNCIL OF AMERICA",1020000.0,9,7,2025-10-28,1.02
"THE MOHEGAN TRIBE",1020000.0,9,4,2026-02-06,1.02
"YSLETA DEL SUR PUEBLO TRIBE",1020000.0,9,3,2025-06-05,1.02
"PORT OF HOUSTON AUTHORITY OF HARRIS COUNTY, TEXAS",1020000.0,11,6,2024-10-02,1.02
"WEYERHAEUSER CO",1020000.0,11,8,2025-09-03,1.02
"AMERICAN SOCIETY OF TRANSPLANTATION",1020000.0,12,9,2025-07-23,1.02
"AMERICAN PUBLIC TRANSPORTATION ASSOCIATION",1020000.0,13,11,2026-03-24,1.02
"KOHLBERG KRAVIS ROBERTS & COMPANY",1020000.0,13,4,2025-12-09,1.02
"MORGAN STANLEY DEAN WITTER & COMPANY",1020000.0,15,11,2025-09-23,1.02
"AMGEN, INC. FKA HORIZON THERAPEUTICS USA, INC.",1020000.0,18,13,2026-03-13,1.02
"MUSCOGEE CREEK NATION",1020000.0,24,15,2026-02-05,1.02
"NASDAQ OMX GROUP (FORMERLY ""THE NASDAQ STOCK MARKET"")",1020000.0,27,22,2026-03-26,1.02
"SAFARI CLUB INTERNATIONAL",1020000.0,30,14,2026-03-18,1.02
"NEC CORPORATION OF AMERICA",1020000.0,39,28,2026-02-24,1.02
"UTE INDIAN TRIBE",1015009.0,15,8,2025-12-02,1.02
"A.O. SMITH CORPORATION",1010000.0,0,0,,1.01
"AMBAC ASSURANCE CORPORATION",1010000.0,0,0,,1.01
"AMEDISYS HOME HEALTH AND HOSPICE CARE",1010000.0,0,0,,1.01
"FISHER & PHILLIPS LLP, ON BEHALF OF FORTREX, INC. LTD.",1010000.0,0,0,,1.01
"GRUP IMMOBILIARI CIERCO",1010000.0,0,0,,1.01
"JOHN HANCOCK LIFE INSURANCE COMPANY (USA) (FKA JOHN HANCOCK FIN. SERVICES, INC.)",1010000.0,0,0,,1.01
"MAGPUL INDUSTRIES CORPORATION, INC.",1010000.0,0,0,,1.01
"TENNESSEE RURAL HEALTH IMPROVEMENT ASSOCIATION",1010000.0,0,0,,1.01
"MEDIATEK USA INC.",1010000.0,1,1,2024-08-06,1.01
"SARONIC TECHNOLOGIES, INC.",1010000.0,1,1,2025-12-03,1.01
"SARONIC, INC.",1010000.0,1,1,2025-12-03,1.01
"SIERRA SPACE CORPORATION",1010000.0,1,1,2024-12-20,1.01
"TRANE TECHNOLOGIES COMPANY LLC",1010000.0,2,2,2024-08-06,1.01
"HAPAG-LLOYD (AMERICA) LLC",1010000.0,3,3,2025-03-11,1.01
"CALISTA CORPORATION",1010000.0,7,3,2025-10-31,1.01
"CLEMSON UNIVERSITY",1010000.0,23,11,2026-03-11,1.01
"AMERICAN EXPRESS COMPANY",1010000.0,37,21,2026-03-05,1.01
"UNIVERSITY OF CONNECTICUT",1010000.0,77,16,2026-03-06,1.01
"SCHNEIDER NATIONAL INC.",1010000.0,1105,227,2026-03-24,1.01
"KOHLER CO.",1006843.0,7,5,2026-03-06,1.01
"HONDURAS PROSPERA INC.",1006000.0,14,9,2026-03-16,1.01
"IBX LLC (FORMERLY X ENERGY LLC)",1005000.0,0,0,,1.0
"UNIVERSITY OF HOUSTON",1005000.0,26,13,2026-02-10,1.0
"APTARGROUP, INC.",1000000.0,0,0,,1.0
"ARIZONA MINERALS, INC.",1000000.0,0,0,,1.0
"BIOCARE DONOR TISSUE NETWORK, LLC",1000000.0,0,0,,1.0
"BLUE CROSS BLUE SHIELD OF MASSACHUSETTS",1000000.0,0,0,,1.0
"CRINETICS PHARMACEUTICALS",1000000.0,0,0,,1.0
"FRED DAIBES",1000000.0,0,0,,1.0
"INNOVAIRRS & CO.",1000000.0,0,0,,1.0
"KOPIN CORPORATION",1000000.0,0,0,,1.0
"LIVERAMP HOLDINGS INC.",1000000.0,0,0,,1.0
"NATIONAL CENTER FOR MANUFACTURING SCIENCES",1000000.0,0,0,,1.0
"NATURAL GAS SUPPLY ASSN",1000000.0,0,0,,1.0
"OHIO CHRISTIAN UNIVERSITY",1000000.0,0,0,,1.0
"WOLTERS KLUWER",1000000.0,0,0,,1.0
"DOMINO'S NATIONAL ADVERTISING FUND INC",1000000.0,1,1,2024-12-05,1.0
"MARUBENI OIL & GAS (USA) INC.",1000000.0,1,1,2025-08-25,1.0
"SCOTT'S MIRACLE-GRO",1000000.0,2,2,2026-03-26,1.0
"MONDELEZ INTERNATIONAL, INC.",1000000.0,3,2,2024-09-25,1.0
"RIOT GAMES, INC.",1000000.0,3,2,2024-10-16,1.0
"LEVI STRAUSS & COMPANY",1000000.0,10,7,2026-03-10,1.0
"CONSOLIDATED RAIL CORPORATION",1000000.0,116,63,2026-03-09,1.0
