roster_entity,raw_client_name,alias_coverage,n_press_mentions,n_distinct_members_mentioning,most_recent_mention_date
21ST CENTURY PRIVACY COALITION,21ST CENTURY PRIVACY COALITION,rejected_too_generic,0,0,
"23ANDME, INC.","23ANDME, INC.",not_reviewed,0,0,
"ACCENTURE, LLP","ACCENTURE, LLP",reviewed,6,6,2025-12-11
"ACT EDUCATION CORP. (FKA ACT, INC.)","ACT EDUCATION CORP. (FKA ACT, INC.)",not_reviewed,0,0,
ACXIOM LLC,ACXIOM LLC,reviewed,0,0,
ADVAMED:ADVANCED MEDICAL TECHNOLOGY ASSOCIATION,ADVAMED:ADVANCED MEDICAL TECHNOLOGY ASSOCIATION,not_reviewed,0,0,
ADVANCE PUBLICATIONS,ADVANCE PUBLICATIONS,not_reviewed,0,0,
AFLAC INCORPORATED,AFLAC INCORPORATED,reviewed,0,0,
AIRBNB,AIRBNB,not_reviewed,0,0,
AIRBNB,"AIRBNB, INC.",reviewed,13,9,2026-03-27
AKOYA LLC,AKOYA LLC,not_reviewed,0,0,
ALABAMA FARMERS FEDERATION,ALABAMA FARMERS FEDERATION,not_reviewed,0,0,
ALARM INDUSTRY COMMUNICATIONS COMMITTEE (FKA ALARM INDUSTRY TELECOMMUNICATIONS),ALARM INDUSTRY COMMUNICATIONS COMMITTEE (FKA ALARM INDUSTRY TELECOMMUNICATIONS),not_reviewed,0,0,
ALIBABA GROUP HOLDING LIMITED,ALIBABA GROUP HOLDING LIMITED,reviewed,15,12,2026-01-09
ALLIANCE FOR AUTOMOTIVE INNOVATION,ALLIANCE FOR AUTOMOTIVE INNOVATION,rejected_too_generic,0,0,
ALLSTATE INSURANCE COMPANY,ALLSTATE INSURANCE COMPANY,reviewed,7,5,2025-08-05
ALLY FINANCIAL INC.,ALLY FINANCIAL INC.,not_reviewed,0,0,
AMAZON.COM SERVICES,AMAZON.COM SERVICES LLC,reviewed,321,136,2026-03-31
AMAZON.COM SERVICES,"AMAZON.COM SERVICES, INC.",reviewed,0,0,
AMEREN SERVICES,AMEREN SERVICES,not_reviewed,0,0,
AMERICAN ASSOCIATION FOR JUSTICE,AMERICAN ASSOCIATION FOR JUSTICE,rejected_too_generic,0,0,
AMERICAN BANKERS ASSOCIATION,AMERICAN BANKERS ASSOCIATION,rejected_too_generic,0,0,
AMERICAN BAR ASSOCIATION,AMERICAN BAR ASSOCIATION,not_reviewed,0,0,
AMERICAN BEVERAGE LICENSEES,AMERICAN BEVERAGE LICENSEES,not_reviewed,0,0,
AMERICAN CLINICAL LABORATORY ASSOCIATION,AMERICAN CLINICAL LABORATORY ASSOCIATION,reviewed,8,7,2026-02-12
AMERICAN COUNCIL ON EDUCATION,AMERICAN COUNCIL ON EDUCATION,not_reviewed,0,0,
AMERICAN EXPRESS COMPANY,AMERICAN EXPRESS COMPANY,reviewed,37,21,2026-03-05
AMERICAN FAMILY MUTUAL INSURANCE COMPANY,AMERICAN FAMILY MUTUAL INSURANCE COMPANY,not_reviewed,0,0,
AMERICAN FAMILY MUTUAL INSURANCE COMPANY,"AMERICAN FAMILY MUTUAL INSURANCE COMPANY, S.I.",not_reviewed,0,0,
AMERICAN HEART ASSOCIATION,AMERICAN HEART ASSOCIATION,reviewed,151,80,2026-03-23
AMERICAN HONDA MOTOR,AMERICAN HONDA MOTOR CO INC (FORMERLY HONDA NORTH AMERICA),reviewed,3,3,2025-02-25
AMERICAN HONDA MOTOR,"AMERICAN HONDA MOTOR CO., INC.",not_reviewed,0,0,
AMERICAN HOTEL & LODGING ASSOCIATION,AMERICAN HOTEL & LODGING ASSOCIATION,reviewed,30,21,2026-03-27
"AMERICAN INTERNATIONAL GROUP, INC.","AMERICAN INTERNATIONAL GROUP, INC.",reviewed,105,52,2026-03-24
AMERICAN LAND TITLE ASSOCIATION,AMERICAN LAND TITLE ASSOCIATION,reviewed,80,37,2026-03-25
AMERICAN PROPERTY CASUALTY INSURANCE ASSOCIATION,AMERICAN PROPERTY CASUALTY INSURANCE ASSOCIATION,reviewed,48,31,2026-02-11
AMERICAN PROPERTY CASUALTY INSURANCE ASSOCIATION,AMERICAN PROPERTY CASUALTY INSURANCE ASSOCIATION FKA PROPERTY CASUALTY INSURERS,reviewed,0,0,
AMERICAN PUBLIC EDUCATION INC.,AMERICAN PUBLIC EDUCATION INC.,not_reviewed,0,0,
AMERICAN PUBLIC POWER ASSOCIATION,AMERICAN PUBLIC POWER ASSOCIATION,reviewed,35,27,2026-02-20
AMERICAN SOCIETY OF HUMAN GENETICS,AMERICAN SOCIETY OF HUMAN GENETICS,not_reviewed,0,0,
AMERICAN TRANSACTION PROCESSORS COALITION,AMERICAN TRANSACTION PROCESSORS COALITION,reviewed,0,0,
AMERICANS FOR FINANCIAL REFORM,AMERICANS FOR FINANCIAL REFORM,not_reviewed,0,0,
"AMERIPRISE FINANCIAL, INC.","AMERIPRISE FINANCIAL, INC.",not_reviewed,0,0,
ANCESTRY,ANCESTRY,not_reviewed,0,0,
ANTI-DEFAMATION LEAGUE,ANTI-DEFAMATION LEAGUE,not_reviewed,0,0,
APPLE,APPLE INC,not_reviewed,0,0,
APPLE,APPLE INC.,not_reviewed,0,0,
ASSOCIATION FOR COMPETITIVE TECHNOLOGY,ASSOCIATION FOR COMPETITIVE TECHNOLOGY,not_reviewed,0,0,
ASSOCIATION OF AMERICAN UNIVERSITIES,ASSOCIATION OF AMERICAN UNIVERSITIES,not_reviewed,0,0,
"ASSOCIATION OF NATIONAL ADVERTISERS, INC.","ASSOCIATION OF NATIONAL ADVERTISERS, INC.",not_reviewed,0,0,
ASSOCIATION OF STATE CRIMINAL INVESTIGATIVE AGENCIES,ASSOCIATION OF STATE CRIMINAL INVESTIGATIVE AGENCIES,not_reviewed,0,0,
AT&T SERVICES,AT&T SERVICES INC,not_reviewed,0,0,
AT&T SERVICES,AT&T SERVICES INC.,not_reviewed,0,0,
AT&T SERVICES,"AT&T SERVICES, INC.",not_reviewed,0,0,
ATLAS CROSSING LLC ON BEHALF OF NATIONAL ASSOCIATION OF CONVENIENCE STORES,ATLAS CROSSING LLC ON BEHALF OF NATIONAL ASSOCIATION OF CONVENIENCE STORES,not_reviewed,0,0,
ATLASSIAN,ATLASSIAN,not_reviewed,0,0,
"AURA SUB, LLC","AURA SUB, LLC",not_reviewed,0,0,
AUTODESK INC,AUTODESK INC,not_reviewed,0,0,
AVENTIV TECHNOLOGIES LLC AND VARIOUS SUBSIDIARIES,AVENTIV TECHNOLOGIES LLC AND VARIOUS SUBSIDIARIES,reviewed,1,1,2024-07-23
"AWESOME, INC.","AWESOME, INC.",not_reviewed,0,0,
AZOA SERVICES CORP(ALLIANZ OF AMERICA) AND AFFILIATES,AZOA SERVICES CORP(ALLIANZ OF AMERICA) AND AFFILIATES,not_reviewed,0,0,
BANK OF AMERICA CORPORATION,BANK OF AMERICA CORPORATION,reviewed,46,24,2025-06-11
"BATH & BODY WORKS, INC.","BATH & BODY WORKS, INC.",reviewed,1,1,2026-02-17
BIOTECHNOLOGY INNOVATION ORGANIZATION,BIOTECHNOLOGY INNOVATION ORGANIZATION,not_reviewed,0,0,
BLOCK,BLOCK INC.,not_reviewed,0,0,
BLOCK,"BLOCK, INC.",not_reviewed,0,0,
"BLOCKCHAINS, INC.","BLOCKCHAINS, INC.",not_reviewed,0,0,
BOEING EMPLOYEES' CREDIT UNION,BOEING EMPLOYEES' CREDIT UNION,not_reviewed,0,0,
BOOKING HOLDINGS INC.,BOOKING HOLDINGS INC.,not_reviewed,0,0,
BOYS & GIRLS CLUBS OF AMERICA,BOYS & GIRLS CLUBS OF AMERICA,not_reviewed,0,0,
BRENNAN CENTER FOR JUSTICE AT NEW YORK UNIVERSITY SCHOOL OF LAW,BRENNAN CENTER FOR JUSTICE AT NEW YORK UNIVERSITY SCHOOL OF LAW,not_reviewed,0,0,
BSA / SOFTWARE ALLIANCE,"BSA, THE SOFTWARE ALLIANCE",not_reviewed,0,0,
BUSINESS ROUNDTABLE,BUSINESS ROUNDTABLE,rejected_too_generic,0,0,
BUSINESS ROUNDTABLE,BUSINESS ROUNDTABLE INC,not_reviewed,0,0,
BYTEDANCE INC.,BYTEDANCE INC.,reviewed,150,90,2026-03-17
CALIFORNIA STATE SENATE,CALIFORNIA STATE SENATE,not_reviewed,0,0,
CAPITAL ONE FINANCIAL CORPORATION,CAPITAL ONE FINANCIAL CORPORATION,reviewed,45,22,2026-03-25
CARVANA,CARVANA,not_reviewed,0,0,
CATERPILLAR INC,CATERPILLAR INC,reviewed,7,7,2026-03-26
CEDIA,CEDIA,not_reviewed,0,0,
CENTER FOR FREEDOM AND PROSPERITY,CENTER FOR FREEDOM AND PROSPERITY,not_reviewed,0,0,
CHAMBER OF COMMERCE OF THE U.S.A.,CHAMBER OF COMMERCE OF THE U.S.A.,not_reviewed,0,0,
CHAMBER OF PROGRESS,CHAMBER OF PROGRESS,not_reviewed,0,0,
CHARTER COMMUNICATIONS,CHARTER COMMUNICATIONS INC.,not_reviewed,0,0,
CHARTER COMMUNICATIONS,"CHARTER COMMUNICATIONS, INC.",not_reviewed,0,0,
CHIPOTLE MEXICAN GRILL INC,CHIPOTLE MEXICAN GRILL INC,not_reviewed,0,0,
CHUBB INA HOLDINGS,CHUBB INA HOLDING COMPANY INC,not_reviewed,0,0,
CHUBB INA HOLDINGS,"CHUBB INA HOLDINGS, INC.",reviewed,2,2,2023-11-02
CINCINNATI BELL INC (DBA ALTAFIBER) AND ITS SUBSIDIARIES,CINCINNATI BELL INC (DBA ALTAFIBER) AND ITS SUBSIDIARIES,not_reviewed,0,0,
"CITIGROUP WASHINGTON, INC.","CITIGROUP WASHINGTON, INC.",reviewed,42,27,2026-03-13
"CLOAKED, INC.","CLOAKED, INC.",not_reviewed,0,0,
CLOUDFLARE,CLOUDFLARE,not_reviewed,0,0,
CMS ENERGY CORP,CMS ENERGY CORP,not_reviewed,0,0,
COALITION FOR HEALTHCARE COMMUNICATIONS,COALITION FOR HEALTHCARE COMMUNICATIONS,not_reviewed,0,0,
COCA-COLA COMPANY,COCA-COLA COMPANY,not_reviewed,0,0,
COLLEGE OF HEALTHCARE INFORMATION MANAGEMENT EXECUTIVES (CHIME),COLLEGE OF HEALTHCARE INFORMATION MANAGEMENT EXECUTIVES (CHIME),not_reviewed,0,0,
COMCAST CORPORATION,COMCAST CORPORATION,reviewed,39,23,2026-02-02
COMPUTER & COMMUNICATIONS INDUSTRY ASSOCIATION,COMPUTER & COMMUNICATIONS INDUSTRY ASSOCIATION,reviewed,26,15,2025-12-15
"CONSTELLATION ENERGY GENERATION, LLC","CONSTELLATION ENERGY GENERATION, LLC",not_reviewed,0,0,
CONSUMER DATA INDUSTRY ASSOCIATION,CONSUMER DATA INDUSTRY ASSOCIATION,rejected_too_generic,0,0,
CONSUMER TECHNOLOGY ASSOCIATION,CONSUMER TECHNOLOGY ASSOCIATION,rejected_too_generic,0,0,
"CONTINENTAL AUTOMOTIVE SYSTEMS, INC.","CONTINENTAL AUTOMOTIVE SYSTEMS, INC.",not_reviewed,0,0,
TARGET CORPORATION,CORNERSTONE GOVERNMENT AFFAIRS OBO TARGET CORPORATION,not_reviewed,0,0,
COX ENTERPRISES INC.,COX ENTERPRISES INC.,not_reviewed,0,0,
CREDIT KARMA AN INTUIT AFFILIATE,CREDIT KARMA AN INTUIT AFFILIATE,not_reviewed,0,0,
"CREDIT UNION NATIONAL ASSOCIATION, INC. DBA AMERICA'S CREDIT UNIONS","CREDIT UNION NATIONAL ASSOCIATION, INC. DBA AMERICA'S CREDIT UNIONS",not_reviewed,0,0,
CTIA - THE WIRELESS ASSOCIATION,CTIA - THE WIRELESS ASSOCIATION,reviewed,40,24,2025-11-21
CTIA - THE WIRELESS ASSOCIATION,CTIA-THE WIRELESS ASSOCIATION,reviewed,40,24,2025-11-21
CUNA MUTUAL GROUP,CUNA MUTUAL GROUP,not_reviewed,0,0,
DAPPER LABS INC.,DAPPER LABS INC.,reviewed,0,0,
DAVID'S LEGACY FOUNDATION,DAVID'S LEGACY FOUNDATION,not_reviewed,0,0,
DELL INC.,DELL INC.,reviewed,27,20,2026-03-26
DELL TECHNOLOGIES INC,DELL TECHNOLOGIES INC,not_reviewed,0,0,
"DEMAND PROGRESS ACTION, INC","DEMAND PROGRESS ACTION, INC",not_reviewed,0,0,
DENSO INTERNATIONAL AMERICA INC,DENSO INTERNATIONAL AMERICA INC,not_reviewed,0,0,
DEUTSCHE BANK USA (FKA DEUTSCHE BANK SECURITIES INC.),DEUTSCHE BANK USA (FKA DEUTSCHE BANK SECURITIES INC.),reviewed,0,0,
DIGITAL ANALYTICS FREEDOM ALLIANCE,DIGITAL ANALYTICS FREEDOM ALLIANCE,not_reviewed,0,0,
DIGITAL CONTENT NEXT,DIGITAL CONTENT NEXT,not_reviewed,0,0,
DIRECTV,DIRECTV,not_reviewed,0,0,
DIRECTV,"DIRECTV, LLC",reviewed,11,5,2025-12-02
"DISCOVER FINANCIAL SERVICES, INC.","DISCOVER FINANCIAL SERVICES, INC.",rejected_too_generic,0,0,
"DISCOVERY COMMUNICATIONS, LLC","DISCOVERY COMMUNICATIONS, LLC",not_reviewed,0,0,
DISNEY WORLDWIDE SERVICES INC,DISNEY WORLDWIDE SERVICES INC,not_reviewed,0,0,
DOMINO'S NATIONAL ADVERTISING FUND INC,DOMINO'S NATIONAL ADVERTISING FUND INC,reviewed,1,1,2024-12-05
DOW CHEMICAL COMPANY DBA DOW,DOW CHEMICAL COMPANY DBA DOW,not_reviewed,0,0,
"DROPBOX, INC.","DROPBOX, INC.",reviewed,14,5,2026-03-24
DUKE ENERGY CORPORATION,DUKE ENERGY CORPORATION,rejected_too_generic,0,0,
EBAY,EBAY INC,not_reviewed,0,0,
EBAY,EBAY INC.,not_reviewed,0,0,
EDISON ELECTRIC INSTITUTE,EDISON ELECTRIC INSTITUTE,rejected_too_generic,0,0,
ELECTRONIC FRONTIER FOUNDATION,ELECTRONIC FRONTIER FOUNDATION,not_reviewed,0,0,
ELECTRONIC PAYMENTS COALITION,ELECTRONIC PAYMENTS COALITION,rejected_too_generic,0,0,
ELECTRONIC TRANSACTIONS ASSOCIATION,ELECTRONIC TRANSACTIONS ASSOCIATION,not_reviewed,0,0,
ENEL NORTH AMERICA INC AND ITS AFFILIATES,ENEL NORTH AMERICA INC AND ITS AFFILIATES,not_reviewed,0,0,
ENTERGY SERVICES LLC,ENTERGY SERVICES LLC,not_reviewed,0,0,
ENTERPRISE CLOUD COALITION,ENTERPRISE CLOUD COALITION,not_reviewed,0,0,
ENTERTAINMENT SOFTWARE ASSOCIATION,ENTERTAINMENT SOFTWARE ASSOCIATION,rejected_too_generic,0,0,
EPIC SYSTEMS CORPORATION,EPIC SYSTEMS CORPORATION,rejected_too_generic,0,0,
EQUIFAX INC.,EQUIFAX INC.,not_reviewed,0,0,
"ETSY, INC.","ETSY, INC.",reviewed,27,18,2026-02-04
"EVENTBRITE, INC.","EVENTBRITE, INC.",not_reviewed,0,0,
EXPEDIA GROUP,EXPEDIA GROUP,not_reviewed,0,0,
21ST CENTURY PRIVACY COALITION,FARRAGUT PARTNERS ON BEHALF OF 21ST CENTURY PRIVACY COALITION,not_reviewed,0,0,
FEDEX CORPORATION,FEDEX CORPORATION,reviewed,45,26,2026-03-19
FIFTH THIRD BANK,FIFTH THIRD BANK,not_reviewed,0,0,
FINANCIAL INDUSTRY REGULATORY AUTHORITY,FINANCIAL INDUSTRY REGULATORY AUTHORITY,not_reviewed,0,0,
FINANCIAL TECHNOLOGY ASSOCIATION (FTA),FINANCIAL TECHNOLOGY ASSOCIATION (FTA),not_reviewed,0,0,
FINSECA,FINSECA,reviewed,1,1,2026-01-22
FIRST AMERICAN FINANCIAL CORPORATION,FIRST AMERICAN FINANCIAL CORPORATION,not_reviewed,0,0,
FOOD MARKETPLACE INC,FOOD MARKETPLACE INC,not_reviewed,0,0,
FORD MOTOR COMPANY,FORD MOTOR COMPANY,not_reviewed,0,0,
"FOUNDATION MEDICINE, INC.","FOUNDATION MEDICINE, INC.",not_reviewed,0,0,
FOX CORPORATION,FOX CORPORATION,rejected_too_generic,0,0,
GAP INC.,GAP INC.,not_reviewed,0,0,
"GARMIN INTERNATIONAL, INC.","GARMIN INTERNATIONAL, INC.",reviewed,2,1,2023-07-21
GENENTECH INC,GENENTECH INC,not_reviewed,0,0,
GENERAL MOTORS COMPANY,GENERAL MOTORS COMPANY,reviewed,160,63,2026-02-18
"GLOBAL PAYMENTS, INC.","GLOBAL PAYMENTS, INC.",not_reviewed,0,0,
GOOGLE CLIENT SERVICES,GOOGLE CLIENT SERVICES LLC,not_reviewed,0,0,
GOOGLE CLIENT SERVICES,"GOOGLE CLIENT SERVICES, LLC",not_reviewed,0,0,
GOVERNMENT ACCOUNTABILITY PROJECT,GOVERNMENT ACCOUNTABILITY PROJECT,not_reviewed,0,0,
GRUBHUB HOLDINGS INC.,GRUBHUB HOLDINGS INC.,not_reviewed,0,0,
GUARDIAN LIFE INSURANCE COMPANY OF AMERICA,GUARDIAN LIFE INSURANCE COMPANY OF AMERICA,rejected_too_generic,0,0,
"H&R BLOCK MANAGEMENT, LLC","H&R BLOCK MANAGEMENT, LLC",reviewed,25,14,2026-03-09
HARTFORD INSURANCE GROUP (FKA HARTFORD FINANCIAL SERVICES GROUP),HARTFORD INSURANCE GROUP (FKA HARTFORD FINANCIAL SERVICES GROUP),not_reviewed,0,0,
HEALTH INNOVATION ALLIANCE,HEALTH INNOVATION ALLIANCE,not_reviewed,0,0,
HOME DEPOT,HOME DEPOT,not_reviewed,0,0,
HONEYWELL INTERNATIONAL,HONEYWELL INTERNATIONAL,not_reviewed,0,0,
HP,HP INC,not_reviewed,0,0,
HP,HP INC.,not_reviewed,0,0,
IBM,IBM,not_reviewed,0,0,
"ID.ME, LLC","ID.ME, LLC",not_reviewed,0,0,
"INDEED, INC.","INDEED, INC.",not_reviewed,0,0,
INDEPENDENT INSURANCE AGENTS & BROKERS OF AMERICA,INDEPENDENT INSURANCE AGENTS & BROKERS OF AMERICA,not_reviewed,0,0,
INDIANA CHAMBER OF COMMERCE INC,INDIANA CHAMBER OF COMMERCE INC,not_reviewed,0,0,
INFIN A FINANCIAL SERVICES ALLIANCE,INFIN A FINANCIAL SERVICES ALLIANCE,not_reviewed,0,0,
INFORMATION TECHNOLOGY INDUSTRY COUNCIL,INFORMATION TECHNOLOGY INDUSTRY COUNCIL,rejected_too_generic,0,0,
INFORMATION TECHNOLOGY INDUSTRY COUNCIL,INFORMATION TECHNOLOGY INDUSTRY COUNCIL (ITI),rejected_too_generic,0,0,
"INMARKET MEDIA, LLC","INMARKET MEDIA, LLC",not_reviewed,0,0,
INTEL CORPORATION,INTEL CORPORATION,reviewed,263,96,2026-03-18
INTERNATIONAL FRANCHISE ASSOCIATION,INTERNATIONAL FRANCHISE ASSOCIATION,rejected_too_generic,0,0,
INTERNATIONAL FRANCHISE ASSOCIATION,INTERNATIONAL FRANCHISE ASSOCIATION (IFA),rejected_too_generic,0,0,
INTERPUBLIC GROUP,INTERPUBLIC GROUP,not_reviewed,0,0,
INTUIT,"INTUIT, INC. AND AFFILIATES",not_reviewed,0,0,
INTUIT,"INTUIT, INC. AND AFFILIATES (F.K.A. INTUIT, INC.)",not_reviewed,0,0,
INTUIT,"INTUIT, INC. AND AFFILIATES (FORMERLY INTUIT, INC.)",reviewed,28,14,2026-02-26
INVITAE INC.,INVITAE INC.,reviewed,4,3,2024-03-29
IQVIA,IQVIA,reviewed,2,1,2024-01-18
IRON MOUNTAIN,IRON MOUNTAIN,not_reviewed,0,0,
IVANTI,IVANTI,reviewed,1,1,2024-07-03
"JM FAMILY ENTERPRISES, INC","JM FAMILY ENTERPRISES, INC",reviewed,0,0,
JOINT COMMISSION ON ACCREDITATION OF HEALTHCARE ORGANIZATIONS,JOINT COMMISSION ON ACCREDITATION OF HEALTHCARE ORGANIZATIONS,not_reviewed,0,0,
"KOCH GOVERNMENT AFFAIRS, LLC","KOCH GOVERNMENT AFFAIRS, LLC",reviewed,41,29,2026-03-27
KOHLER CO.,KOHLER CO.,reviewed,7,5,2026-03-06
KROGER CO,KROGER CO,not_reviewed,0,0,
LIBERTY MUTUAL GROUP,LIBERTY MUTUAL GROUP,not_reviewed,0,0,
LIBERTY MUTUAL GROUP,LIBERTY MUTUAL GROUP INC.,reviewed,4,4,2025-05-18
LINCOLN NATIONAL CORPORATION,LINCOLN NATIONAL CORPORATION,not_reviewed,0,0,
LINKEDIN CORPORATION,LINKEDIN CORPORATION,reviewed,22,19,2026-03-17
LIVERAMP,LIVERAMP HOLDINGS INC.,reviewed,0,0,
LIVERAMP,"LIVERAMP, INC.",reviewed,0,0,
LOWE'S COMPANIES INC.,LOWE'S COMPANIES INC.,not_reviewed,0,0,
LUMEN TECHNOLOGIES,"LUMEN TECHNOLOGIES, INC.",not_reviewed,0,0,
LUMEN TECHNOLOGIES,"LUMEN TECHNOLOGIES, INC. (FORMERLY CENTURYLINK, INC.)",not_reviewed,0,0,
"LYTX, INC.","LYTX, INC.",not_reviewed,0,0,
MAJOR CITIES CHIEFS ASSOCIATION,MAJOR CITIES CHIEFS ASSOCIATION,not_reviewed,0,0,
MAJOR COUNTY SHERIFFS OF AMERICA (FORMERLY MAJOR COUNTY SHERIFFS' ASSOCIATION),MAJOR COUNTY SHERIFFS OF AMERICA (FORMERLY MAJOR COUNTY SHERIFFS' ASSOCIATION),not_reviewed,0,0,
MAPLEBEAR INC. D/B/A INSTACART,MAPLEBEAR INC. D/B/A INSTACART,reviewed,8,7,2026-02-10
"MARS, INCORPORATED","MARS, INCORPORATED",rejected_too_generic,0,0,
MARSH MCLENNAN,MARSH MCLENNAN,reviewed,8,4,2025-12-05
MATCH GROUP,MATCH GROUP,not_reviewed,0,0,
MATCH GROUP,"MATCH GROUP, INC.",not_reviewed,0,0,
MATCH GROUP,"MATCH GROUP, LLC",rejected_too_generic,0,0,
MCDONALD'S CORPORATION,MCDONALD'S CORPORATION,reviewed,33,24,2026-03-31
"MCGRAW HILL, LLC","MCGRAW HILL, LLC",not_reviewed,0,0,
MCGRAW-HILL EDUCATION,MCGRAW-HILL EDUCATION,reviewed,1,1,2024-04-19
MEDICAL PROFESSIONAL LIABILITY ASSOCIATION,MEDICAL PROFESSIONAL LIABILITY ASSOCIATION,not_reviewed,0,0,
MEDTRONIC,MEDTRONIC INC,not_reviewed,0,0,
MEDTRONIC,"MEDTRONIC, INC.",reviewed,0,0,
"MERCARI, INC.","MERCARI, INC.",not_reviewed,0,0,
MERCEDES-BENZ USA (FKA DAIMLER/MERCEDES-BENZ USA,MERCEDES-BENZ USA (FKA DAIMLER/MERCEDES-BENZ USA,not_reviewed,0,0,
META PLATFORMS,"META PLATFORMS, INC.",not_reviewed,0,0,
MICHELIN NORTH AMERICA INC,MICHELIN NORTH AMERICA INC,not_reviewed,0,0,
MICROSOFT CORPORATION,MICROSOFT CORPORATION,reviewed,195,108,2026-03-28
MORGAN STANLEY & CO LLC,MORGAN STANLEY & CO LLC,not_reviewed,0,0,
MORTGAGE BANKERS ASSOCIATION,MORTGAGE BANKERS ASSOCIATION,not_reviewed,0,0,
MOSAIK SOLUTIONS LLC (NOW DBA OOKLA),MOSAIK SOLUTIONS LLC (NOW DBA OOKLA),not_reviewed,0,0,
MOTION PICTURE ASSOCIATION INC,MOTION PICTURE ASSOCIATION INC,not_reviewed,0,0,
MOTOROLA SOLUTIONS INC,MOTOROLA SOLUTIONS INC,not_reviewed,0,0,
MOVEON.ORG CIVIC ACTION,MOVEON.ORG CIVIC ACTION,not_reviewed,0,0,
MOZILLA CORPORATION,MOZILLA CORPORATION,not_reviewed,0,0,
MUTUAL OF OMAHA,MUTUAL OF OMAHA,not_reviewed,0,0,
NATIONAL ASSOCIATION OF ASSISTANT UNITED STATES ATTORNEYS,NATIONAL ASSOCIATION OF ASSISTANT UNITED STATES ATTORNEYS,not_reviewed,0,0,
NATIONAL ASSOCIATION OF CONVENIENCE STORES,NATIONAL ASSOCIATION OF CONVENIENCE STORES,rejected_too_generic,0,0,
"NATIONAL ASSOCIATION OF INDEPENDENT SCHOOLS, INC.","NATIONAL ASSOCIATION OF INDEPENDENT SCHOOLS, INC.",not_reviewed,0,0,
NATIONAL ASSOCIATION OF MANUFACTURERS,NATIONAL ASSOCIATION OF MANUFACTURERS,not_reviewed,0,0,
NATIONAL ASSOCIATION OF MUTUAL INSURANCE COMPANIES,NATIONAL ASSOCIATION OF MUTUAL INSURANCE COMPANIES,rejected_too_generic,0,0,
"NATIONAL ASSOCIATION OF POLICE ORGANIZATIONS, INC.","NATIONAL ASSOCIATION OF POLICE ORGANIZATIONS, INC.",not_reviewed,0,0,
NATIONAL ASSOCIATION OF PROFESSIONAL INSURANCE AGENTS,NATIONAL ASSOCIATION OF PROFESSIONAL INSURANCE AGENTS,not_reviewed,0,0,
NATIONAL ASSOCIATION OF REALTORS,NATIONAL ASSOCIATION OF REALTORS,rejected_too_generic,0,0,
NATIONAL BUSINESS COALITION ON E-COMMERCE AND PRIVACY,NATIONAL BUSINESS COALITION ON E-COMMERCE AND PRIVACY,not_reviewed,0,0,
NATIONAL CABLE AND TELECOMMUNICATIONS ASSOCIATION,NATIONAL CABLE AND TELECOMMUNICATIONS ASSOCIATION,reviewed,34,17,2025-12-02
NATIONAL CENTER FOR MISSING AND EXPLOITED CHILDREN,NATIONAL CENTER FOR MISSING AND EXPLOITED CHILDREN,not_reviewed,0,0,
NATIONAL FAIR HOUSING ALLIANCE,NATIONAL FAIR HOUSING ALLIANCE,not_reviewed,0,0,
NATIONAL FUSION CENTER ASSOCIATION,NATIONAL FUSION CENTER ASSOCIATION,not_reviewed,0,0,
NATIONAL GROCERS ASSOCIATION,NATIONAL GROCERS ASSOCIATION,rejected_too_generic,0,0,
NATIONAL INSURANCE CRIME BUREAU,NATIONAL INSURANCE CRIME BUREAU,not_reviewed,0,0,
NATIONAL MULTIFAMILY HOUSING COUNCIL INC,NATIONAL MULTIFAMILY HOUSING COUNCIL INC,not_reviewed,0,0,
NATIONAL RESTAURANT ASSOCIATION,NATIONAL RESTAURANT ASSOCIATION,rejected_too_generic,0,0,
NATIONAL RETAIL FEDERATION,NATIONAL RETAIL FEDERATION,reviewed,105,47,2026-03-05
NATIONAL RURAL ELECTRIC COOPERATIVE ASSOCIATION (NRECA),NATIONAL RURAL ELECTRIC COOPERATIVE ASSOCIATION (NRECA),not_reviewed,0,0,
NATIONAL TAXPAYERS UNION,NATIONAL TAXPAYERS UNION,not_reviewed,0,0,
NCR ATLEOS,NCR ATLEOS,not_reviewed,0,0,
NCTA - THE INTERNET & TELEVISION ASSOCIATION,NCTA - THE INTERNET & TELEVISION ASSOCIATION,reviewed,15,5,2024-05-06
NCTA - THE INTERNET & TELEVISION ASSOCIATION,NCTA-THE INTERNET & TELEVISION ASSOCIATION,reviewed,34,17,2025-12-02
NEC CORPORATION OF AMERICA,NEC CORPORATION OF AMERICA,reviewed,39,28,2026-02-24
"NETFLIX, INC.","NETFLIX, INC.",reviewed,50,28,2026-03-23
NETWORK ADVERTISING INITIATIVE,NETWORK ADVERTISING INITIATIVE,not_reviewed,0,0,
NEW YORK LIFE INSURANCE COMPANY,NEW YORK LIFE INSURANCE COMPANY,reviewed,3,3,2025-08-14
NEWS CORPORATION,NEWS CORPORATION,rejected_too_generic,0,0,
NEWS/MEDIA ALLIANCE,NEWS MEDIA ALLIANCE,rejected_too_generic,0,0,
NEWS/MEDIA ALLIANCE,NEWS/MEDIA ALLIANCE,rejected_too_generic,0,0,
NEXTDOOR,NEXTDOOR,not_reviewed,0,0,
"NIANTIC, INC.","NIANTIC, INC.",not_reviewed,0,0,
"NIKE, INC.","NIKE, INC.",reviewed,11,9,2026-03-16
NORC AT THE UNIVERSITY OF CHICAGO,NORC AT THE UNIVERSITY OF CHICAGO,rejected_too_generic,0,0,
"NORTH AMERICAN SUBARU, INC.","NORTH AMERICAN SUBARU, INC.",not_reviewed,0,0,
"NOTARIZE, INC. DBA PROOF.COM","NOTARIZE, INC. DBA PROOF.COM",not_reviewed,0,0,
"NOVA LABS, INC.","NOVA LABS, INC.",not_reviewed,0,0,
"NPR, INC.","NPR, INC.",not_reviewed,0,0,
NRG ENERGY INC,NRG ENERGY INC,not_reviewed,0,0,
"OKTA, INC.","OKTA, INC.",not_reviewed,0,0,
OLIVE AI,OLIVE AI,not_reviewed,0,0,
"ONEMAIN FINANCIAL GROUP, LLC","ONEMAIN FINANCIAL GROUP, LLC",reviewed,0,0,
ONFIDO,ONFIDO INC.,not_reviewed,0,0,
ONFIDO,"ONFIDO, INC.",not_reviewed,0,0,
PACIFIC GAS AND ELECTRIC COMPANY,PACIFIC GAS AND ELECTRIC COMPANY,reviewed,46,10,2026-03-24
PACIFIC LIFE INSURANCE COMPANY,PACIFIC LIFE INSURANCE COMPANY,not_reviewed,0,0,
"PALO ALTO NETWORKS, INC.","PALO ALTO NETWORKS, INC.",reviewed,5,4,2025-08-01
PANASONIC CORPORATION OF NORTH AMERICA,PANASONIC CORPORATION OF NORTH AMERICA,reviewed,19,3,2025-12-22
PARAMOUNT SKYDANCE CORPORATION (FKA PARAMOUNT GLOBAL),PARAMOUNT SKYDANCE CORPORATION (FKA PARAMOUNT GLOBAL),reviewed,15,7,2026-03-23
PAYPAL,PAYPAL,not_reviewed,0,0,
PFS INVESTMENTS INC.,PFS INVESTMENTS INC.,not_reviewed,0,0,
PHARMACEUTICAL RESEARCH AND MANUFACTURERS OF AMERICA (PHRMA),PHARMACEUTICAL RESEARCH AND MANUFACTURERS OF AMERICA,reviewed,31,17,2026-02-15
PHARMACEUTICAL RESEARCH AND MANUFACTURERS OF AMERICA (PHRMA),PHARMACEUTICAL RESEARCH AND MANUFACTURERS OF AMERICA (PHRMA),reviewed,30,16,2026-02-15
PHILIPS HOLDING USA INC.,PHILIPS HOLDING USA INC.,not_reviewed,0,0,
PINTEREST,PINTEREST INC.,not_reviewed,0,0,
PINTEREST,"PINTEREST, INC",not_reviewed,0,0,
PLAID INC.,PLAID INC.,reviewed,2,2,2024-05-08
"PLANET FITNESS HOLDINGS, INC.","PLANET FITNESS HOLDINGS, INC.",not_reviewed,0,0,
PLANNED PARENTHOOD FEDERATION OF AMERICA INC,PLANNED PARENTHOOD FEDERATION OF AMERICA INC,not_reviewed,0,0,
PORTLAND GENERAL ELECTRIC,PORTLAND GENERAL ELECTRIC,not_reviewed,0,0,
PREMISE,PREMISE,not_reviewed,0,0,
PRIMERICA LIFE INSURANCE COMPANY,PRIMERICA LIFE INSURANCE COMPANY,not_reviewed,0,0,
PRINCIPAL FINANCIAL GROUP,PRINCIPAL FINANCIAL GROUP,rejected_too_generic,0,0,
PROFESSIONAL BACKGROUND SCREENERS ASSOCIATION,PROFESSIONAL BACKGROUND SCREENERS ASSOCIATION,rejected_too_generic,0,0,
PUBLIC BROADCASTING SERVICE,PUBLIC BROADCASTING SERVICE,not_reviewed,0,0,
PUBLIC CITIZEN,PUBLIC CITIZEN,not_reviewed,0,0,
PUBLIC KNOWLEDGE,PUBLIC KNOWLEDGE,not_reviewed,0,0,
"QVC GROUP, INC.","QVC GROUP, INC.",not_reviewed,0,0,
"RACETRAC, INC.","RACETRAC, INC.",not_reviewed,0,0,
RAI SERVICES COMPANY,RAI SERVICES COMPANY,not_reviewed,0,0,
"RAPID7, INC.","RAPID7, INC.",not_reviewed,0,0,
REGIONS FINANCIAL CORP.,REGIONS FINANCIAL CORP.,not_reviewed,0,0,
REINSURANCE ASSOCIATION OF AMERICA,REINSURANCE ASSN OF AMERICA,not_reviewed,0,0,
REINSURANCE ASSOCIATION OF AMERICA,REINSURANCE ASSOCIATION OF AMERICA,rejected_too_generic,0,0,
RELX,RELX INC,not_reviewed,0,0,
RELX,RELX INC.,not_reviewed,0,0,
RETAIL INDUSTRY LEADERS ASSOCIATION,RETAIL INDUSTRY LEADERS ASSOCIATION,not_reviewed,0,0,
RETAIL INDUSTRY LEADERS ASSOCIATION,RETAIL INDUSTRY LEADERS ASSOCIATION (RILA),rejected_too_generic,0,0,
RIIID LABS INC.,RIIID LABS INC.,not_reviewed,0,0,
ROBERT BOSCH LLC,ROBERT BOSCH LLC,reviewed,10,7,2026-01-02
ROCK CENTRAL,ROCK CENTRAL,not_reviewed,0,0,
ROCKET LP,ROCKET LP,not_reviewed,0,0,
ROCKET LP,ROCKET LP FKA RKT HOLDINGS,not_reviewed,0,0,
"ROKU, INC.","ROKU, INC.",reviewed,1,1,2025-07-22
S&P GLOBAL INC. (F/K/A MCGRAW HILL FINANCIAL INC.),S&P GLOBAL INC. (F/K/A MCGRAW HILL FINANCIAL INC.),not_reviewed,0,0,
S&P GLOBAL MOBILITY (FORMERLY KNOWN AS IHS MARKIT D/B/A R.L. POLK & CO.),S&P GLOBAL MOBILITY (FORMERLY KNOWN AS IHS MARKIT D/B/A R.L. POLK & CO.),not_reviewed,0,0,
"SALESFORCE, INC.","SALESFORCE, INC.",not_reviewed,0,0,
SAP AMERICA,SAP AMERICA INC.,not_reviewed,0,0,
SAP AMERICA,"SAP AMERICA, INC.",reviewed,36,26,2026-02-10
"SB GROUP US, INC. DBA SOFTBANK GROUP US, INC.","SB GROUP US, INC. DBA SOFTBANK GROUP US, INC.",not_reviewed,0,0,
"SCHWEITZER ENGINEERING LABORATORIES, INC.","SCHWEITZER ENGINEERING LABORATORIES, INC.",not_reviewed,0,0,
SECURIAN FINANCIAL GROUP,SECURIAN FINANCIAL GROUP,not_reviewed,0,0,
SECURITIES INDUSTRY AND FINANCIAL MARKETS ASSOCIATION (SIFMA),SECURITIES INDUSTRY AND FINANCIAL MARKETS ASSOCIATION (SIFMA),reviewed,16,13,2025-12-17
SECURITY INDUSTRY ASSOCIATION,SECURITY INDUSTRY ASSOCIATION,not_reviewed,0,0,
SENTRY INSURANCE,SENTRY INSURANCE COMPANY,not_reviewed,0,0,
SENTRY INSURANCE,SENTRY INSURANCE COMPANY (FORMERLY SENTRY INSURANCE A MUTUAL COMPANY),not_reviewed,0,0,
SHOPIFY INC.,SHOPIFY INC.,reviewed,6,4,2026-02-04
"SIEMENS MEDICAL SOLUTIONS USA, INC","SIEMENS MEDICAL SOLUTIONS USA, INC",not_reviewed,0,0,
"SIX CONTINENTS HOTELS, INC.","SIX CONTINENTS HOTELS, INC.",not_reviewed,0,0,
"SK AMERICAS, INC.","SK AMERICAS, INC.",rejected_too_generic,0,0,
SNAP INC.,SNAP INC.,rejected_too_generic,0,0,
"SOCURE, INC.","SOCURE, INC.",not_reviewed,0,0,
SIIA,SOFTWARE & INFORMATION INDUSTRY ASSOCIATION,not_reviewed,0,0,
SONY INTERACTIVE ENTERTAINMENT LLC,SONY INTERACTIVE ENTERTAINMENT LLC,not_reviewed,0,0,
SPACE EXPLORATION TECHNOLOGIES CORP.,SPACE EXPLORATION TECHNOLOGIES CORP.,not_reviewed,0,0,
SPOTIFY,SPOTIFY,reviewed,31,21,2026-03-27
SPOTIFY,SPOTIFY USA INC.,not_reviewed,0,0,
STATE FARM MUTUAL AUTOMOBILE INSURANCE COMPANY,STATE FARM MUTUAL AUTOMOBILE INSURANCE COMPANY,not_reviewed,0,0,
STATE OF CALIFORNIA,STATE OF CALIFORNIA,rejected_too_generic,0,0,
SUSAN B ANTHONY LIST,SUSAN B ANTHONY LIST,not_reviewed,0,0,
SWISS REINSURANCE COMPANY LTD,SWISS REINSURANCE COMPANY LTD,reviewed,0,0,
"T-MOBILE USA, INC.","T-MOBILE USA, INC.",reviewed,82,29,2026-03-03
TARGET CORPORATION,TARGET CORPORATION,rejected_too_generic,0,0,
TATA AMERICA INTERNATIONAL CORPORATION,TATA AMERICA INTERNATIONAL CORPORATION,not_reviewed,0,0,
"TD BANK, NA","TD BANK, NA",not_reviewed,0,0,
TECHNET,TECHNET,rejected_too_generic,0,0,
TECHNET,TECHNOLOGY NETWORK AKA TECHNET,rejected_too_generic,0,0,
"THE AARON'S COMPANY, INC.","THE AARON'S COMPANY, INC.",reviewed,8,8,2026-02-10
BUSINESS ROUNDTABLE,THE BUSINESS ROUNDTABLE,not_reviewed,0,0,
THE COLLEGE BOARD,THE COLLEGE BOARD,not_reviewed,0,0,
HOME DEPOT,THE HOME DEPOT,not_reviewed,0,0,
THE INSTITUTE FOR LEGAL REFORM - U.S. CHAMBER OF COMMERCE,THE INSTITUTE FOR LEGAL REFORM - U.S. CHAMBER OF COMMERCE,not_reviewed,0,0,
THE NONPROFIT ALLIANCE,THE NONPROFIT ALLIANCE,not_reviewed,0,0,
THE NORTHWESTERN MUTUAL LIFE INSURANCE COMPANY,THE NORTHWESTERN MUTUAL LIFE INSURANCE COMPANY,rejected_too_generic,0,0,
THE PROCTER AND GAMBLE COMPANY,THE PROCTER AND GAMBLE COMPANY,not_reviewed,0,0,
THOMSON REUTERS,THOMSON REUTERS,reviewed,1,1,2023-11-10
THRIVENT FINANCIAL FOR LUTHERANS,THRIVENT FINANCIAL FOR LUTHERANS,reviewed,2,2,2025-08-26
TIAA,TIAA,reviewed,9,7,2025-12-18
TIKTOK INC.,TIKTOK INC.,reviewed,544,201,2026-03-31
TNC (US) HOLDINGS (FKA NIELSEN),TNC (US) HOLDINGS INC,not_reviewed,0,0,
TNC (US) HOLDINGS (FKA NIELSEN),"TNC (US) HOLDINGS, INC. (FORMERLY NIELSEN)",not_reviewed,0,0,
TOYOTA MOTOR NORTH AMERICA,TOYOTA MOTOR NORTH AMERICA INC (TMA),not_reviewed,0,0,
TOYOTA MOTOR NORTH AMERICA,"TOYOTA MOTOR NORTH AMERICA, INC.",reviewed,3,2,2025-04-22
TRANS UNION LLC,TRANS UNION LLC,not_reviewed,0,0,
TRANSAMERICA COMPANIES,TRANSAMERICA COMPANIES,not_reviewed,0,0,
TRANSUNION,TRANSUNION,not_reviewed,0,0,
TRAVEL TECH: THE TRAVEL TECHNOLOGY ASSOCIATION,TRAVEL TECH: THE TRAVEL TECHNOLOGY ASSOCIATION,not_reviewed,0,0,
TRIPADVISOR LLC,TRIPADVISOR LLC,not_reviewed,0,0,
TWILIO,TWILIO INC.,not_reviewed,0,0,
TWILIO,"TWILIO, INC.",reviewed,0,0,
"TWITTER, INC.","TWITTER, INC.",not_reviewed,0,0,
UNIDOSUS,UNIDOSUS,not_reviewed,0,0,
UNIDOSUS,UNIDOSUS (FKA NATIONAL COUNCIL OF LA RAZA),not_reviewed,0,0,
UNISYS CORPORATION,UNISYS CORPORATION,not_reviewed,0,0,
UNITED SERVICES AUTOMOBILE ASSOCIATION,UNITED SERVICES AUTOMOBILE ASSOCIATION,reviewed,14,11,2025-12-15
UNITED STATES TELECOM ASSOCIATION,UNITED STATES TELECOM ASSOCIATION,reviewed,55,34,2026-01-09
UNIVERSITY OF PHOENIX,UNIVERSITY OF PHOENIX,not_reviewed,0,0,
UPS (UNITED PARCEL SERVICE),UPS (UNITED PARCEL SERVICE),not_reviewed,0,0,
VERIZON COMMUNICATIONS,VERIZON COMMUNICATIONS,reviewed,111,47,2026-03-24
VERIZON COMMUNICATIONS,VERIZON COMMUNICATIONS INC AND ITS SUBSIDIARIES,not_reviewed,0,0,
VERIZON COMMUNICATIONS,VERIZON COMMUNICATIONS INC AND VARIOUS SUBSIDIARIES,not_reviewed,0,0,
VERIZON COMMUNICATIONS,"VERIZON COMMUNICATIONS, INC.",reviewed,2,2,2025-02-27
VISA,"VISA, INC.",reviewed,1149,291,2026-03-31
VISA,"VISA, U.S.A., INC.",rejected_too_generic,0,0,
VIZIO,VIZIO,not_reviewed,0,0,
VOLVO GROUP NORTH AMERICA LLC,VOLVO GROUP NORTH AMERICA LLC,not_reviewed,0,0,
WALGREEN CO.,WALGREEN CO.,not_reviewed,0,0,
WELLS FARGO & COMPANY,WELLS FARGO & COMPANY,reviewed,60,25,2025-12-11
"WORKDAY, INC.","WORKDAY, INC.",rejected_too_generic,0,0,
WORLDWIDE ERC,WORLDWIDE ERC,not_reviewed,0,0,
YAHOO,"YAHOO INC, AND VAR. SUBS/AFFILIATES (FKA COLLEGE PARENT, L.P. DBA ""YAHOO"")",reviewed,15,13,2025-11-12
YAHOO,YAHOO INC. AND VAR. SUBS/AFFILIATES,not_reviewed,0,0,
YUM! BRANDS,YUM! BRANDS,not_reviewed,0,0,
YUM! BRANDS,YUM! BRANDS INC,not_reviewed,0,0,
"ZILLOW GROUP, INC.","ZILLOW GROUP, INC.",not_reviewed,0,0,
ZIMMER BIOMET,ZIMMER BIOMET,not_reviewed,0,0,
ZURICH AMERICAN INSURANCE COMPANY,ZURICH AMERICAN INSURANCE COMPANY,rejected_too_generic,0,0,
