roster_entity,alias_coverage,n_press_mentions,n_distinct_members_mentioning,most_recent_mention_date
VISA,reviewed,1149,291,2026-03-31
TIKTOK INC.,reviewed,544,201,2026-03-31
AMAZON.COM SERVICES,reviewed,321,136,2026-03-31
INTEL CORPORATION,reviewed,263,96,2026-03-18
MICROSOFT CORPORATION,reviewed,195,108,2026-03-28
GENERAL MOTORS COMPANY,reviewed,160,63,2026-02-18
AMERICAN HEART ASSOCIATION,reviewed,151,80,2026-03-23
BYTEDANCE INC.,reviewed,150,90,2026-03-17
VERIZON COMMUNICATIONS,reviewed,113,47,2026-03-24
"AMERICAN INTERNATIONAL GROUP, INC.",reviewed,105,52,2026-03-24
NATIONAL RETAIL FEDERATION,reviewed,105,47,2026-03-05
"T-MOBILE USA, INC.",reviewed,82,29,2026-03-03
AMERICAN LAND TITLE ASSOCIATION,reviewed,80,37,2026-03-25
CTIA - THE WIRELESS ASSOCIATION,reviewed,80,24,2025-11-21
PHARMACEUTICAL RESEARCH AND MANUFACTURERS OF AMERICA (PHRMA),reviewed,61,17,2026-02-15
WELLS FARGO & COMPANY,reviewed,60,25,2025-12-11
UNITED STATES TELECOM ASSOCIATION,reviewed,55,34,2026-01-09
"NETFLIX, INC.",reviewed,50,28,2026-03-23
NCTA - THE INTERNET & TELEVISION ASSOCIATION,reviewed,49,17,2025-12-02
AMERICAN PROPERTY CASUALTY INSURANCE ASSOCIATION,reviewed,48,31,2026-02-11
BANK OF AMERICA CORPORATION,reviewed,46,24,2025-06-11
PACIFIC GAS AND ELECTRIC COMPANY,reviewed,46,10,2026-03-24
CAPITAL ONE FINANCIAL CORPORATION,reviewed,45,22,2026-03-25
FEDEX CORPORATION,reviewed,45,26,2026-03-19
"CITIGROUP WASHINGTON, INC.",reviewed,42,27,2026-03-13
"KOCH GOVERNMENT AFFAIRS, LLC",reviewed,41,29,2026-03-27
COMCAST CORPORATION,reviewed,39,23,2026-02-02
NEC CORPORATION OF AMERICA,reviewed,39,28,2026-02-24
AMERICAN EXPRESS COMPANY,reviewed,37,21,2026-03-05
SAP AMERICA,reviewed,36,26,2026-02-10
AMERICAN PUBLIC POWER ASSOCIATION,reviewed,35,27,2026-02-20
NATIONAL CABLE AND TELECOMMUNICATIONS ASSOCIATION,reviewed,34,17,2025-12-02
MCDONALD'S CORPORATION,reviewed,33,24,2026-03-31
SPOTIFY,reviewed,31,21,2026-03-27
AMERICAN HOTEL & LODGING ASSOCIATION,reviewed,30,21,2026-03-27
INTUIT,reviewed,28,14,2026-02-26
DELL INC.,reviewed,27,20,2026-03-26
"ETSY, INC.",reviewed,27,18,2026-02-04
COMPUTER & COMMUNICATIONS INDUSTRY ASSOCIATION,reviewed,26,15,2025-12-15
"H&R BLOCK MANAGEMENT, LLC",reviewed,25,14,2026-03-09
LINKEDIN CORPORATION,reviewed,22,19,2026-03-17
PANASONIC CORPORATION OF NORTH AMERICA,reviewed,19,3,2025-12-22
SECURITIES INDUSTRY AND FINANCIAL MARKETS ASSOCIATION (SIFMA),reviewed,16,13,2025-12-17
ALIBABA GROUP HOLDING LIMITED,reviewed,15,12,2026-01-09
PARAMOUNT SKYDANCE CORPORATION (FKA PARAMOUNT GLOBAL),reviewed,15,7,2026-03-23
YAHOO,reviewed,15,13,2025-11-12
"DROPBOX, INC.",reviewed,14,5,2026-03-24
UNITED SERVICES AUTOMOBILE ASSOCIATION,reviewed,14,11,2025-12-15
AIRBNB,reviewed,13,9,2026-03-27
DIRECTV,reviewed,11,5,2025-12-02
"NIKE, INC.",reviewed,11,9,2026-03-16
ROBERT BOSCH LLC,reviewed,10,7,2026-01-02
TIAA,reviewed,9,7,2025-12-18
AMERICAN CLINICAL LABORATORY ASSOCIATION,reviewed,8,7,2026-02-12
MAPLEBEAR INC. D/B/A INSTACART,reviewed,8,7,2026-02-10
MARSH MCLENNAN,reviewed,8,4,2025-12-05
"THE AARON'S COMPANY, INC.",reviewed,8,8,2026-02-10
ALLSTATE INSURANCE COMPANY,reviewed,7,5,2025-08-05
CATERPILLAR INC,reviewed,7,7,2026-03-26
KOHLER CO.,reviewed,7,5,2026-03-06
"ACCENTURE, LLP",reviewed,6,6,2025-12-11
SHOPIFY INC.,reviewed,6,4,2026-02-04
"PALO ALTO NETWORKS, INC.",reviewed,5,4,2025-08-01
INVITAE INC.,reviewed,4,3,2024-03-29
LIBERTY MUTUAL GROUP,reviewed,4,4,2025-05-18
AMERICAN HONDA MOTOR,reviewed,3,3,2025-02-25
NEW YORK LIFE INSURANCE COMPANY,reviewed,3,3,2025-08-14
TOYOTA MOTOR NORTH AMERICA,reviewed,3,2,2025-04-22
CHUBB INA HOLDINGS,reviewed,2,2,2023-11-02
"GARMIN INTERNATIONAL, INC.",reviewed,2,1,2023-07-21
IQVIA,reviewed,2,1,2024-01-18
PLAID INC.,reviewed,2,2,2024-05-08
THRIVENT FINANCIAL FOR LUTHERANS,reviewed,2,2,2025-08-26
AVENTIV TECHNOLOGIES LLC AND VARIOUS SUBSIDIARIES,reviewed,1,1,2024-07-23
"BATH & BODY WORKS, INC.",reviewed,1,1,2026-02-17
DOMINO'S NATIONAL ADVERTISING FUND INC,reviewed,1,1,2024-12-05
FINSECA,reviewed,1,1,2026-01-22
IVANTI,reviewed,1,1,2024-07-03
MCGRAW-HILL EDUCATION,reviewed,1,1,2024-04-19
"ROKU, INC.",reviewed,1,1,2025-07-22
THOMSON REUTERS,reviewed,1,1,2023-11-10
21ST CENTURY PRIVACY COALITION,rejected_too_generic,0,0,
"23ANDME, INC.",not_reviewed,0,0,
"ACT EDUCATION CORP. (FKA ACT, INC.)",not_reviewed,0,0,
ACXIOM LLC,reviewed,0,0,
ADVAMED:ADVANCED MEDICAL TECHNOLOGY ASSOCIATION,not_reviewed,0,0,
ADVANCE PUBLICATIONS,not_reviewed,0,0,
AFLAC INCORPORATED,reviewed,0,0,
AKOYA LLC,not_reviewed,0,0,
ALABAMA FARMERS FEDERATION,not_reviewed,0,0,
ALARM INDUSTRY COMMUNICATIONS COMMITTEE (FKA ALARM INDUSTRY TELECOMMUNICATIONS),not_reviewed,0,0,
ALLIANCE FOR AUTOMOTIVE INNOVATION,rejected_too_generic,0,0,
ALLY FINANCIAL INC.,not_reviewed,0,0,
AMEREN SERVICES,not_reviewed,0,0,
AMERICAN ASSOCIATION FOR JUSTICE,rejected_too_generic,0,0,
AMERICAN BANKERS ASSOCIATION,rejected_too_generic,0,0,
AMERICAN BAR ASSOCIATION,not_reviewed,0,0,
AMERICAN BEVERAGE LICENSEES,not_reviewed,0,0,
AMERICAN COUNCIL ON EDUCATION,not_reviewed,0,0,
AMERICAN FAMILY MUTUAL INSURANCE COMPANY,not_reviewed,0,0,
AMERICAN PUBLIC EDUCATION INC.,not_reviewed,0,0,
AMERICAN SOCIETY OF HUMAN GENETICS,not_reviewed,0,0,
AMERICAN TRANSACTION PROCESSORS COALITION,reviewed,0,0,
AMERICANS FOR FINANCIAL REFORM,not_reviewed,0,0,
"AMERIPRISE FINANCIAL, INC.",not_reviewed,0,0,
ANCESTRY,not_reviewed,0,0,
ANTI-DEFAMATION LEAGUE,not_reviewed,0,0,
APPLE,not_reviewed,0,0,
ASSOCIATION FOR COMPETITIVE TECHNOLOGY,not_reviewed,0,0,
ASSOCIATION OF AMERICAN UNIVERSITIES,not_reviewed,0,0,
"ASSOCIATION OF NATIONAL ADVERTISERS, INC.",not_reviewed,0,0,
ASSOCIATION OF STATE CRIMINAL INVESTIGATIVE AGENCIES,not_reviewed,0,0,
AT&T SERVICES,not_reviewed,0,0,
ATLAS CROSSING LLC ON BEHALF OF NATIONAL ASSOCIATION OF CONVENIENCE STORES,not_reviewed,0,0,
ATLASSIAN,not_reviewed,0,0,
"AURA SUB, LLC",not_reviewed,0,0,
AUTODESK INC,not_reviewed,0,0,
"AWESOME, INC.",not_reviewed,0,0,
AZOA SERVICES CORP(ALLIANZ OF AMERICA) AND AFFILIATES,not_reviewed,0,0,
BIOTECHNOLOGY INNOVATION ORGANIZATION,not_reviewed,0,0,
BLOCK,not_reviewed,0,0,
"BLOCKCHAINS, INC.",not_reviewed,0,0,
BOEING EMPLOYEES' CREDIT UNION,not_reviewed,0,0,
BOOKING HOLDINGS INC.,not_reviewed,0,0,
BOYS & GIRLS CLUBS OF AMERICA,not_reviewed,0,0,
BRENNAN CENTER FOR JUSTICE AT NEW YORK UNIVERSITY SCHOOL OF LAW,not_reviewed,0,0,
BSA / SOFTWARE ALLIANCE,not_reviewed,0,0,
BUSINESS ROUNDTABLE,rejected_too_generic,0,0,
CALIFORNIA STATE SENATE,not_reviewed,0,0,
CARVANA,not_reviewed,0,0,
CEDIA,not_reviewed,0,0,
CENTER FOR FREEDOM AND PROSPERITY,not_reviewed,0,0,
CHAMBER OF COMMERCE OF THE U.S.A.,not_reviewed,0,0,
CHAMBER OF PROGRESS,not_reviewed,0,0,
CHARTER COMMUNICATIONS,not_reviewed,0,0,
CHIPOTLE MEXICAN GRILL INC,not_reviewed,0,0,
CINCINNATI BELL INC (DBA ALTAFIBER) AND ITS SUBSIDIARIES,not_reviewed,0,0,
"CLOAKED, INC.",not_reviewed,0,0,
CLOUDFLARE,not_reviewed,0,0,
CMS ENERGY CORP,not_reviewed,0,0,
COALITION FOR HEALTHCARE COMMUNICATIONS,not_reviewed,0,0,
COCA-COLA COMPANY,not_reviewed,0,0,
COLLEGE OF HEALTHCARE INFORMATION MANAGEMENT EXECUTIVES (CHIME),not_reviewed,0,0,
"CONSTELLATION ENERGY GENERATION, LLC",not_reviewed,0,0,
CONSUMER DATA INDUSTRY ASSOCIATION,rejected_too_generic,0,0,
CONSUMER TECHNOLOGY ASSOCIATION,rejected_too_generic,0,0,
"CONTINENTAL AUTOMOTIVE SYSTEMS, INC.",not_reviewed,0,0,
TARGET CORPORATION,rejected_too_generic,0,0,
COX ENTERPRISES INC.,not_reviewed,0,0,
CREDIT KARMA AN INTUIT AFFILIATE,not_reviewed,0,0,
"CREDIT UNION NATIONAL ASSOCIATION, INC. DBA AMERICA'S CREDIT UNIONS",not_reviewed,0,0,
CUNA MUTUAL GROUP,not_reviewed,0,0,
DAPPER LABS INC.,reviewed,0,0,
DAVID'S LEGACY FOUNDATION,not_reviewed,0,0,
DELL TECHNOLOGIES INC,not_reviewed,0,0,
"DEMAND PROGRESS ACTION, INC",not_reviewed,0,0,
DENSO INTERNATIONAL AMERICA INC,not_reviewed,0,0,
DEUTSCHE BANK USA (FKA DEUTSCHE BANK SECURITIES INC.),reviewed,0,0,
DIGITAL ANALYTICS FREEDOM ALLIANCE,not_reviewed,0,0,
DIGITAL CONTENT NEXT,not_reviewed,0,0,
"DISCOVER FINANCIAL SERVICES, INC.",rejected_too_generic,0,0,
"DISCOVERY COMMUNICATIONS, LLC",not_reviewed,0,0,
DISNEY WORLDWIDE SERVICES INC,not_reviewed,0,0,
DOW CHEMICAL COMPANY DBA DOW,not_reviewed,0,0,
DUKE ENERGY CORPORATION,rejected_too_generic,0,0,
EBAY,not_reviewed,0,0,
EDISON ELECTRIC INSTITUTE,rejected_too_generic,0,0,
ELECTRONIC FRONTIER FOUNDATION,not_reviewed,0,0,
ELECTRONIC PAYMENTS COALITION,rejected_too_generic,0,0,
ELECTRONIC TRANSACTIONS ASSOCIATION,not_reviewed,0,0,
ENEL NORTH AMERICA INC AND ITS AFFILIATES,not_reviewed,0,0,
ENTERGY SERVICES LLC,not_reviewed,0,0,
ENTERPRISE CLOUD COALITION,not_reviewed,0,0,
ENTERTAINMENT SOFTWARE ASSOCIATION,rejected_too_generic,0,0,
EPIC SYSTEMS CORPORATION,rejected_too_generic,0,0,
EQUIFAX INC.,not_reviewed,0,0,
"EVENTBRITE, INC.",not_reviewed,0,0,
EXPEDIA GROUP,not_reviewed,0,0,
FIFTH THIRD BANK,not_reviewed,0,0,
FINANCIAL INDUSTRY REGULATORY AUTHORITY,not_reviewed,0,0,
FINANCIAL TECHNOLOGY ASSOCIATION (FTA),not_reviewed,0,0,
FIRST AMERICAN FINANCIAL CORPORATION,not_reviewed,0,0,
FOOD MARKETPLACE INC,not_reviewed,0,0,
FORD MOTOR COMPANY,not_reviewed,0,0,
"FOUNDATION MEDICINE, INC.",not_reviewed,0,0,
FOX CORPORATION,rejected_too_generic,0,0,
GAP INC.,not_reviewed,0,0,
GENENTECH INC,not_reviewed,0,0,
"GLOBAL PAYMENTS, INC.",not_reviewed,0,0,
GOOGLE CLIENT SERVICES,not_reviewed,0,0,
GOVERNMENT ACCOUNTABILITY PROJECT,not_reviewed,0,0,
GRUBHUB HOLDINGS INC.,not_reviewed,0,0,
GUARDIAN LIFE INSURANCE COMPANY OF AMERICA,rejected_too_generic,0,0,
HARTFORD INSURANCE GROUP (FKA HARTFORD FINANCIAL SERVICES GROUP),not_reviewed,0,0,
HEALTH INNOVATION ALLIANCE,not_reviewed,0,0,
HOME DEPOT,not_reviewed,0,0,
HONEYWELL INTERNATIONAL,not_reviewed,0,0,
HP,not_reviewed,0,0,
IBM,not_reviewed,0,0,
"ID.ME, LLC",not_reviewed,0,0,
"INDEED, INC.",not_reviewed,0,0,
INDEPENDENT INSURANCE AGENTS & BROKERS OF AMERICA,not_reviewed,0,0,
INDIANA CHAMBER OF COMMERCE INC,not_reviewed,0,0,
INFIN A FINANCIAL SERVICES ALLIANCE,not_reviewed,0,0,
INFORMATION TECHNOLOGY INDUSTRY COUNCIL,rejected_too_generic,0,0,
"INMARKET MEDIA, LLC",not_reviewed,0,0,
INTERNATIONAL FRANCHISE ASSOCIATION,rejected_too_generic,0,0,
INTERPUBLIC GROUP,not_reviewed,0,0,
IRON MOUNTAIN,not_reviewed,0,0,
"JM FAMILY ENTERPRISES, INC",reviewed,0,0,
JOINT COMMISSION ON ACCREDITATION OF HEALTHCARE ORGANIZATIONS,not_reviewed,0,0,
KROGER CO,not_reviewed,0,0,
LINCOLN NATIONAL CORPORATION,not_reviewed,0,0,
LIVERAMP,reviewed,0,0,
LOWE'S COMPANIES INC.,not_reviewed,0,0,
LUMEN TECHNOLOGIES,not_reviewed,0,0,
"LYTX, INC.",not_reviewed,0,0,
MAJOR CITIES CHIEFS ASSOCIATION,not_reviewed,0,0,
MAJOR COUNTY SHERIFFS OF AMERICA (FORMERLY MAJOR COUNTY SHERIFFS' ASSOCIATION),not_reviewed,0,0,
"MARS, INCORPORATED",rejected_too_generic,0,0,
MATCH GROUP,rejected_too_generic,0,0,
"MCGRAW HILL, LLC",not_reviewed,0,0,
MEDICAL PROFESSIONAL LIABILITY ASSOCIATION,not_reviewed,0,0,
MEDTRONIC,reviewed,0,0,
"MERCARI, INC.",not_reviewed,0,0,
MERCEDES-BENZ USA (FKA DAIMLER/MERCEDES-BENZ USA,not_reviewed,0,0,
META PLATFORMS,not_reviewed,0,0,
MICHELIN NORTH AMERICA INC,not_reviewed,0,0,
MORGAN STANLEY & CO LLC,not_reviewed,0,0,
MORTGAGE BANKERS ASSOCIATION,not_reviewed,0,0,
MOSAIK SOLUTIONS LLC (NOW DBA OOKLA),not_reviewed,0,0,
MOTION PICTURE ASSOCIATION INC,not_reviewed,0,0,
MOTOROLA SOLUTIONS INC,not_reviewed,0,0,
MOVEON.ORG CIVIC ACTION,not_reviewed,0,0,
MOZILLA CORPORATION,not_reviewed,0,0,
MUTUAL OF OMAHA,not_reviewed,0,0,
NATIONAL ASSOCIATION OF ASSISTANT UNITED STATES ATTORNEYS,not_reviewed,0,0,
NATIONAL ASSOCIATION OF CONVENIENCE STORES,rejected_too_generic,0,0,
"NATIONAL ASSOCIATION OF INDEPENDENT SCHOOLS, INC.",not_reviewed,0,0,
NATIONAL ASSOCIATION OF MANUFACTURERS,not_reviewed,0,0,
NATIONAL ASSOCIATION OF MUTUAL INSURANCE COMPANIES,rejected_too_generic,0,0,
"NATIONAL ASSOCIATION OF POLICE ORGANIZATIONS, INC.",not_reviewed,0,0,
NATIONAL ASSOCIATION OF PROFESSIONAL INSURANCE AGENTS,not_reviewed,0,0,
NATIONAL ASSOCIATION OF REALTORS,rejected_too_generic,0,0,
NATIONAL BUSINESS COALITION ON E-COMMERCE AND PRIVACY,not_reviewed,0,0,
NATIONAL CENTER FOR MISSING AND EXPLOITED CHILDREN,not_reviewed,0,0,
NATIONAL FAIR HOUSING ALLIANCE,not_reviewed,0,0,
NATIONAL FUSION CENTER ASSOCIATION,not_reviewed,0,0,
NATIONAL GROCERS ASSOCIATION,rejected_too_generic,0,0,
NATIONAL INSURANCE CRIME BUREAU,not_reviewed,0,0,
NATIONAL MULTIFAMILY HOUSING COUNCIL INC,not_reviewed,0,0,
NATIONAL RESTAURANT ASSOCIATION,rejected_too_generic,0,0,
NATIONAL RURAL ELECTRIC COOPERATIVE ASSOCIATION (NRECA),not_reviewed,0,0,
NATIONAL TAXPAYERS UNION,not_reviewed,0,0,
NCR ATLEOS,not_reviewed,0,0,
NETWORK ADVERTISING INITIATIVE,not_reviewed,0,0,
NEWS CORPORATION,rejected_too_generic,0,0,
NEWS/MEDIA ALLIANCE,rejected_too_generic,0,0,
NEXTDOOR,not_reviewed,0,0,
"NIANTIC, INC.",not_reviewed,0,0,
NORC AT THE UNIVERSITY OF CHICAGO,rejected_too_generic,0,0,
"NORTH AMERICAN SUBARU, INC.",not_reviewed,0,0,
"NOTARIZE, INC. DBA PROOF.COM",not_reviewed,0,0,
"NOVA LABS, INC.",not_reviewed,0,0,
"NPR, INC.",not_reviewed,0,0,
NRG ENERGY INC,not_reviewed,0,0,
"OKTA, INC.",not_reviewed,0,0,
OLIVE AI,not_reviewed,0,0,
"ONEMAIN FINANCIAL GROUP, LLC",reviewed,0,0,
ONFIDO,not_reviewed,0,0,
PACIFIC LIFE INSURANCE COMPANY,not_reviewed,0,0,
PAYPAL,not_reviewed,0,0,
PFS INVESTMENTS INC.,not_reviewed,0,0,
PHILIPS HOLDING USA INC.,not_reviewed,0,0,
PINTEREST,not_reviewed,0,0,
"PLANET FITNESS HOLDINGS, INC.",not_reviewed,0,0,
PLANNED PARENTHOOD FEDERATION OF AMERICA INC,not_reviewed,0,0,
PORTLAND GENERAL ELECTRIC,not_reviewed,0,0,
PREMISE,not_reviewed,0,0,
PRIMERICA LIFE INSURANCE COMPANY,not_reviewed,0,0,
PRINCIPAL FINANCIAL GROUP,rejected_too_generic,0,0,
PROFESSIONAL BACKGROUND SCREENERS ASSOCIATION,rejected_too_generic,0,0,
PUBLIC BROADCASTING SERVICE,not_reviewed,0,0,
PUBLIC CITIZEN,not_reviewed,0,0,
PUBLIC KNOWLEDGE,not_reviewed,0,0,
"QVC GROUP, INC.",not_reviewed,0,0,
"RACETRAC, INC.",not_reviewed,0,0,
RAI SERVICES COMPANY,not_reviewed,0,0,
"RAPID7, INC.",not_reviewed,0,0,
REGIONS FINANCIAL CORP.,not_reviewed,0,0,
REINSURANCE ASSOCIATION OF AMERICA,rejected_too_generic,0,0,
RELX,not_reviewed,0,0,
RETAIL INDUSTRY LEADERS ASSOCIATION,rejected_too_generic,0,0,
RIIID LABS INC.,not_reviewed,0,0,
ROCK CENTRAL,not_reviewed,0,0,
ROCKET LP,not_reviewed,0,0,
S&P GLOBAL INC. (F/K/A MCGRAW HILL FINANCIAL INC.),not_reviewed,0,0,
S&P GLOBAL MOBILITY (FORMERLY KNOWN AS IHS MARKIT D/B/A R.L. POLK & CO.),not_reviewed,0,0,
"SALESFORCE, INC.",not_reviewed,0,0,
"SB GROUP US, INC. DBA SOFTBANK GROUP US, INC.",not_reviewed,0,0,
"SCHWEITZER ENGINEERING LABORATORIES, INC.",not_reviewed,0,0,
SECURIAN FINANCIAL GROUP,not_reviewed,0,0,
SECURITY INDUSTRY ASSOCIATION,not_reviewed,0,0,
SENTRY INSURANCE,not_reviewed,0,0,
"SIEMENS MEDICAL SOLUTIONS USA, INC",not_reviewed,0,0,
"SIX CONTINENTS HOTELS, INC.",not_reviewed,0,0,
"SK AMERICAS, INC.",rejected_too_generic,0,0,
SNAP INC.,rejected_too_generic,0,0,
"SOCURE, INC.",not_reviewed,0,0,
SIIA,not_reviewed,0,0,
SONY INTERACTIVE ENTERTAINMENT LLC,not_reviewed,0,0,
SPACE EXPLORATION TECHNOLOGIES CORP.,not_reviewed,0,0,
STATE FARM MUTUAL AUTOMOBILE INSURANCE COMPANY,not_reviewed,0,0,
STATE OF CALIFORNIA,rejected_too_generic,0,0,
SUSAN B ANTHONY LIST,not_reviewed,0,0,
SWISS REINSURANCE COMPANY LTD,reviewed,0,0,
TATA AMERICA INTERNATIONAL CORPORATION,not_reviewed,0,0,
"TD BANK, NA",not_reviewed,0,0,
TECHNET,rejected_too_generic,0,0,
THE COLLEGE BOARD,not_reviewed,0,0,
THE INSTITUTE FOR LEGAL REFORM - U.S. CHAMBER OF COMMERCE,not_reviewed,0,0,
THE NONPROFIT ALLIANCE,not_reviewed,0,0,
THE NORTHWESTERN MUTUAL LIFE INSURANCE COMPANY,rejected_too_generic,0,0,
THE PROCTER AND GAMBLE COMPANY,not_reviewed,0,0,
TNC (US) HOLDINGS (FKA NIELSEN),not_reviewed,0,0,
TRANS UNION LLC,not_reviewed,0,0,
TRANSAMERICA COMPANIES,not_reviewed,0,0,
TRANSUNION,not_reviewed,0,0,
TRAVEL TECH: THE TRAVEL TECHNOLOGY ASSOCIATION,not_reviewed,0,0,
TRIPADVISOR LLC,not_reviewed,0,0,
TWILIO,reviewed,0,0,
"TWITTER, INC.",not_reviewed,0,0,
UNIDOSUS,not_reviewed,0,0,
UNISYS CORPORATION,not_reviewed,0,0,
UNIVERSITY OF PHOENIX,not_reviewed,0,0,
UPS (UNITED PARCEL SERVICE),not_reviewed,0,0,
VIZIO,not_reviewed,0,0,
VOLVO GROUP NORTH AMERICA LLC,not_reviewed,0,0,
WALGREEN CO.,not_reviewed,0,0,
"WORKDAY, INC.",rejected_too_generic,0,0,
WORLDWIDE ERC,not_reviewed,0,0,
YUM! BRANDS,not_reviewed,0,0,
"ZILLOW GROUP, INC.",not_reviewed,0,0,
ZIMMER BIOMET,not_reviewed,0,0,
ZURICH AMERICAN INSURANCE COMPANY,rejected_too_generic,0,0,
