member,bioguide,registrant,relationship,roster_clients_represented,n_contribution_items,total_amount,first_date,last_date
DelBene,D000617,TIBER CREEK GROUP,third_party_firm,AMERICAN PROPERTY CASUALTY INSURANCE ASSOCIATION; FINSECA; INFORMATION TECHNOLOGY INDUSTRY COUNCIL; SAP AMERICA INC.; THE NORTHWESTERN MUTUAL LIFE INSURANCE COMPANY; UNITED SERVICES AUTOMOBILE ASSOCIATION,7,86600.0,2023-02-23,2025-12-31
DelBene,D000617,HONEYWELL INTERNATIONAL,in_house,HONEYWELL INTERNATIONAL,19,41500.0,2022-02-17,2025-12-23
DelBene,D000617,"MEDTRONIC, INC.",in_house,MEDTRONIC INC,9,40000.0,2022-03-22,2025-03-25
DelBene,D000617,"K&L GATES, LLP",third_party_firm,BOEING EMPLOYEES' CREDIT UNION,28,34000.0,2022-02-04,2024-09-30
DelBene,D000617,AMAZON.COM SERVICES LLC,in_house,AMAZON.COM SERVICES LLC,9,33800.0,2022-06-24,2025-04-22
DelBene,D000617,MORTGAGE BANKERS ASSOCIATION,in_house,MORTGAGE BANKERS ASSOCIATION,10,33500.0,2022-02-17,2025-12-11
DelBene,D000617,AFLAC INCORPORATED,in_house,AFLAC INCORPORATED,15,30500.0,2022-10-24,2025-11-20
DelBene,D000617,FINSECA,in_house,FINSECA,13,30000.0,2022-07-29,2025-09-26
DelBene,D000617,GOOGLE CLIENT SERVICES LLC,in_house,GOOGLE CLIENT SERVICES LLC,12,28000.0,2022-01-21,2025-12-12
DelBene,D000617,CONSUMER TECHNOLOGY ASSOCIATION,in_house,CONSUMER TECHNOLOGY ASSOCIATION,6,21000.0,2022-03-10,2025-05-23
DelBene,D000617,THE HOME DEPOT,in_house,HOME DEPOT,5,20000.0,2022-01-30,2023-09-29
DelBene,D000617,CATERPILLAR INC.,third_party_firm,CATERPILLAR INC,5,17500.0,2022-09-06,2025-09-15
DelBene,D000617,STATE FARM MUTUAL AUTOMOBILE INSURANCE COMPANY,in_house,STATE FARM MUTUAL AUTOMOBILE INSURANCE COMPANY,11,17000.0,2022-02-16,2025-11-12
DelBene,D000617,VERIZON COMMUNICATIONS INC. AND VARIOUS SUBSIDIARIES,third_party_firm,VERIZON COMMUNICATIONS INC AND VARIOUS SUBSIDIARIES,4,17000.0,2022-09-15,2025-06-19
DelBene,D000617,AMERICAN BANKERS ASSOCIATION,in_house,AMERICAN BANKERS ASSOCIATION,7,16000.0,2022-09-22,2025-11-19
DelBene,D000617,UNITED SERVICES AUTOMOBILE ASSOCIATION,in_house,UNITED SERVICES AUTOMOBILE ASSOCIATION,7,14500.0,2022-10-04,2025-08-06
DelBene,D000617,AMERICAN LAND TITLE ASSOCIATION,in_house,AMERICAN LAND TITLE ASSOCIATION,8,13500.0,2022-06-14,2025-05-15
DelBene,D000617,"TOYOTA MOTOR NORTH AMERICA, INC. (TMA)",third_party_firm,TOYOTA MOTOR NORTH AMERICA INC (TMA),9,13500.0,2022-08-12,2025-12-18
DelBene,D000617,LOWE'S COMPANIES INC.,in_house,LOWE'S COMPANIES INC.,6,13500.0,2022-03-25,2025-12-18
DelBene,D000617,AMERICAN PROPERTY CASUALTY INSURANCE ASSOCIATION FKA PROPERTY CASUALTY INSURERS ASSOC. OF AMERICA,third_party_firm,AMERICAN PROPERTY CASUALTY INSURANCE ASSOCIATION,9,13000.0,2023-01-20,2025-11-18
DelBene,D000617,"MEHLMAN CONSULTING, INC.",third_party_firm,"CHUBB INA HOLDINGS, INC.; CLOUDFLARE; EPIC SYSTEMS CORPORATION; INDEED, INC.; INFORMATION TECHNOLOGY INDUSTRY COUNCIL (ITI); NATIONAL RESTAURANT ASSOCIATION; NETFLIX, INC.; NOTARIZE, INC. DBA PROOF.COM; ONFIDO, INC.; PALO ALTO NETWORKS, INC.; RAPID7, INC.; RETAIL INDUSTRY LEADERS ASSOCIATION (RILA); ROCK CENTRAL; SAP AMERICA, INC.; THE BUSINESS ROUNDTABLE; TIKTOK INC.; TNC (US) HOLDINGS, INC. (FORMERLY NIELSEN); TWILIO, INC.",20,12865.0,2022-03-15,2025-03-31
DelBene,D000617,VENN STRATEGIES,third_party_firm,THRIVENT FINANCIAL FOR LUTHERANS,8,12750.0,2023-06-09,2025-12-19
DelBene,D000617,"BROWNSTEIN HYATT FARBER SCHRECK, LLP",third_party_firm,CREDIT KARMA AN INTUIT AFFILIATE; MCDONALD'S CORPORATION; RELX INC; THE INSTITUTE FOR LEGAL REFORM - U.S. CHAMBER OF COMMERCE,10,12000.0,2022-05-06,2025-11-13
DelBene,D000617,HOLLAND & KNIGHT LLP,third_party_firm,ALIBABA GROUP HOLDING LIMITED; THOMSON REUTERS,12,12000.0,2023-11-07,2025-01-27
DelBene,D000617,TARGET CORPORATION,in_house,TARGET CORPORATION,5,10500.0,2022-02-15,2025-03-28
DelBene,D000617,PRIMERICA LIFE INSURANCE COMPANY,in_house,PRIMERICA LIFE INSURANCE COMPANY,10,10500.0,2022-06-21,2025-06-25
DelBene,D000617,AKIN GUMP STRAUSS HAUER & FELD,third_party_firm,"BUSINESS ROUNDTABLE; NATIONAL ASSOCIATION OF REALTORS; NCTA-THE INTERNET & TELEVISION ASSOCIATION; PROFESSIONAL BACKGROUND SCREENERS ASSOCIATION; TRANSUNION; VERIZON COMMUNICATIONS; VISA, U.S.A., INC.",10,10025.0,2022-05-24,2025-07-09
DelBene,D000617,THE PROCTER AND GAMBLE COMPANY,in_house,THE PROCTER AND GAMBLE COMPANY,5,10000.0,2022-03-28,2024-06-21
DelBene,D000617,INDEPENDENT INSURANCE AGENTS & BROKERS OF AMERICA,in_house,INDEPENDENT INSURANCE AGENTS & BROKERS OF AMERICA,4,10000.0,2023-07-28,2025-03-10
DelBene,D000617,GUARDIAN LIFE INSURANCE COMPANY OF AMERICA,in_house,GUARDIAN LIFE INSURANCE COMPANY OF AMERICA,4,9500.0,2022-06-23,2025-05-01
DelBene,D000617,ROCK CENTRAL,in_house,ROCK CENTRAL,5,8500.0,2022-03-24,2022-09-27
DelBene,D000617,"PHILIPS HOLDING USA, INC.",third_party_firm,PHILIPS HOLDING USA INC.,6,8000.0,2022-03-07,2025-08-04
DelBene,D000617,COX ENTERPRISES INC.,in_house,COX ENTERPRISES INC.,3,7500.0,2023-10-18,2025-09-22
DelBene,D000617,"SAP AMERICA, INC.",in_house,"SAP AMERICA, INC.",3,7500.0,2022-08-15,2024-05-07
DelBene,D000617,THORN RUN PARTNERS,third_party_firm,"COLLEGE OF HEALTHCARE INFORMATION MANAGEMENT EXECUTIVES (CHIME); COMCAST CORPORATION; EBAY INC; EQUIFAX INC.; JM FAMILY ENTERPRISES, INC; NATIONAL ASSOCIATION OF MUTUAL INSURANCE COMPANIES; ONEMAIN FINANCIAL GROUP, LLC; PAYPAL; T-MOBILE USA, INC.",8,6000.0,2022-06-30,2025-09-30
DelBene,D000617,ALSTON & BIRD LLP,third_party_firm,INTERPUBLIC GROUP,4,6000.0,2025-11-18,2025-12-02
DelBene,D000617,"ENTERGY SERVICES, LLC",third_party_firm,ENTERGY SERVICES LLC,6,6000.0,2022-01-19,2025-11-03
DelBene,D000617,"KOUNTOUPES DENHAM CARR & REID, LLC",third_party_firm,AIRBNB; AMERICAN CLINICAL LABORATORY ASSOCIATION; MOZILLA CORPORATION; PINTEREST INC.,5,5500.0,2022-06-30,2025-09-26
DelBene,D000617,CAPITAL ONE FINANCIAL CORPORATION,in_house,CAPITAL ONE FINANCIAL CORPORATION,4,5500.0,2022-09-19,2025-11-24
DelBene,D000617,NATIONAL ASSOCIATION OF MUTUAL INSURANCE COMPANIES,in_house,NATIONAL ASSOCIATION OF MUTUAL INSURANCE COMPANIES,5,5000.0,2023-03-20,2025-03-07
DelBene,D000617,TRANS UNION LLC,in_house,TRANS UNION LLC,1,5000.0,2024-12-11,2024-12-11
DelBene,D000617,THE NONPROFIT ALLIANCE,in_house,THE NONPROFIT ALLIANCE,7,4500.0,2022-03-18,2024-05-22
DelBene,D000617,GAP INC.,in_house,GAP INC.,3,4500.0,2023-11-01,2025-05-06
DelBene,D000617,ARNOLD & PORTER KAYE SCHOLER LLP,third_party_firm,MCGRAW-HILL EDUCATION; NORC AT THE UNIVERSITY OF CHICAGO,2,4000.0,2022-12-02,2025-12-29
DelBene,D000617,INFORMATION TECHNOLOGY INDUSTRY COUNCIL,in_house,INFORMATION TECHNOLOGY INDUSTRY COUNCIL,4,3500.0,2022-09-22,2025-06-30
DelBene,D000617,EMERGENT STRATEGIES,third_party_firm,"ADVAMED:ADVANCED MEDICAL TECHNOLOGY ASSOCIATION; LIVERAMP, INC.; MAPLEBEAR INC. D/B/A INSTACART",3,3000.0,2023-09-29,2025-03-31
DelBene,D000617,OGR,third_party_firm,"AMERICAN BANKERS ASSOCIATION; AMERICAN PROPERTY CASUALTY INSURANCE ASSOCIATION; AT&T SERVICES, INC.; BATH & BODY WORKS, INC.; CARVANA; CTIA-THE WIRELESS ASSOCIATION; DELL INC.; DIRECTV, LLC; ENTERTAINMENT SOFTWARE ASSOCIATION; META PLATFORMS, INC.; NIKE, INC.; PHARMACEUTICAL RESEARCH AND MANUFACTURERS OF AMERICA (PHRMA); UNITED STATES TELECOM ASSOCIATION; VERIZON COMMUNICATIONS INC AND VARIOUS SUBSIDIARIES; WELLS FARGO & COMPANY",3,3000.0,2023-02-28,2025-03-31
DelBene,D000617,RETAIL INDUSTRY LEADERS ASSOCIATION,in_house,RETAIL INDUSTRY LEADERS ASSOCIATION,3,3000.0,2022-03-28,2024-06-25
DelBene,D000617,ROCKET LP FKA RKT HOLDINGS,in_house,ROCKET LP FKA RKT HOLDINGS,1,2500.0,2025-12-16,2025-12-16
DelBene,D000617,"GARMIN INTERNATIONAL, INC.",in_house,"GARMIN INTERNATIONAL, INC.",1,2500.0,2022-09-20,2022-09-20
DelBene,D000617,"LUMEN TECHNOLOGIES, INC.",in_house,"LUMEN TECHNOLOGIES, INC.",1,2500.0,2024-04-29,2024-04-29
DelBene,D000617,NATIONAL ASSOCIATION OF MANUFACTURERS,in_house,NATIONAL ASSOCIATION OF MANUFACTURERS,2,2500.0,2022-06-24,2022-09-29
DelBene,D000617,MONUMENT ADVOCACY,third_party_firm,"ACCENTURE, LLP; ATLASSIAN; ENTERPRISE CLOUD COALITION; S&P GLOBAL MOBILITY (FORMERLY KNOWN AS IHS MARKIT D/B/A R.L. POLK & CO.); WORKDAY, INC.",2,2500.0,2024-01-25,2024-03-28
DelBene,D000617,"ZILLOW GROUP, INC.",in_house,"ZILLOW GROUP, INC.",1,2500.0,2022-06-16,2022-06-16
DelBene,D000617,CHAMBER OF COMMERCE OF THE U.S.A.,in_house,CHAMBER OF COMMERCE OF THE U.S.A.,1,2500.0,2022-08-23,2022-08-23
DelBene,D000617,EBAY INC.,in_house,EBAY INC.,2,2000.0,2022-05-02,2023-07-21
DelBene,D000617,HARTFORD INSURANCE GROUP (FKA HARTFORD FINANCIAL SERVICES GROUP),in_house,HARTFORD INSURANCE GROUP (FKA HARTFORD FINANCIAL SERVICES GROUP),2,2000.0,2023-05-10,2025-07-25
DelBene,D000617,INVARIANT LLC,third_party_firm,"APPLE INC.; CLOAKED, INC.; EVENTBRITE, INC.; H&R BLOCK MANAGEMENT, LLC; MERCARI, INC.; NATIONAL ASSOCIATION OF REALTORS; NATIONAL RETAIL FEDERATION; NEWS/MEDIA ALLIANCE; NEXTDOOR; NIANTIC, INC.; PREMISE; SALESFORCE, INC.; SHOPIFY INC.; SPACE EXPLORATION TECHNOLOGIES CORP.; THE BUSINESS ROUNDTABLE; TOYOTA MOTOR NORTH AMERICA, INC.; WORKDAY, INC.",4,2000.0,2023-01-26,2025-07-21
DelBene,D000617,"GENENTECH, INC",third_party_firm,GENENTECH INC,2,2000.0,2022-09-19,2024-05-06
DelBene,D000617,MUTUAL OF OMAHA,in_house,MUTUAL OF OMAHA,1,1000.0,2022-06-24,2022-06-24
DelBene,D000617,"SALESFORCE, INC.",in_house,"SALESFORCE, INC.",1,1000.0,2022-04-25,2022-04-25
DelBene,D000617,PACIFIC GAS AND ELECTRIC COMPANY,in_house,PACIFIC GAS AND ELECTRIC COMPANY,1,1000.0,2023-11-17,2023-11-17
DelBene,D000617,"SIX CONTINENTS HOTELS, INC.",in_house,"SIX CONTINENTS HOTELS, INC.",1,1000.0,2025-01-31,2025-01-31
DelBene,D000617,"ELEVATE GOVERNMENT AFFAIRS, LLC",third_party_firm,"LYTX, INC.; MICROSOFT CORPORATION",2,1000.0,2023-08-24,2023-09-29
DelBene,D000617,"CORNERSTONE GOVERNMENT AFFAIRS, INC.",third_party_firm,"GARMIN INTERNATIONAL, INC.; TARGET CORPORATION",2,1000.0,2023-03-30,2023-07-18
DelBene,D000617,"TNC (US) HOLDINGS, INC.",third_party_firm,TNC (US) HOLDINGS INC,2,1000.0,2022-09-01,2024-10-24
DelBene,D000617,"THE DOW CHEMICAL COMPANY, DBA DOW",third_party_firm,DOW CHEMICAL COMPANY DBA DOW,1,1000.0,2023-12-19,2023-12-19
DelBene,D000617,"YUM! BRANDS, INC.",third_party_firm,YUM! BRANDS INC,1,1000.0,2024-06-10,2024-06-10
DelBene,D000617,AVENUE SOLUTIONS,third_party_firm,THE NONPROFIT ALLIANCE,1,500.0,2025-03-21,2025-03-21
DelBene,D000617,THE DUBERSTEIN GROUP INC.,third_party_firm,AMAZON.COM SERVICES LLC; MATCH GROUP,1,500.0,2023-07-19,2023-07-19
DelBene,D000617,EMPIRE CONSULTING GROUP,third_party_firm,CHARTER COMMUNICATIONS INC.; FOX CORPORATION; UNITED STATES TELECOM ASSOCIATION,1,500.0,2024-01-04,2024-01-04
DelBene,D000617,"WILLIAMS AND JENSEN, PLLC",third_party_firm,REINSURANCE ASSOCIATION OF AMERICA,1,500.0,2022-09-22,2022-09-22
Moran,M000934,"BROWNSTEIN HYATT FARBER SCHRECK, LLP",third_party_firm,CREDIT KARMA AN INTUIT AFFILIATE; MCDONALD'S CORPORATION; RELX INC; THE INSTITUTE FOR LEGAL REFORM - U.S. CHAMBER OF COMMERCE,30,74875.0,2022-07-29,2025-08-11
Moran,M000934,"K&L GATES, LLP",third_party_firm,BOEING EMPLOYEES' CREDIT UNION,36,57250.0,2022-02-09,2025-07-23
Moran,M000934,MORTGAGE BANKERS ASSOCIATION,in_house,MORTGAGE BANKERS ASSOCIATION,6,30000.0,2022-06-28,2025-06-26
Moran,M000934,INDEPENDENT INSURANCE AGENTS & BROKERS OF AMERICA,in_house,INDEPENDENT INSURANCE AGENTS & BROKERS OF AMERICA,8,29000.0,2022-03-02,2025-07-24
Moran,M000934,"GARMIN INTERNATIONAL, INC.",in_house,"GARMIN INTERNATIONAL, INC.",8,26500.0,2022-07-25,2025-07-21
Moran,M000934,HONEYWELL INTERNATIONAL,in_house,HONEYWELL INTERNATIONAL,10,26000.0,2022-05-05,2025-07-29
Moran,M000934,CAPITAL ONE FINANCIAL CORPORATION,in_house,CAPITAL ONE FINANCIAL CORPORATION,6,25000.0,2022-07-23,2025-03-13
Moran,M000934,"KOCH GOVERNMENT AFFAIRS, LLC",in_house,"KOCH GOVERNMENT AFFAIRS, LLC",7,22500.0,2022-06-06,2025-09-18
Moran,M000934,AMERICAN BANKERS ASSOCIATION,in_house,AMERICAN BANKERS ASSOCIATION,4,20000.0,2022-03-04,2025-07-16
Moran,M000934,"VENTURE GOVERNMENT STRATEGIES, LLC (FKA HOBART HALLAWAY & QUAYLE VENTURES, LLC)",third_party_firm,"CHARTER COMMUNICATIONS, INC.; GARMIN INTERNATIONAL, INC.; INTERNATIONAL FRANCHISE ASSOCIATION (IFA); MICROSOFT CORPORATION",9,18550.0,2022-08-08,2025-07-15
Moran,M000934,AKIN GUMP STRAUSS HAUER & FELD,third_party_firm,"BUSINESS ROUNDTABLE; NATIONAL ASSOCIATION OF REALTORS; NCTA-THE INTERNET & TELEVISION ASSOCIATION; PROFESSIONAL BACKGROUND SCREENERS ASSOCIATION; TRANSUNION; VERIZON COMMUNICATIONS; VISA, U.S.A., INC.",13,12000.0,2022-03-21,2022-10-20
Moran,M000934,"CORNERSTONE GOVERNMENT AFFAIRS, INC.",third_party_firm,"GARMIN INTERNATIONAL, INC.; TARGET CORPORATION",14,11500.0,2023-07-24,2025-09-30
Moran,M000934,ROCK CENTRAL,in_house,ROCK CENTRAL,3,10000.0,2022-03-24,2024-06-25
Moran,M000934,DLA PIPER LLP (US),third_party_firm,"AURA SUB, LLC",10,10000.0,2022-03-23,2022-09-20
Moran,M000934,AMERICAN LAND TITLE ASSOCIATION,in_house,AMERICAN LAND TITLE ASSOCIATION,4,10000.0,2022-05-24,2025-06-24
Moran,M000934,GOOGLE CLIENT SERVICES LLC,in_house,GOOGLE CLIENT SERVICES LLC,3,10000.0,2022-01-28,2022-06-17
Moran,M000934,AMAZON.COM SERVICES LLC,in_house,AMAZON.COM SERVICES LLC,3,10000.0,2023-07-14,2025-12-02
Moran,M000934,UNITED SERVICES AUTOMOBILE ASSOCIATION,in_house,UNITED SERVICES AUTOMOBILE ASSOCIATION,2,10000.0,2022-05-27,2022-05-27
Moran,M000934,THE HOME DEPOT,in_house,HOME DEPOT,2,10000.0,2022-04-27,2023-12-17
Moran,M000934,CONSUMER TECHNOLOGY ASSOCIATION,in_house,CONSUMER TECHNOLOGY ASSOCIATION,2,10000.0,2022-08-11,2023-07-28
Moran,M000934,BAKER DONELSON BEARMAN CALDWELL & BERKOWITZ,third_party_firm,COMCAST CORPORATION,4,9500.0,2022-11-16,2025-07-22
Moran,M000934,THE NONPROFIT ALLIANCE,in_house,THE NONPROFIT ALLIANCE,8,9000.0,2022-02-16,2024-07-23
Moran,M000934,ARNOLD & PORTER KAYE SCHOLER LLP,third_party_firm,MCGRAW-HILL EDUCATION; NORC AT THE UNIVERSITY OF CHICAGO,3,9000.0,2022-05-16,2025-07-29
Moran,M000934,REINSURANCE ASSN OF AMERICA,in_house,REINSURANCE ASSN OF AMERICA,3,7500.0,2022-05-04,2022-05-04
Moran,M000934,AFLAC INCORPORATED,in_house,AFLAC INCORPORATED,2,7500.0,2023-07-20,2024-03-21
Moran,M000934,VERIZON COMMUNICATIONS INC. AND VARIOUS SUBSIDIARIES,third_party_firm,VERIZON COMMUNICATIONS INC AND VARIOUS SUBSIDIARIES,5,7500.0,2022-03-25,2024-06-25
Moran,M000934,PRIMERICA LIFE INSURANCE COMPANY,in_house,PRIMERICA LIFE INSURANCE COMPANY,3,7500.0,2022-06-21,2022-06-21
Moran,M000934,HOLLAND & KNIGHT LLP,third_party_firm,ALIBABA GROUP HOLDING LIMITED; THOMSON REUTERS,6,7000.0,2023-03-16,2025-06-06
Moran,M000934,"WILLIAMS AND JENSEN, PLLC",third_party_firm,REINSURANCE ASSOCIATION OF AMERICA,5,6000.0,2022-05-15,2025-08-02
Moran,M000934,CHAMBER OF COMMERCE OF THE U.S.A.,in_house,CHAMBER OF COMMERCE OF THE U.S.A.,3,5250.0,2022-03-11,2023-10-26
Moran,M000934,NATIONAL ASSOCIATION OF MANUFACTURERS,in_house,NATIONAL ASSOCIATION OF MANUFACTURERS,3,5000.0,2022-03-31,2022-08-24
Moran,M000934,ALABAMA FARMERS FEDERATION,in_house,ALABAMA FARMERS FEDERATION,1,5000.0,2022-09-16,2022-09-16
Moran,M000934,FINSECA,in_house,FINSECA,3,5000.0,2022-07-29,2025-11-25
Moran,M000934,CATERPILLAR INC.,third_party_firm,CATERPILLAR INC,1,5000.0,2022-09-06,2022-09-06
Moran,M000934,NATIONAL ASSOCIATION OF MUTUAL INSURANCE COMPANIES,in_house,NATIONAL ASSOCIATION OF MUTUAL INSURANCE COMPANIES,2,5000.0,2022-05-24,2022-06-22
Moran,M000934,ARENTFOX SCHIFF LLP,third_party_firm,"COMPUTER & COMMUNICATIONS INDUSTRY ASSOCIATION; MARS, INCORPORATED",4,5000.0,2022-03-02,2023-07-16
Moran,M000934,THE PROCTER AND GAMBLE COMPANY,in_house,THE PROCTER AND GAMBLE COMPANY,2,5000.0,2022-03-08,2022-03-08
Moran,M000934,APPLE INC.,in_house,APPLE INC,4,4500.0,2022-08-01,2025-10-27
Moran,M000934,"ELEVATE GOVERNMENT AFFAIRS, LLC",third_party_firm,"LYTX, INC.; MICROSOFT CORPORATION",2,4000.0,2022-03-29,2023-03-31
Moran,M000934,STANTON PARK GROUP,third_party_firm,"INTUIT, INC. AND AFFILIATES",2,4000.0,2025-03-31,2025-07-31
Moran,M000934,MONUMENT ADVOCACY,third_party_firm,"ACCENTURE, LLP; ATLASSIAN; ENTERPRISE CLOUD COALITION; S&P GLOBAL MOBILITY (FORMERLY KNOWN AS IHS MARKIT D/B/A R.L. POLK & CO.); WORKDAY, INC.",5,3850.0,2023-11-12,2024-10-22
Moran,M000934,FIERCE GOVERNMENT RELATIONS,third_party_firm,"BUSINESS ROUNDTABLE; CHARTER COMMUNICATIONS, INC.; COMCAST CORPORATION; GENERAL MOTORS COMPANY; NATIONAL CABLE AND TELECOMMUNICATIONS ASSOCIATION; NATIONAL RETAIL FEDERATION; NEWS MEDIA ALLIANCE; THE HOME DEPOT; UPS (UNITED PARCEL SERVICE); YUM! BRANDS",1,3500.0,2025-07-31,2025-07-31
Moran,M000934,FIRST AMERICAN FINANCIAL CORPORATION,in_house,FIRST AMERICAN FINANCIAL CORPORATION,2,3500.0,2022-07-29,2023-09-28
Moran,M000934,"LEWIS-BURKE ASSOCIATES, LLC",third_party_firm,AMERICAN SOCIETY OF HUMAN GENETICS,7,3500.0,2022-06-29,2025-09-09
Moran,M000934,"NATIONAL MULTIFAMILY HOUSING COUNCIL, INC.",third_party_firm,NATIONAL MULTIFAMILY HOUSING COUNCIL INC,1,3500.0,2024-10-29,2024-10-29
Moran,M000934,"YUM! BRANDS, INC.",third_party_firm,YUM! BRANDS INC,2,3250.0,2023-07-31,2025-10-27
Moran,M000934,"CROSSROADS STRATEGIES, LLC",third_party_firm,"AMERICAN LAND TITLE ASSOCIATION; AT&T SERVICES, INC.; AVENTIV TECHNOLOGIES LLC AND VARIOUS SUBSIDIARIES; CHUBB INA HOLDING COMPANY INC; CREDIT UNION NATIONAL ASSOCIATION, INC. DBA AMERICA'S CREDIT UNIONS; DAPPER LABS INC.; DROPBOX, INC.; H&R BLOCK MANAGEMENT, LLC; KOCH GOVERNMENT AFFAIRS, LLC; KOHLER CO.; MARSH MCLENNAN; MORGAN STANLEY & CO LLC; NATIONAL ASSOCIATION OF MUTUAL INSURANCE COMPANIES; SECURITIES INDUSTRY AND FINANCIAL MARKETS ASSOCIATION (SIFMA); TECHNET; TRANS UNION LLC; TRANSAMERICA COMPANIES; UNIVERSITY OF PHOENIX; VISA, INC.",2,3000.0,2022-03-21,2023-03-27
Moran,M000934,SQUIRE PATTON BOGGS,third_party_firm,DIGITAL ANALYTICS FREEDOM ALLIANCE; MATCH GROUP,3,3000.0,2022-10-03,2023-12-02
Moran,M000934,"MEHLMAN CONSULTING, INC.",third_party_firm,"CHUBB INA HOLDINGS, INC.; CLOUDFLARE; EPIC SYSTEMS CORPORATION; INDEED, INC.; INFORMATION TECHNOLOGY INDUSTRY COUNCIL (ITI); NATIONAL RESTAURANT ASSOCIATION; NETFLIX, INC.; NOTARIZE, INC. DBA PROOF.COM; ONFIDO, INC.; PALO ALTO NETWORKS, INC.; RAPID7, INC.; RETAIL INDUSTRY LEADERS ASSOCIATION (RILA); ROCK CENTRAL; SAP AMERICA, INC.; THE BUSINESS ROUNDTABLE; TIKTOK INC.; TNC (US) HOLDINGS, INC. (FORMERLY NIELSEN); TWILIO, INC.",1,3000.0,2022-07-13,2022-07-13
Moran,M000934,"PHILIPS HOLDING USA, INC.",third_party_firm,PHILIPS HOLDING USA INC.,1,3000.0,2024-03-22,2024-03-22
Moran,M000934,OGR,third_party_firm,"AMERICAN BANKERS ASSOCIATION; AMERICAN PROPERTY CASUALTY INSURANCE ASSOCIATION; AT&T SERVICES, INC.; BATH & BODY WORKS, INC.; CARVANA; CTIA-THE WIRELESS ASSOCIATION; DELL INC.; DIRECTV, LLC; ENTERTAINMENT SOFTWARE ASSOCIATION; META PLATFORMS, INC.; NIKE, INC.; PHARMACEUTICAL RESEARCH AND MANUFACTURERS OF AMERICA (PHRMA); UNITED STATES TELECOM ASSOCIATION; VERIZON COMMUNICATIONS INC AND VARIOUS SUBSIDIARIES; WELLS FARGO & COMPANY",4,2750.0,2022-05-30,2025-08-26
Moran,M000934,"GENENTECH, INC",third_party_firm,GENENTECH INC,4,2500.0,2022-02-17,2025-07-24
Moran,M000934,"TOYOTA MOTOR NORTH AMERICA, INC. (TMA)",third_party_firm,TOYOTA MOTOR NORTH AMERICA INC (TMA),1,2500.0,2025-12-18,2025-12-18
Moran,M000934,AMERICAN PROPERTY CASUALTY INSURANCE ASSOCIATION FKA PROPERTY CASUALTY INSURERS ASSOC. OF AMERICA,third_party_firm,AMERICAN PROPERTY CASUALTY INSURANCE ASSOCIATION,1,2500.0,2022-06-15,2022-06-15
Moran,M000934,"ZILLOW GROUP, INC.",in_house,"ZILLOW GROUP, INC.",2,2500.0,2022-06-16,2022-10-21
Moran,M000934,LOWE'S COMPANIES INC.,in_house,LOWE'S COMPANIES INC.,1,2500.0,2022-09-13,2022-09-13
Moran,M000934,WEST FRONT STRATEGIES LLC,third_party_firm,CONSUMER TECHNOLOGY ASSOCIATION; INTEL CORPORATION; NATIONAL INSURANCE CRIME BUREAU; VIZIO; WALGREEN CO.,2,2000.0,2022-03-16,2022-06-09
Moran,M000934,"DISNEY WORLDWIDE SERVICES, INC.",third_party_firm,DISNEY WORLDWIDE SERVICES INC,2,2000.0,2022-09-06,2025-06-06
Moran,M000934,STATE FARM MUTUAL AUTOMOBILE INSURANCE COMPANY,in_house,STATE FARM MUTUAL AUTOMOBILE INSURANCE COMPANY,2,2000.0,2022-06-28,2022-07-27
Moran,M000934,FOOD MARKETPLACE INC.,third_party_firm,FOOD MARKETPLACE INC,1,2000.0,2022-03-22,2022-03-22
Moran,M000934,HARTFORD INSURANCE GROUP (FKA HARTFORD FINANCIAL SERVICES GROUP),in_house,HARTFORD INSURANCE GROUP (FKA HARTFORD FINANCIAL SERVICES GROUP),1,1500.0,2022-03-24,2022-03-24
Moran,M000934,THORN RUN PARTNERS,third_party_firm,"COLLEGE OF HEALTHCARE INFORMATION MANAGEMENT EXECUTIVES (CHIME); COMCAST CORPORATION; EBAY INC; EQUIFAX INC.; JM FAMILY ENTERPRISES, INC; NATIONAL ASSOCIATION OF MUTUAL INSURANCE COMPANIES; ONEMAIN FINANCIAL GROUP, LLC; PAYPAL; T-MOBILE USA, INC.",1,1500.0,2024-03-20,2024-03-20
Moran,M000934,INVARIANT LLC,third_party_firm,"APPLE INC.; CLOAKED, INC.; EVENTBRITE, INC.; H&R BLOCK MANAGEMENT, LLC; MERCARI, INC.; NATIONAL ASSOCIATION OF REALTORS; NATIONAL RETAIL FEDERATION; NEWS/MEDIA ALLIANCE; NEXTDOOR; NIANTIC, INC.; PREMISE; SALESFORCE, INC.; SHOPIFY INC.; SPACE EXPLORATION TECHNOLOGIES CORP.; THE BUSINESS ROUNDTABLE; TOYOTA MOTOR NORTH AMERICA, INC.; WORKDAY, INC.",2,1000.0,2022-08-02,2022-08-02
Moran,M000934,THE DUBERSTEIN GROUP INC.,third_party_firm,AMAZON.COM SERVICES LLC; MATCH GROUP,1,1000.0,2022-09-13,2022-09-13
Moran,M000934,INTERNATIONAL FRANCHISE ASSOCIATION,in_house,INTERNATIONAL FRANCHISE ASSOCIATION,1,1000.0,2022-09-28,2022-09-28
Moran,M000934,DGA GROUP GOVERNMENT RELATIONS LLC,third_party_firm,DIGITAL CONTENT NEXT,1,1000.0,2022-09-20,2022-09-20
Moran,M000934,"ENTERGY SERVICES, LLC",third_party_firm,ENTERGY SERVICES LLC,1,1000.0,2022-06-01,2022-06-01
Moran,M000934,MEDICAL PROFESSIONAL LIABILITY ASSOCIATION,in_house,MEDICAL PROFESSIONAL LIABILITY ASSOCIATION,1,1000.0,2022-09-28,2022-09-28
Moran,M000934,VENABLE LLP,third_party_firm,"NATIONAL ASSOCIATION OF INDEPENDENT SCHOOLS, INC.; NATIONAL BUSINESS COALITION ON E-COMMERCE AND PRIVACY",1,1000.0,2022-09-14,2022-09-14
Moran,M000934,"AIRBNB, INC.",in_house,"AIRBNB, INC.",1,1000.0,2022-07-13,2022-07-13
Moran,M000934,CAPITOL COUNSEL LLC,third_party_firm,"INTUIT, INC. AND AFFILIATES; JOINT COMMISSION ON ACCREDITATION OF HEALTHCARE ORGANIZATIONS; VERIZON COMMUNICATIONS, INC.",1,1000.0,2022-03-15,2022-03-15
Moran,M000934,RELX INC.,in_house,RELX INC,1,1000.0,2022-07-25,2022-07-25
Moran,M000934,"SAP AMERICA, INC.",in_house,"SAP AMERICA, INC.",1,1000.0,2022-11-02,2022-11-02
Moran,M000934,EBAY INC.,in_house,EBAY INC.,1,1000.0,2022-08-05,2022-08-05
Moran,M000934,"WHITMER & WORRALL, LLC",third_party_firm,PANASONIC CORPORATION OF NORTH AMERICA,1,1000.0,2023-11-13,2023-11-13
Moran,M000934,"1607 STRATEGIES, LLC",third_party_firm,AMERICAN PROPERTY CASUALTY INSURANCE ASSOCIATION,1,500.0,2022-12-30,2022-12-30
Moran,M000934,"MOTION PICTURE ASSOCIATION, INC.",third_party_firm,MOTION PICTURE ASSOCIATION INC,1,500.0,2023-12-07,2023-12-07
Moran,M000934,"KOUNTOUPES DENHAM CARR & REID, LLC",third_party_firm,AIRBNB; AMERICAN CLINICAL LABORATORY ASSOCIATION; MOZILLA CORPORATION; PINTEREST INC.,1,500.0,2025-12-15,2025-12-15
Schakowsky,S001145,THE HOME DEPOT,in_house,HOME DEPOT,4,17500.0,2022-08-10,2023-12-17
Schakowsky,S001145,VERIZON COMMUNICATIONS INC. AND VARIOUS SUBSIDIARIES,third_party_firm,VERIZON COMMUNICATIONS INC AND VARIOUS SUBSIDIARIES,9,14000.0,2022-06-17,2025-03-19
Schakowsky,S001145,TARGET CORPORATION,in_house,TARGET CORPORATION,2,7500.0,2022-06-06,2023-04-27
Schakowsky,S001145,"K&L GATES, LLP",third_party_firm,BOEING EMPLOYEES' CREDIT UNION,7,7000.0,2023-07-11,2023-07-11
Schakowsky,S001145,ALLSTATE INSURANCE COMPANY,in_house,ALLSTATE INSURANCE COMPANY,2,6000.0,2024-03-13,2025-03-11
Schakowsky,S001145,"CONTINENTAL TIRE THE AMERICAS, LLC FKA CONTINENTAL AUTOMOTIVE SYSTEMS, INC.",third_party_firm,"CONTINENTAL AUTOMOTIVE SYSTEMS, INC.",2,5000.0,2022-07-21,2022-07-21
Schakowsky,S001145,"BROWNSTEIN HYATT FARBER SCHRECK, LLP",third_party_firm,CREDIT KARMA AN INTUIT AFFILIATE; MCDONALD'S CORPORATION; RELX INC; THE INSTITUTE FOR LEGAL REFORM - U.S. CHAMBER OF COMMERCE,4,4000.0,2023-02-28,2023-10-25
Schakowsky,S001145,COX ENTERPRISES INC.,in_house,COX ENTERPRISES INC.,4,4000.0,2022-06-24,2025-02-24
Schakowsky,S001145,EBAY INC.,in_house,EBAY INC.,2,3500.0,2022-06-06,2023-07-20
Schakowsky,S001145,AMERICAN PROPERTY CASUALTY INSURANCE ASSOCIATION FKA PROPERTY CASUALTY INSURERS ASSOC. OF AMERICA,third_party_firm,AMERICAN PROPERTY CASUALTY INSURANCE ASSOCIATION,2,3500.0,2023-03-13,2024-06-17
Schakowsky,S001145,GOOGLE CLIENT SERVICES LLC,in_house,GOOGLE CLIENT SERVICES LLC,4,3000.0,2022-04-08,2024-09-13
Schakowsky,S001145,THORN RUN PARTNERS,third_party_firm,"COLLEGE OF HEALTHCARE INFORMATION MANAGEMENT EXECUTIVES (CHIME); COMCAST CORPORATION; EBAY INC; EQUIFAX INC.; JM FAMILY ENTERPRISES, INC; NATIONAL ASSOCIATION OF MUTUAL INSURANCE COMPANIES; ONEMAIN FINANCIAL GROUP, LLC; PAYPAL; T-MOBILE USA, INC.",4,2500.0,2022-06-07,2023-09-30
Schakowsky,S001145,CAPITOL COUNSEL LLC,third_party_firm,"INTUIT, INC. AND AFFILIATES; JOINT COMMISSION ON ACCREDITATION OF HEALTHCARE ORGANIZATIONS; VERIZON COMMUNICATIONS, INC.",5,2500.0,2022-04-08,2024-05-15
Schakowsky,S001145,DLA PIPER LLP (US),third_party_firm,"AURA SUB, LLC",2,2000.0,2024-01-25,2024-01-25
Schakowsky,S001145,"TOYOTA MOTOR NORTH AMERICA, INC. (TMA)",third_party_firm,TOYOTA MOTOR NORTH AMERICA INC (TMA),2,2000.0,2022-10-28,2023-10-17
Schakowsky,S001145,TIBER CREEK GROUP,third_party_firm,AMERICAN PROPERTY CASUALTY INSURANCE ASSOCIATION; FINSECA; INFORMATION TECHNOLOGY INDUSTRY COUNCIL; SAP AMERICA INC.; THE NORTHWESTERN MUTUAL LIFE INSURANCE COMPANY; UNITED SERVICES AUTOMOBILE ASSOCIATION,25,1875.0,2023-06-01,2025-05-01
Schakowsky,S001145,CUNEO GILBERT & LADUCA,third_party_firm,AMERICAN ASSOCIATION FOR JUSTICE,4,1865.0,2023-10-25,2025-03-24
Schakowsky,S001145,"AVOQ, LLC",third_party_firm,"AMAZON.COM SERVICES, INC.; BIOTECHNOLOGY INNOVATION ORGANIZATION; BLOCK, INC.; CTIA - THE WIRELESS ASSOCIATION; ENTERTAINMENT SOFTWARE ASSOCIATION; GUARDIAN LIFE INSURANCE COMPANY OF AMERICA; META PLATFORMS, INC.; RELX INC.; TECHNOLOGY NETWORK AKA TECHNET",2,1000.0,2022-10-19,2022-10-19
Schakowsky,S001145,"LUMEN TECHNOLOGIES, INC.",in_house,"LUMEN TECHNOLOGIES, INC.",1,1000.0,2024-03-07,2024-03-07
Schakowsky,S001145,INVARIANT LLC,third_party_firm,"APPLE INC.; CLOAKED, INC.; EVENTBRITE, INC.; H&R BLOCK MANAGEMENT, LLC; MERCARI, INC.; NATIONAL ASSOCIATION OF REALTORS; NATIONAL RETAIL FEDERATION; NEWS/MEDIA ALLIANCE; NEXTDOOR; NIANTIC, INC.; PREMISE; SALESFORCE, INC.; SHOPIFY INC.; SPACE EXPLORATION TECHNOLOGIES CORP.; THE BUSINESS ROUNDTABLE; TOYOTA MOTOR NORTH AMERICA, INC.; WORKDAY, INC.",2,1000.0,2022-09-13,2023-03-17
Schakowsky,S001145,PARAMOUNT SKYDANCE CORPORATION (FKA PARAMOUNT GLOBAL),in_house,PARAMOUNT SKYDANCE CORPORATION (FKA PARAMOUNT GLOBAL),1,1000.0,2024-03-14,2024-03-14
Schakowsky,S001145,"MEHLMAN CONSULTING, INC.",third_party_firm,"CHUBB INA HOLDINGS, INC.; CLOUDFLARE; EPIC SYSTEMS CORPORATION; INDEED, INC.; INFORMATION TECHNOLOGY INDUSTRY COUNCIL (ITI); NATIONAL RESTAURANT ASSOCIATION; NETFLIX, INC.; NOTARIZE, INC. DBA PROOF.COM; ONFIDO, INC.; PALO ALTO NETWORKS, INC.; RAPID7, INC.; RETAIL INDUSTRY LEADERS ASSOCIATION (RILA); ROCK CENTRAL; SAP AMERICA, INC.; THE BUSINESS ROUNDTABLE; TIKTOK INC.; TNC (US) HOLDINGS, INC. (FORMERLY NIELSEN); TWILIO, INC.",2,1000.0,2024-09-06,2025-02-12
Schakowsky,S001145,ARNOLD & PORTER KAYE SCHOLER LLP,third_party_firm,MCGRAW-HILL EDUCATION; NORC AT THE UNIVERSITY OF CHICAGO,1,1000.0,2024-09-23,2024-09-23
Schakowsky,S001145,TRANS UNION LLC,in_house,TRANS UNION LLC,1,1000.0,2024-09-12,2024-09-12
Schakowsky,S001145,"SAP AMERICA, INC.",in_house,"SAP AMERICA, INC.",1,1000.0,2024-06-25,2024-06-25
Schakowsky,S001145,"MERCARI, INC.",in_house,"MERCARI, INC.",1,500.0,2022-06-23,2022-06-23
Schakowsky,S001145,GRUBHUB HOLDINGS INC.,in_house,GRUBHUB HOLDINGS INC.,1,500.0,2024-01-23,2024-01-23
Schakowsky,S001145,"TWINLOGIC STRATEGIES, LLP",third_party_firm,"DIRECTV, LLC; TRAVEL TECH: THE TRAVEL TECHNOLOGY ASSOCIATION",1,500.0,2022-04-05,2022-04-05
Schakowsky,S001145,BYTEDANCE INC.,in_house,BYTEDANCE INC.,1,250.0,2022-04-04,2022-04-04
Trahan,T000482,ALSTON & BIRD LLP,third_party_firm,INTERPUBLIC GROUP,9,11800.0,2022-03-31,2024-06-28
Trahan,T000482,AFLAC INCORPORATED,in_house,AFLAC INCORPORATED,5,11000.0,2023-07-20,2025-05-22
Trahan,T000482,GOOGLE CLIENT SERVICES LLC,in_house,GOOGLE CLIENT SERVICES LLC,3,11000.0,2023-09-08,2025-03-28
Trahan,T000482,AVENUE SOLUTIONS,third_party_firm,THE NONPROFIT ALLIANCE,8,10400.0,2022-03-30,2024-07-29
Trahan,T000482,CAPITOL COUNSEL LLC,third_party_firm,"INTUIT, INC. AND AFFILIATES; JOINT COMMISSION ON ACCREDITATION OF HEALTHCARE ORGANIZATIONS; VERIZON COMMUNICATIONS, INC.",13,10300.0,2022-03-09,2025-09-24
Trahan,T000482,"KOUNTOUPES DENHAM CARR & REID, LLC",third_party_firm,AIRBNB; AMERICAN CLINICAL LABORATORY ASSOCIATION; MOZILLA CORPORATION; PINTEREST INC.,8,10000.0,2022-03-31,2025-03-24
Trahan,T000482,"NVG, LLC",third_party_firm,ADVANCE PUBLICATIONS; AMERICAN ASSOCIATION FOR JUSTICE; COMCAST CORPORATION,19,7505.0,2022-03-30,2025-07-22
Trahan,T000482,"MEHLMAN CONSULTING, INC.",third_party_firm,"CHUBB INA HOLDINGS, INC.; CLOUDFLARE; EPIC SYSTEMS CORPORATION; INDEED, INC.; INFORMATION TECHNOLOGY INDUSTRY COUNCIL (ITI); NATIONAL RESTAURANT ASSOCIATION; NETFLIX, INC.; NOTARIZE, INC. DBA PROOF.COM; ONFIDO, INC.; PALO ALTO NETWORKS, INC.; RAPID7, INC.; RETAIL INDUSTRY LEADERS ASSOCIATION (RILA); ROCK CENTRAL; SAP AMERICA, INC.; THE BUSINESS ROUNDTABLE; TIKTOK INC.; TNC (US) HOLDINGS, INC. (FORMERLY NIELSEN); TWILIO, INC.",10,6705.0,2023-06-21,2025-06-26
Trahan,T000482,FINSECA,in_house,FINSECA,4,6500.0,2022-10-17,2024-10-31
Trahan,T000482,TIBER CREEK GROUP,third_party_firm,AMERICAN PROPERTY CASUALTY INSURANCE ASSOCIATION; FINSECA; INFORMATION TECHNOLOGY INDUSTRY COUNCIL; SAP AMERICA INC.; THE NORTHWESTERN MUTUAL LIFE INSURANCE COMPANY; UNITED SERVICES AUTOMOBILE ASSOCIATION,32,6160.0,2022-06-14,2025-06-01
Trahan,T000482,"PHILIPS HOLDING USA, INC.",third_party_firm,PHILIPS HOLDING USA INC.,2,5000.0,2024-08-08,2025-02-24
Trahan,T000482,OGR,third_party_firm,"AMERICAN BANKERS ASSOCIATION; AMERICAN PROPERTY CASUALTY INSURANCE ASSOCIATION; AT&T SERVICES, INC.; BATH & BODY WORKS, INC.; CARVANA; CTIA-THE WIRELESS ASSOCIATION; DELL INC.; DIRECTV, LLC; ENTERTAINMENT SOFTWARE ASSOCIATION; META PLATFORMS, INC.; NIKE, INC.; PHARMACEUTICAL RESEARCH AND MANUFACTURERS OF AMERICA (PHRMA); UNITED STATES TELECOM ASSOCIATION; VERIZON COMMUNICATIONS INC AND VARIOUS SUBSIDIARIES; WELLS FARGO & COMPANY",3,5000.0,2024-06-27,2025-07-15
Trahan,T000482,"TOYOTA MOTOR NORTH AMERICA, INC. (TMA)",third_party_firm,TOYOTA MOTOR NORTH AMERICA INC (TMA),3,5000.0,2024-03-26,2025-06-24
Trahan,T000482,DLA PIPER LLP (US),third_party_firm,"AURA SUB, LLC",5,4500.0,2023-06-22,2024-09-24
Trahan,T000482,THORN RUN PARTNERS,third_party_firm,"COLLEGE OF HEALTHCARE INFORMATION MANAGEMENT EXECUTIVES (CHIME); COMCAST CORPORATION; EBAY INC; EQUIFAX INC.; JM FAMILY ENTERPRISES, INC; NATIONAL ASSOCIATION OF MUTUAL INSURANCE COMPANIES; ONEMAIN FINANCIAL GROUP, LLC; PAYPAL; T-MOBILE USA, INC.",4,4000.0,2024-04-11,2024-06-29
Trahan,T000482,HOLLAND & KNIGHT LLP,third_party_firm,ALIBABA GROUP HOLDING LIMITED; THOMSON REUTERS,4,4000.0,2025-06-04,2025-06-04
Trahan,T000482,THE DUBERSTEIN GROUP INC.,third_party_firm,AMAZON.COM SERVICES LLC; MATCH GROUP,5,3600.0,2022-09-29,2024-06-11
Trahan,T000482,COX ENTERPRISES INC.,in_house,COX ENTERPRISES INC.,2,3500.0,2025-06-23,2025-11-13
Trahan,T000482,AMERICAN PROPERTY CASUALTY INSURANCE ASSOCIATION FKA PROPERTY CASUALTY INSURERS ASSOC. OF AMERICA,third_party_firm,AMERICAN PROPERTY CASUALTY INSURANCE ASSOCIATION,2,3500.0,2024-12-12,2025-04-15
Trahan,T000482,INVARIANT LLC,third_party_firm,"APPLE INC.; CLOAKED, INC.; EVENTBRITE, INC.; H&R BLOCK MANAGEMENT, LLC; MERCARI, INC.; NATIONAL ASSOCIATION OF REALTORS; NATIONAL RETAIL FEDERATION; NEWS/MEDIA ALLIANCE; NEXTDOOR; NIANTIC, INC.; PREMISE; SALESFORCE, INC.; SHOPIFY INC.; SPACE EXPLORATION TECHNOLOGIES CORP.; THE BUSINESS ROUNDTABLE; TOYOTA MOTOR NORTH AMERICA, INC.; WORKDAY, INC.",7,3000.0,2022-03-11,2025-07-29
Trahan,T000482,THE PROCTER AND GAMBLE COMPANY,in_house,THE PROCTER AND GAMBLE COMPANY,2,3000.0,2022-09-27,2023-12-06
Trahan,T000482,STANTON PARK GROUP,third_party_firm,"INTUIT, INC. AND AFFILIATES",3,3000.0,2024-09-18,2025-07-15
Trahan,T000482,SENTRY INSURANCE COMPANY (FORMERLY SENTRY INSURANCE A MUTUAL COMPANY),in_house,SENTRY INSURANCE COMPANY (FORMERLY SENTRY INSURANCE A MUTUAL COMPANY),1,2500.0,2025-05-06,2025-05-06
Trahan,T000482,INDEPENDENT INSURANCE AGENTS & BROKERS OF AMERICA,in_house,INDEPENDENT INSURANCE AGENTS & BROKERS OF AMERICA,1,2500.0,2025-06-02,2025-06-02
Trahan,T000482,FORBES-TATE,third_party_firm,"AMERICAN HONDA MOTOR CO., INC.; DIRECTV, LLC",4,2250.0,2022-03-31,2024-09-11
Trahan,T000482,"MEDTRONIC, INC.",in_house,MEDTRONIC INC,2,2000.0,2025-03-25,2025-09-19
Trahan,T000482,"GENENTECH, INC",third_party_firm,GENENTECH INC,2,2000.0,2023-10-09,2025-05-12
Trahan,T000482,VERIZON COMMUNICATIONS INC. AND VARIOUS SUBSIDIARIES,third_party_firm,VERIZON COMMUNICATIONS INC AND VARIOUS SUBSIDIARIES,4,2000.0,2023-09-25,2024-12-31
Trahan,T000482,"DISNEY WORLDWIDE SERVICES, INC.",third_party_firm,DISNEY WORLDWIDE SERVICES INC,2,2000.0,2024-06-24,2025-02-26
Trahan,T000482,"INTUIT, INC. AND AFFILIATES (FORMERLY INTUIT, INC.)",in_house,"INTUIT, INC. AND AFFILIATES (FORMERLY INTUIT, INC.)",2,2000.0,2024-06-25,2025-07-31
Trahan,T000482,FGS GLOBAL (US) LLC (FKA FGH HOLDINGS LLC),third_party_firm,AMERICAN HONDA MOTOR CO INC (FORMERLY HONDA NORTH AMERICA),2,1500.0,2023-06-26,2024-03-20
Trahan,T000482,"CROSSROADS STRATEGIES, LLC",third_party_firm,"AMERICAN LAND TITLE ASSOCIATION; AT&T SERVICES, INC.; AVENTIV TECHNOLOGIES LLC AND VARIOUS SUBSIDIARIES; CHUBB INA HOLDING COMPANY INC; CREDIT UNION NATIONAL ASSOCIATION, INC. DBA AMERICA'S CREDIT UNIONS; DAPPER LABS INC.; DROPBOX, INC.; H&R BLOCK MANAGEMENT, LLC; KOCH GOVERNMENT AFFAIRS, LLC; KOHLER CO.; MARSH MCLENNAN; MORGAN STANLEY & CO LLC; NATIONAL ASSOCIATION OF MUTUAL INSURANCE COMPANIES; SECURITIES INDUSTRY AND FINANCIAL MARKETS ASSOCIATION (SIFMA); TECHNET; TRANS UNION LLC; TRANSAMERICA COMPANIES; UNIVERSITY OF PHOENIX; VISA, INC.",2,1500.0,2025-03-14,2025-07-15
Trahan,T000482,CUNEO GILBERT & LADUCA,third_party_firm,AMERICAN ASSOCIATION FOR JUSTICE,4,1270.0,2024-05-07,2025-12-17
Trahan,T000482,AMEREN SERVICES,in_house,AMEREN SERVICES,3,1000.0,2023-05-14,2023-05-14
Trahan,T000482,NATIONAL ASSOCIATION OF MUTUAL INSURANCE COMPANIES,in_house,NATIONAL ASSOCIATION OF MUTUAL INSURANCE COMPANIES,1,1000.0,2024-04-14,2024-04-14
Trahan,T000482,"THEGROUP DC, LLC",third_party_firm,"META PLATFORMS, INC.",1,1000.0,2025-03-14,2025-03-14
Trahan,T000482,"NORTH AMERICAN SUBARU, INC.",in_house,"NORTH AMERICAN SUBARU, INC.",1,1000.0,2025-12-22,2025-12-22
Trahan,T000482,"WHITMER & WORRALL, LLC",third_party_firm,PANASONIC CORPORATION OF NORTH AMERICA,1,500.0,2025-03-27,2025-03-27
Trahan,T000482,SPOTIFY USA INC.,in_house,SPOTIFY USA INC.,1,500.0,2025-02-26,2025-02-26
Trahan,T000482,"WILLIAMS AND JENSEN, PLLC",third_party_firm,REINSURANCE ASSOCIATION OF AMERICA,1,500.0,2024-10-17,2024-10-17
Trahan,T000482,"ELEVATE GOVERNMENT AFFAIRS, LLC",third_party_firm,"LYTX, INC.; MICROSOFT CORPORATION",1,500.0,2025-03-21,2025-03-21
Trahan,T000482,AKIN GUMP STRAUSS HAUER & FELD,third_party_firm,"BUSINESS ROUNDTABLE; NATIONAL ASSOCIATION OF REALTORS; NCTA-THE INTERNET & TELEVISION ASSOCIATION; PROFESSIONAL BACKGROUND SCREENERS ASSOCIATION; TRANSUNION; VERIZON COMMUNICATIONS; VISA, U.S.A., INC.",1,500.0,2024-03-27,2024-03-27
Trahan,T000482,"CORNERSTONE GOVERNMENT AFFAIRS, INC.",third_party_firm,"GARMIN INTERNATIONAL, INC.; TARGET CORPORATION",1,500.0,2024-02-06,2024-02-06
