member,bioguide,in_house_registrant_client,contribution_date,amount,amount_num,honoree_name_as_filed,filing_year,filing_period,filing_uuid,lda_url
DelBene,D000617,GOOGLE CLIENT SERVICES LLC,2022-01-21,1000.00,1000.0,Rep. Suzan DelBene,2022,Mid-Year (Jan 1 - Jun 30),8d35acd4-9c6c-4953-8b62-578bc818ef29,https://lda.gov/filings/public/contribution/8d35acd4-9c6c-4953-8b62-578bc818ef29/print/
DelBene,D000617,THE HOME DEPOT,2022-01-30,2500.00,2500.0,Rep. Suzan Kay DelBene,2022,Mid-Year (Jan 1 - Jun 30),3ff151a7-03ed-4835-a8cc-350a09faf1e2,https://lda.gov/filings/public/contribution/3ff151a7-03ed-4835-a8cc-350a09faf1e2/print/
DelBene,D000617,TARGET CORPORATION,2022-02-15,1000.00,1000.0,Suzan DelBene,2022,Mid-Year (Jan 1 - Jun 30),4b9eda30-b8f3-4b2a-ab92-60b2162d2b3b,https://lda.gov/filings/public/contribution/4b9eda30-b8f3-4b2a-ab92-60b2162d2b3b/print/
DelBene,D000617,STATE FARM MUTUAL AUTOMOBILE INSURANCE COMPANY,2022-02-16,2500.00,2500.0,Rep. Suzan Kay DelBene,2022,Mid-Year (Jan 1 - Jun 30),211452b8-c319-482d-9569-232d891d2d50,https://lda.gov/filings/public/contribution/211452b8-c319-482d-9569-232d891d2d50/print/
DelBene,D000617,MORTGAGE BANKERS ASSOCIATION,2022-02-17,5000.00,5000.0,Rep Suzan DelBene,2022,Mid-Year (Jan 1 - Jun 30),cc34b7ed-742e-4d14-9de5-13bc9b9d9095,https://lda.gov/filings/public/contribution/cc34b7ed-742e-4d14-9de5-13bc9b9d9095/print/
DelBene,D000617,HONEYWELL INTERNATIONAL,2022-02-17,5000.00,5000.0,Suzan DelBene,2022,Mid-Year (Jan 1 - Jun 30),b9efee68-f64f-48b7-87bc-ea591b214306,https://lda.gov/filings/public/contribution/b9efee68-f64f-48b7-87bc-ea591b214306/print/
DelBene,D000617,CONSUMER TECHNOLOGY ASSOCIATION,2022-03-10,5000.00,5000.0,Rep. Suzan DelBene,2022,Mid-Year (Jan 1 - Jun 30),3881a8de-ea66-4509-9cdd-fd0e0e806233,https://lda.gov/filings/public/contribution/3881a8de-ea66-4509-9cdd-fd0e0e806233/print/
DelBene,D000617,THE NONPROFIT ALLIANCE,2022-03-18,500.00,500.0,Rep. Suzan DelBene,2022,Mid-Year (Jan 1 - Jun 30),bfb56d43-4501-4a2e-a983-f0162fa34ca6,https://lda.gov/filings/public/contribution/bfb56d43-4501-4a2e-a983-f0162fa34ca6/print/
DelBene,D000617,"MEDTRONIC, INC.",2022-03-22,3500.00,3500.0,Suzan DelBene,2022,Mid-Year (Jan 1 - Jun 30),32c36378-eac4-4c40-ac6f-da8646815cb6,https://lda.gov/filings/public/contribution/32c36378-eac4-4c40-ac6f-da8646815cb6/print/
DelBene,D000617,"MEDTRONIC, INC.",2022-03-22,5000.00,5000.0,Suzan DelBene,2022,Mid-Year (Jan 1 - Jun 30),32c36378-eac4-4c40-ac6f-da8646815cb6,https://lda.gov/filings/public/contribution/32c36378-eac4-4c40-ac6f-da8646815cb6/print/
DelBene,D000617,ROCK CENTRAL,2022-03-24,1500.00,1500.0,Suzan DelBene,2022,Mid-Year (Jan 1 - Jun 30),06b342f6-2277-4b4a-aa45-79704891a4ec,https://lda.gov/filings/public/contribution/06b342f6-2277-4b4a-aa45-79704891a4ec/print/
DelBene,D000617,ROCK CENTRAL,2022-03-24,1000.00,1000.0,Suzan DelBene,2022,Mid-Year (Jan 1 - Jun 30),06b342f6-2277-4b4a-aa45-79704891a4ec,https://lda.gov/filings/public/contribution/06b342f6-2277-4b4a-aa45-79704891a4ec/print/
DelBene,D000617,ROCK CENTRAL,2022-03-24,1000.00,1000.0,Suzan DelBene,2022,Mid-Year (Jan 1 - Jun 30),06b342f6-2277-4b4a-aa45-79704891a4ec,https://lda.gov/filings/public/contribution/06b342f6-2277-4b4a-aa45-79704891a4ec/print/
DelBene,D000617,LOWE'S COMPANIES INC.,2022-03-25,2000.00,2000.0,Rep. Suzan Kay DelBene,2022,Mid-Year (Jan 1 - Jun 30),f7b9e4ac-3107-43dd-8ca4-61d5d5fc6ae9,https://lda.gov/filings/public/contribution/f7b9e4ac-3107-43dd-8ca4-61d5d5fc6ae9/print/
DelBene,D000617,THE PROCTER AND GAMBLE COMPANY,2022-03-28,2500.00,2500.0,Rep. Suzan Kay DelBene,2022,Mid-Year (Jan 1 - Jun 30),18abba24-a36d-481d-b2a1-54a2009e4a13,https://lda.gov/filings/public/contribution/18abba24-a36d-481d-b2a1-54a2009e4a13/print/
DelBene,D000617,THE PROCTER AND GAMBLE COMPANY,2022-03-28,2500.00,2500.0,Rep. Suzan Kay DelBene,2022,Mid-Year (Jan 1 - Jun 30),0783babd-188b-4c9f-8af4-6a9f52761386,https://lda.gov/filings/public/contribution/0783babd-188b-4c9f-8af4-6a9f52761386/print/
DelBene,D000617,RETAIL INDUSTRY LEADERS ASSOCIATION,2022-03-28,1000.00,1000.0,Suzan DelBene,2022,Mid-Year (Jan 1 - Jun 30),fb2f5d69-e33a-4ab4-ad0f-3f7f8071b251,https://lda.gov/filings/public/contribution/fb2f5d69-e33a-4ab4-ad0f-3f7f8071b251/print/
DelBene,D000617,"SALESFORCE, INC.",2022-04-25,1000.00,1000.0,Rep. Suzan DelBene,2022,Mid-Year (Jan 1 - Jun 30),0a2b8b65-2b36-4fd2-801f-82299d0eaa2a,https://lda.gov/filings/public/contribution/0a2b8b65-2b36-4fd2-801f-82299d0eaa2a/print/
DelBene,D000617,EBAY INC.,2022-05-02,1000.00,1000.0,Congressmember Suzan DelBene,2022,Mid-Year (Jan 1 - Jun 30),739336f6-6c4d-49a1-8541-f9b4da853ef0,https://lda.gov/filings/public/contribution/739336f6-6c4d-49a1-8541-f9b4da853ef0/print/
DelBene,D000617,THE HOME DEPOT,2022-05-25,5000.00,5000.0,Rep. Suzan Kay DelBene,2022,Mid-Year (Jan 1 - Jun 30),3ff151a7-03ed-4835-a8cc-350a09faf1e2,https://lda.gov/filings/public/contribution/3ff151a7-03ed-4835-a8cc-350a09faf1e2/print/
DelBene,D000617,AMERICAN LAND TITLE ASSOCIATION,2022-06-14,2500.00,2500.0,Rep. Suzan DelBene,2022,Mid-Year (Jan 1 - Jun 30),5fa5f8ec-113f-469a-bdc2-2eed14ad87dd,https://lda.gov/filings/public/contribution/5fa5f8ec-113f-469a-bdc2-2eed14ad87dd/print/
DelBene,D000617,"ZILLOW GROUP, INC.",2022-06-16,2500.00,2500.0,Rep. Suzan Kay DelBene,2022,Mid-Year (Jan 1 - Jun 30),ad1af562-77ee-4ec9-9f41-f2fb2496010d,https://lda.gov/filings/public/contribution/ad1af562-77ee-4ec9-9f41-f2fb2496010d/print/
DelBene,D000617,"MEDTRONIC, INC.",2022-06-21,1500.00,1500.0,Suzan DelBene,2022,Mid-Year (Jan 1 - Jun 30),32c36378-eac4-4c40-ac6f-da8646815cb6,https://lda.gov/filings/public/contribution/32c36378-eac4-4c40-ac6f-da8646815cb6/print/
DelBene,D000617,PRIMERICA LIFE INSURANCE COMPANY,2022-06-21,1000.00,1000.0,U.S. Rep. Suzan Kay DelBene,2022,Mid-Year (Jan 1 - Jun 30),9ca7982c-7740-4cc1-8bdb-b09cd0186213,https://lda.gov/filings/public/contribution/9ca7982c-7740-4cc1-8bdb-b09cd0186213/print/
DelBene,D000617,PRIMERICA LIFE INSURANCE COMPANY,2022-06-21,1000.00,1000.0,U.S. Rep. Suzan Kay DelBene,2022,Mid-Year (Jan 1 - Jun 30),159088e5-2233-4a9f-9dc8-73ad0a09ed6b,https://lda.gov/filings/public/contribution/159088e5-2233-4a9f-9dc8-73ad0a09ed6b/print/
DelBene,D000617,PRIMERICA LIFE INSURANCE COMPANY,2022-06-21,1000.00,1000.0,U.S. Rep. Suzan Kay DelBene,2022,Mid-Year (Jan 1 - Jun 30),579591b3-56b9-4afd-8fb0-573f41a47412,https://lda.gov/filings/public/contribution/579591b3-56b9-4afd-8fb0-573f41a47412/print/
DelBene,D000617,GUARDIAN LIFE INSURANCE COMPANY OF AMERICA,2022-06-23,2000.00,2000.0,Rep Suzan DelBene,2022,Mid-Year (Jan 1 - Jun 30),6b3e82d1-c534-478e-bb3c-090a5bde8d72,https://lda.gov/filings/public/contribution/6b3e82d1-c534-478e-bb3c-090a5bde8d72/print/
DelBene,D000617,MUTUAL OF OMAHA,2022-06-24,1000.00,1000.0,Rep Suzan DelBene,2022,Mid-Year (Jan 1 - Jun 30),4c3da377-8951-4727-a507-cf1f2bde23ee,https://lda.gov/filings/public/contribution/4c3da377-8951-4727-a507-cf1f2bde23ee/print/
DelBene,D000617,THE NONPROFIT ALLIANCE,2022-06-24,1000.00,1000.0,Rep. Suzan Delbene,2022,Mid-Year (Jan 1 - Jun 30),a7a1c265-a78f-4a4e-a509-e015430a4e66,https://lda.gov/filings/public/contribution/a7a1c265-a78f-4a4e-a509-e015430a4e66/print/
DelBene,D000617,AMAZON.COM SERVICES LLC,2022-06-24,5000.00,5000.0,Rep. Suzan Kay DelBene,2022,Mid-Year (Jan 1 - Jun 30),e2064ae7-a2e2-4e2c-9c2b-bb565664ff32,https://lda.gov/filings/public/contribution/e2064ae7-a2e2-4e2c-9c2b-bb565664ff32/print/
DelBene,D000617,NATIONAL ASSOCIATION OF MANUFACTURERS,2022-06-24,1500.00,1500.0,Suzan DelBene,2022,Mid-Year (Jan 1 - Jun 30),f134fb38-a5aa-4a14-b789-20308f650fa0,https://lda.gov/filings/public/contribution/f134fb38-a5aa-4a14-b789-20308f650fa0/print/
DelBene,D000617,GOOGLE CLIENT SERVICES LLC,2022-07-22,2500.00,2500.0,Rep. Suzan DelBene,2022,Year-End (July 1 - Dec 31),bd9ec6ec-9ddf-4f16-9194-ff3326707e64,https://lda.gov/filings/public/contribution/bd9ec6ec-9ddf-4f16-9194-ff3326707e64/print/
DelBene,D000617,FINSECA,2022-07-29,2500.00,2500.0,Suzan Delbene,2022,Year-End (July 1 - Dec 31),bf0a60b7-8d4e-4b08-a0c5-f241a2c60cd6,https://lda.gov/filings/public/contribution/bf0a60b7-8d4e-4b08-a0c5-f241a2c60cd6/print/
DelBene,D000617,STATE FARM MUTUAL AUTOMOBILE INSURANCE COMPANY,2022-08-01,2500.00,2500.0,Rep. Suzan Kay DelBene,2022,Year-End (July 1 - Dec 31),8b12dda9-50b3-45af-90a3-01d1e22a56d6,https://lda.gov/filings/public/contribution/8b12dda9-50b3-45af-90a3-01d1e22a56d6/print/
DelBene,D000617,STATE FARM MUTUAL AUTOMOBILE INSURANCE COMPANY,2022-08-04,500.00,500.0,Rep. Suzan Kay DelBene,2022,Year-End (July 1 - Dec 31),8b12dda9-50b3-45af-90a3-01d1e22a56d6,https://lda.gov/filings/public/contribution/8b12dda9-50b3-45af-90a3-01d1e22a56d6/print/
DelBene,D000617,"SAP AMERICA, INC.",2022-08-15,2500.00,2500.0,Rep. Suzan Kay DelBene,2022,Year-End (July 1 - Dec 31),a6385da2-365d-4b26-9453-a7af94170aa4,https://lda.gov/filings/public/contribution/a6385da2-365d-4b26-9453-a7af94170aa4/print/
DelBene,D000617,CHAMBER OF COMMERCE OF THE U.S.A.,2022-08-23,2500.00,2500.0,Suzan DelBene,2022,Year-End (July 1 - Dec 31),461415d6-b061-443c-b3c1-3714de3f0cfe,https://lda.gov/filings/public/contribution/461415d6-b061-443c-b3c1-3714de3f0cfe/print/
DelBene,D000617,THE HOME DEPOT,2022-08-31,2500.00,2500.0,Rep. Suzan Kay DelBene,2022,Year-End (July 1 - Dec 31),669d958e-e165-428a-8453-f372e286176e,https://lda.gov/filings/public/contribution/669d958e-e165-428a-8453-f372e286176e/print/
DelBene,D000617,GOOGLE CLIENT SERVICES LLC,2022-09-16,500.00,500.0,Rep. Suzan DelBene,2022,Year-End (July 1 - Dec 31),bd9ec6ec-9ddf-4f16-9194-ff3326707e64,https://lda.gov/filings/public/contribution/bd9ec6ec-9ddf-4f16-9194-ff3326707e64/print/
DelBene,D000617,CAPITAL ONE FINANCIAL CORPORATION,2022-09-19,1000.00,1000.0,Suzan DelBene,2022,Year-End (July 1 - Dec 31),ee24b240-e183-473e-8b2d-67ce53044a2a,https://lda.gov/filings/public/contribution/ee24b240-e183-473e-8b2d-67ce53044a2a/print/
DelBene,D000617,"GARMIN INTERNATIONAL, INC.",2022-09-20,2500.00,2500.0,Congresswoman Suzan Delbene,2022,Year-End (July 1 - Dec 31),2421a500-7df6-4898-9b65-b9c0cf24fcd8,https://lda.gov/filings/public/contribution/2421a500-7df6-4898-9b65-b9c0cf24fcd8/print/
DelBene,D000617,AMERICAN LAND TITLE ASSOCIATION,2022-09-20,2500.00,2500.0,Suzan DelBene,2022,Year-End (July 1 - Dec 31),275c624c-2023-4c7f-a30b-ca6b31b962d6,https://lda.gov/filings/public/contribution/275c624c-2023-4c7f-a30b-ca6b31b962d6/print/
DelBene,D000617,AMERICAN BANKERS ASSOCIATION,2022-09-22,2500.00,2500.0,Rep Suzan DelBene,2022,Year-End (July 1 - Dec 31),edc78b40-0d33-4c37-9475-2e522ec38b5a,https://lda.gov/filings/public/contribution/edc78b40-0d33-4c37-9475-2e522ec38b5a/print/
DelBene,D000617,MORTGAGE BANKERS ASSOCIATION,2022-09-22,2500.00,2500.0,Rep Suzan DelBene,2022,Year-End (July 1 - Dec 31),e8b3e72d-ceba-4730-982a-6f6739c195d4,https://lda.gov/filings/public/contribution/e8b3e72d-ceba-4730-982a-6f6739c195d4/print/
DelBene,D000617,INFORMATION TECHNOLOGY INDUSTRY COUNCIL,2022-09-22,1000.00,1000.0,Rep. Suzan DelBene,2022,Year-End (July 1 - Dec 31),9160a9e9-c1ed-4bf3-95d6-9c2e5b104ecd,https://lda.gov/filings/public/contribution/9160a9e9-c1ed-4bf3-95d6-9c2e5b104ecd/print/
DelBene,D000617,AMAZON.COM SERVICES LLC,2022-09-22,2500.00,2500.0,Rep. Suzan Kay DelBene,2022,Year-End (July 1 - Dec 31),7525d5d1-4696-40b8-a46d-71caff7f36ff,https://lda.gov/filings/public/contribution/7525d5d1-4696-40b8-a46d-71caff7f36ff/print/
DelBene,D000617,ROCK CENTRAL,2022-09-27,3500.00,3500.0,Rep. Suzan Delbene,2022,Year-End (July 1 - Dec 31),15c4a453-2354-484a-a4d8-69d86a374f44,https://lda.gov/filings/public/contribution/15c4a453-2354-484a-a4d8-69d86a374f44/print/
DelBene,D000617,ROCK CENTRAL,2022-09-27,1500.00,1500.0,Rep. Suzan Delbene,2022,Year-End (July 1 - Dec 31),15c4a453-2354-484a-a4d8-69d86a374f44,https://lda.gov/filings/public/contribution/15c4a453-2354-484a-a4d8-69d86a374f44/print/
DelBene,D000617,CONSUMER TECHNOLOGY ASSOCIATION,2022-09-28,5000.00,5000.0,Rep. Suzan Kay DelBene (D),2022,Year-End (July 1 - Dec 31),3431a770-d6ba-4312-a583-83c4383b40ac,https://lda.gov/filings/public/contribution/3431a770-d6ba-4312-a583-83c4383b40ac/print/
DelBene,D000617,NATIONAL ASSOCIATION OF MANUFACTURERS,2022-09-29,1000.00,1000.0,Rep. Suzan DelBene,2022,Year-End (July 1 - Dec 31),5a68bd6e-2b5f-479f-be02-d1404f860729,https://lda.gov/filings/public/contribution/5a68bd6e-2b5f-479f-be02-d1404f860729/print/
DelBene,D000617,UNITED SERVICES AUTOMOBILE ASSOCIATION,2022-10-04,2500.00,2500.0,Rep. Suzan Kay DelBene,2022,Year-End (July 1 - Dec 31),daa5ba24-df4b-4995-9218-d857e0a15d20,https://lda.gov/filings/public/contribution/daa5ba24-df4b-4995-9218-d857e0a15d20/print/
DelBene,D000617,AMERICAN BANKERS ASSOCIATION,2022-10-12,2500.00,2500.0,Rep Suzan DelBene,2022,Year-End (July 1 - Dec 31),edc78b40-0d33-4c37-9475-2e522ec38b5a,https://lda.gov/filings/public/contribution/edc78b40-0d33-4c37-9475-2e522ec38b5a/print/
DelBene,D000617,TARGET CORPORATION,2022-10-20,2000.00,2000.0,Suzan DelBene,2022,Year-End (July 1 - Dec 31),72b7c0a5-066e-47c9-9d91-b4ec3bf63a61,https://lda.gov/filings/public/contribution/72b7c0a5-066e-47c9-9d91-b4ec3bf63a61/print/
DelBene,D000617,AFLAC INCORPORATED,2022-10-24,3000.00,3000.0,Rep. Suzan Delbene,2022,Year-End (July 1 - Dec 31),25ed007c-d3a2-4b0d-90be-ff303d837968,https://lda.gov/filings/public/contribution/25ed007c-d3a2-4b0d-90be-ff303d837968/print/
DelBene,D000617,FINSECA,2022-11-04,5000.00,5000.0,Suzan Delbene,2022,Year-End (July 1 - Dec 31),bf0a60b7-8d4e-4b08-a0c5-f241a2c60cd6,https://lda.gov/filings/public/contribution/bf0a60b7-8d4e-4b08-a0c5-f241a2c60cd6/print/
DelBene,D000617,LOWE'S COMPANIES INC.,2022-12-14,1500.00,1500.0,Rep. Suzan Kay DelBene,2022,Year-End (July 1 - Dec 31),8847573f-5b1c-458c-939b-a16b22c62eb7,https://lda.gov/filings/public/contribution/8847573f-5b1c-458c-939b-a16b22c62eb7/print/
DelBene,D000617,MORTGAGE BANKERS ASSOCIATION,2023-01-25,1000.00,1000.0,Rep Suzan DelBene,2023,Mid-Year (Jan 1 - Jun 30),4ad5c94f-bb96-4f72-bd30-3fec4aaa578a,https://lda.gov/filings/public/contribution/4ad5c94f-bb96-4f72-bd30-3fec4aaa578a/print/
DelBene,D000617,THE NONPROFIT ALLIANCE,2023-01-26,500.00,500.0,Rep. Suzan DelBene,2023,Mid-Year (Jan 1 - Jun 30),97b9e7e7-3ad0-4e3e-be04-c4d32a0d11ea,https://lda.gov/filings/public/contribution/97b9e7e7-3ad0-4e3e-be04-c4d32a0d11ea/print/
DelBene,D000617,HONEYWELL INTERNATIONAL,2023-03-01,2500.00,2500.0,Suzan DelBene,2023,Mid-Year (Jan 1 - Jun 30),c6f8861a-56b5-4060-bf8c-9922aa2f6a3e,https://lda.gov/filings/public/contribution/c6f8861a-56b5-4060-bf8c-9922aa2f6a3e/print/
DelBene,D000617,GOOGLE CLIENT SERVICES LLC,2023-03-03,1000.00,1000.0,Rep. Suzan DelBene,2023,Mid-Year (Jan 1 - Jun 30),501f2fa2-5526-4a43-a2ea-2e0dcd4f2b60,https://lda.gov/filings/public/contribution/501f2fa2-5526-4a43-a2ea-2e0dcd4f2b60/print/
DelBene,D000617,STATE FARM MUTUAL AUTOMOBILE INSURANCE COMPANY,2023-03-07,1000.00,1000.0,Rep. Suzan Kay DelBene,2023,Mid-Year (Jan 1 - Jun 30),93e4571e-2339-46ff-96b5-7c8a377a879b,https://lda.gov/filings/public/contribution/93e4571e-2339-46ff-96b5-7c8a377a879b/print/
DelBene,D000617,AMAZON.COM SERVICES LLC,2023-03-13,5000.00,5000.0,Rep. Suzan Kay DelBene,2023,Mid-Year (Jan 1 - Jun 30),774c155b-e8b3-475c-8dec-d24b479d8474,https://lda.gov/filings/public/contribution/774c155b-e8b3-475c-8dec-d24b479d8474/print/
DelBene,D000617,"MEDTRONIC, INC.",2023-03-15,5000.00,5000.0,Suzan DelBene,2023,Mid-Year (Jan 1 - Jun 30),9ebd9f4f-e6bd-4190-b4c8-a35d91b7a2a5,https://lda.gov/filings/public/contribution/9ebd9f4f-e6bd-4190-b4c8-a35d91b7a2a5/print/
DelBene,D000617,"MEDTRONIC, INC.",2023-03-15,5000.00,5000.0,Suzan DelBene,2023,Mid-Year (Jan 1 - Jun 30),9ebd9f4f-e6bd-4190-b4c8-a35d91b7a2a5,https://lda.gov/filings/public/contribution/9ebd9f4f-e6bd-4190-b4c8-a35d91b7a2a5/print/
DelBene,D000617,NATIONAL ASSOCIATION OF MUTUAL INSURANCE COMPANIES,2023-03-20,1000.00,1000.0,Rep Suzan DelBene,2023,Mid-Year (Jan 1 - Jun 30),4eaeead0-31b2-42c6-82e8-a1a605fcc1e9,https://lda.gov/filings/public/contribution/4eaeead0-31b2-42c6-82e8-a1a605fcc1e9/print/
DelBene,D000617,AMERICAN BANKERS ASSOCIATION,2023-03-21,2500.00,2500.0,Rep Suzan DelBene,2023,Mid-Year (Jan 1 - Jun 30),fe31b64c-1451-4a83-8d0a-d16830e8aab1,https://lda.gov/filings/public/contribution/fe31b64c-1451-4a83-8d0a-d16830e8aab1/print/
DelBene,D000617,THE PROCTER AND GAMBLE COMPANY,2023-03-27,1000.00,1000.0,Rep. Suzan Kay DelBene,2023,Mid-Year (Jan 1 - Jun 30),cf647cee-6629-462b-9528-3572bda09547,https://lda.gov/filings/public/contribution/cf647cee-6629-462b-9528-3572bda09547/print/
DelBene,D000617,THE NONPROFIT ALLIANCE,2023-03-28,500.00,500.0,Rep. Suzan DelBene,2023,Mid-Year (Jan 1 - Jun 30),97b9e7e7-3ad0-4e3e-be04-c4d32a0d11ea,https://lda.gov/filings/public/contribution/97b9e7e7-3ad0-4e3e-be04-c4d32a0d11ea/print/
DelBene,D000617,AFLAC INCORPORATED,2023-03-28,3000.00,3000.0,Rep. Suzan Delbene,2023,Mid-Year (Jan 1 - Jun 30),fbbd886c-196b-42de-a08e-ffd9571918a5,https://lda.gov/filings/public/contribution/fbbd886c-196b-42de-a08e-ffd9571918a5/print/
DelBene,D000617,MORTGAGE BANKERS ASSOCIATION,2023-03-29,5000.00,5000.0,Rep Suzan DelBene,2023,Mid-Year (Jan 1 - Jun 30),4ad5c94f-bb96-4f72-bd30-3fec4aaa578a,https://lda.gov/filings/public/contribution/4ad5c94f-bb96-4f72-bd30-3fec4aaa578a/print/
DelBene,D000617,GOOGLE CLIENT SERVICES LLC,2023-03-31,5000.00,5000.0,Rep. Suzan DelBene,2023,Mid-Year (Jan 1 - Jun 30),501f2fa2-5526-4a43-a2ea-2e0dcd4f2b60,https://lda.gov/filings/public/contribution/501f2fa2-5526-4a43-a2ea-2e0dcd4f2b60/print/
DelBene,D000617,CAPITAL ONE FINANCIAL CORPORATION,2023-04-14,1000.00,1000.0,Suzan DelBene,2023,Mid-Year (Jan 1 - Jun 30),eaab76dd-2e1d-479b-b3a7-dc1a91dbddb7,https://lda.gov/filings/public/contribution/eaab76dd-2e1d-479b-b3a7-dc1a91dbddb7/print/
DelBene,D000617,AMERICAN LAND TITLE ASSOCIATION,2023-04-20,2500.00,2500.0,Suzan DelBene,2023,Mid-Year (Jan 1 - Jun 30),86b273d5-f3df-4d21-b87e-9415be185d1a,https://lda.gov/filings/public/contribution/86b273d5-f3df-4d21-b87e-9415be185d1a/print/
DelBene,D000617,HARTFORD INSURANCE GROUP (FKA HARTFORD FINANCIAL SERVICES GROUP),2023-05-10,1000.00,1000.0,Rep Suzan DelBene,2023,Mid-Year (Jan 1 - Jun 30),d5bab64a-9c06-4bc8-8a18-ba794991546f,https://lda.gov/filings/public/contribution/d5bab64a-9c06-4bc8-8a18-ba794991546f/print/
DelBene,D000617,MORTGAGE BANKERS ASSOCIATION,2023-05-30,2500.00,2500.0,Rep Suzan DelBene,2023,Mid-Year (Jan 1 - Jun 30),4ad5c94f-bb96-4f72-bd30-3fec4aaa578a,https://lda.gov/filings/public/contribution/4ad5c94f-bb96-4f72-bd30-3fec4aaa578a/print/
DelBene,D000617,THE HOME DEPOT,2023-05-30,5000.00,5000.0,Rep. Suzan Kay DelBene,2023,Mid-Year (Jan 1 - Jun 30),7f3d6d83-f273-44e2-84d0-7d2f19818a20,https://lda.gov/filings/public/contribution/7f3d6d83-f273-44e2-84d0-7d2f19818a20/print/
DelBene,D000617,THE NONPROFIT ALLIANCE,2023-06-05,500.00,500.0,Rep. Suzan DelBene,2023,Mid-Year (Jan 1 - Jun 30),97b9e7e7-3ad0-4e3e-be04-c4d32a0d11ea,https://lda.gov/filings/public/contribution/97b9e7e7-3ad0-4e3e-be04-c4d32a0d11ea/print/
DelBene,D000617,STATE FARM MUTUAL AUTOMOBILE INSURANCE COMPANY,2023-06-08,1000.00,1000.0,Rep. Suzan Kay DelBene,2023,Mid-Year (Jan 1 - Jun 30),93e4571e-2339-46ff-96b5-7c8a377a879b,https://lda.gov/filings/public/contribution/93e4571e-2339-46ff-96b5-7c8a377a879b/print/
DelBene,D000617,AFLAC INCORPORATED,2023-06-15,2000.00,2000.0,Rep. Suzan DelBene,2023,Mid-Year (Jan 1 - Jun 30),fbbd886c-196b-42de-a08e-ffd9571918a5,https://lda.gov/filings/public/contribution/fbbd886c-196b-42de-a08e-ffd9571918a5/print/
DelBene,D000617,NATIONAL ASSOCIATION OF MUTUAL INSURANCE COMPANIES,2023-06-21,1000.00,1000.0,Rep Suzan DelBene,2023,Mid-Year (Jan 1 - Jun 30),4eaeead0-31b2-42c6-82e8-a1a605fcc1e9,https://lda.gov/filings/public/contribution/4eaeead0-31b2-42c6-82e8-a1a605fcc1e9/print/
DelBene,D000617,UNITED SERVICES AUTOMOBILE ASSOCIATION,2023-06-21,2500.00,2500.0,Rep. Suzan Kay DelBene,2023,Mid-Year (Jan 1 - Jun 30),0a70c8c3-1a66-42a4-abed-7b835c143859,https://lda.gov/filings/public/contribution/0a70c8c3-1a66-42a4-abed-7b835c143859/print/
DelBene,D000617,LOWE'S COMPANIES INC.,2023-06-21,2500.00,2500.0,Rep. Suzan Kay DelBene,2023,Mid-Year (Jan 1 - Jun 30),1f16563d-afb0-43ef-9474-90a0048d6408,https://lda.gov/filings/public/contribution/1f16563d-afb0-43ef-9474-90a0048d6408/print/
DelBene,D000617,HONEYWELL INTERNATIONAL,2023-06-23,2500.00,2500.0,Suzan DelBene,2023,Mid-Year (Jan 1 - Jun 30),c6f8861a-56b5-4060-bf8c-9922aa2f6a3e,https://lda.gov/filings/public/contribution/c6f8861a-56b5-4060-bf8c-9922aa2f6a3e/print/
DelBene,D000617,EBAY INC.,2023-07-21,1000.00,1000.0,Suzan DelBene,2023,Year-End (July 1 - Dec 31),513833ae-aee9-43eb-a0ea-d8afa3c24643,https://lda.gov/filings/public/contribution/513833ae-aee9-43eb-a0ea-d8afa3c24643/print/
DelBene,D000617,INDEPENDENT INSURANCE AGENTS & BROKERS OF AMERICA,2023-07-28,2500.00,2500.0,Suzan DelBene,2023,Year-End (July 1 - Dec 31),8ef9f145-97ad-4514-b0ad-1a642bee49cc,https://lda.gov/filings/public/contribution/8ef9f145-97ad-4514-b0ad-1a642bee49cc/print/
DelBene,D000617,MORTGAGE BANKERS ASSOCIATION,2023-08-01,1500.00,1500.0,Rep Suzan DelBene,2023,Year-End (July 1 - Dec 31),9f985404-b53e-4dd7-b04b-7280daa59aac,https://lda.gov/filings/public/contribution/9f985404-b53e-4dd7-b04b-7280daa59aac/print/
DelBene,D000617,INFORMATION TECHNOLOGY INDUSTRY COUNCIL,2023-08-16,1000.00,1000.0,Rep. Suzan DelBene,2023,Year-End (July 1 - Dec 31),00193954-df25-44b5-9728-61d74f079998,https://lda.gov/filings/public/contribution/00193954-df25-44b5-9728-61d74f079998/print/
DelBene,D000617,"SAP AMERICA, INC.",2023-09-15,2500.00,2500.0,Rep. Suzan Kay DelBene,2023,Year-End (July 1 - Dec 31),d7c37864-989d-4d49-a097-e176fe1fb450,https://lda.gov/filings/public/contribution/d7c37864-989d-4d49-a097-e176fe1fb450/print/
DelBene,D000617,HONEYWELL INTERNATIONAL,2023-09-18,2500.00,2500.0,Suzan DelBene,2023,Year-End (July 1 - Dec 31),d0290e25-94af-493c-8592-b2e35b77a549,https://lda.gov/filings/public/contribution/d0290e25-94af-493c-8592-b2e35b77a549/print/
DelBene,D000617,PRIMERICA LIFE INSURANCE COMPANY,2023-09-21,1000.00,1000.0,U.S. Rep. Suzan DelBene,2023,Year-End (July 1 - Dec 31),ca9fae48-0f29-4b90-bc6d-68b3a21d05cf,https://lda.gov/filings/public/contribution/ca9fae48-0f29-4b90-bc6d-68b3a21d05cf/print/
DelBene,D000617,PRIMERICA LIFE INSURANCE COMPANY,2023-09-21,1000.00,1000.0,U.S. Rep. Suzan DelBene,2023,Year-End (July 1 - Dec 31),87165f2a-0e27-442a-94d5-055272537004,https://lda.gov/filings/public/contribution/87165f2a-0e27-442a-94d5-055272537004/print/
DelBene,D000617,CONSUMER TECHNOLOGY ASSOCIATION,2023-09-28,2500.00,2500.0,Rep. Suzan Kay DelBene,2023,Year-End (July 1 - Dec 31),5594c988-d18d-4473-bc6a-cfc7fc39c5df,https://lda.gov/filings/public/contribution/5594c988-d18d-4473-bc6a-cfc7fc39c5df/print/
DelBene,D000617,HONEYWELL INTERNATIONAL,2023-09-28,5000.00,5000.0,Suzan DelBene,2023,Year-End (July 1 - Dec 31),d0290e25-94af-493c-8592-b2e35b77a549,https://lda.gov/filings/public/contribution/d0290e25-94af-493c-8592-b2e35b77a549/print/
DelBene,D000617,THE NONPROFIT ALLIANCE,2023-09-29,1000.00,1000.0,REP. SUZAN K. DELBENE,2023,Year-End (July 1 - Dec 31),08c24bf1-1fbb-41f6-b351-0e39242871c5,https://lda.gov/filings/public/contribution/08c24bf1-1fbb-41f6-b351-0e39242871c5/print/
DelBene,D000617,THE HOME DEPOT,2023-09-29,5000.00,5000.0,Rep. Suzan Kay DelBene,2023,Year-End (July 1 - Dec 31),874060a3-3cd1-42c2-8886-da959d3671c5,https://lda.gov/filings/public/contribution/874060a3-3cd1-42c2-8886-da959d3671c5/print/
DelBene,D000617,FINSECA,2023-09-29,1500.00,1500.0,Suzan Delbene,2023,Year-End (July 1 - Dec 31),96eddf35-f8ea-4db6-bac3-61f856cd9cea,https://lda.gov/filings/public/contribution/96eddf35-f8ea-4db6-bac3-61f856cd9cea/print/
DelBene,D000617,COX ENTERPRISES INC.,2023-10-18,2500.00,2500.0,Rep. Suzan DelBene,2023,Year-End (July 1 - Dec 31),63eb1b90-5722-4b42-9e24-c5b24a4ee1f2,https://lda.gov/filings/public/contribution/63eb1b90-5722-4b42-9e24-c5b24a4ee1f2/print/
DelBene,D000617,AFLAC INCORPORATED,2023-10-19,2500.00,2500.0,Rep. Suzan Delbene,2023,Year-End (July 1 - Dec 31),29e3e5ef-2796-4bab-8589-a1e54ccebcf8,https://lda.gov/filings/public/contribution/29e3e5ef-2796-4bab-8589-a1e54ccebcf8/print/
DelBene,D000617,RETAIL INDUSTRY LEADERS ASSOCIATION,2023-10-19,1000.00,1000.0,Suzan Delbene,2023,Year-End (July 1 - Dec 31),1cfa4462-150c-4c86-8e6d-ec9d5bac0ba2,https://lda.gov/filings/public/contribution/1cfa4462-150c-4c86-8e6d-ec9d5bac0ba2/print/
DelBene,D000617,UNITED SERVICES AUTOMOBILE ASSOCIATION,2023-10-26,1500.00,1500.0,Rep. Suzan Kay DelBene,2023,Year-End (July 1 - Dec 31),75f943f5-8f16-4972-add5-2a9d5cab36a8,https://lda.gov/filings/public/contribution/75f943f5-8f16-4972-add5-2a9d5cab36a8/print/
DelBene,D000617,TARGET CORPORATION,2023-10-30,2500.00,2500.0,Suzan DelBene,2023,Year-End (July 1 - Dec 31),a5eb7963-d643-4d92-bccc-44f894657301,https://lda.gov/filings/public/contribution/a5eb7963-d643-4d92-bccc-44f894657301/print/
DelBene,D000617,HONEYWELL INTERNATIONAL,2023-10-31,1500.00,1500.0,Suzan DelBene,2023,Year-End (July 1 - Dec 31),d0290e25-94af-493c-8592-b2e35b77a549,https://lda.gov/filings/public/contribution/d0290e25-94af-493c-8592-b2e35b77a549/print/
DelBene,D000617,GAP INC.,2023-11-01,1000.00,1000.0,Rep. Suzan DelBene,2023,Year-End (July 1 - Dec 31),10c34b68-c33d-4956-b42f-1947c6917975,https://lda.gov/filings/public/contribution/10c34b68-c33d-4956-b42f-1947c6917975/print/
DelBene,D000617,GUARDIAN LIFE INSURANCE COMPANY OF AMERICA,2023-11-16,2500.00,2500.0,Rep Suzan DelBene,2023,Year-End (July 1 - Dec 31),b04eddf9-37aa-432b-ba3e-950ca46daaae,https://lda.gov/filings/public/contribution/b04eddf9-37aa-432b-ba3e-950ca46daaae/print/
DelBene,D000617,AFLAC INCORPORATED,2023-11-16,2500.00,2500.0,Rep. Suzan Kay DelBene,2023,Year-End (July 1 - Dec 31),29e3e5ef-2796-4bab-8589-a1e54ccebcf8,https://lda.gov/filings/public/contribution/29e3e5ef-2796-4bab-8589-a1e54ccebcf8/print/
DelBene,D000617,PACIFIC GAS AND ELECTRIC COMPANY,2023-11-17,1000.00,1000.0,Rep. Suzan DelBene,2023,Year-End (July 1 - Dec 31),5969f060-8ec1-4edc-b98b-096840ea4fa6,https://lda.gov/filings/public/contribution/5969f060-8ec1-4edc-b98b-096840ea4fa6/print/
DelBene,D000617,THE PROCTER AND GAMBLE COMPANY,2023-12-06,1500.00,1500.0,Rep. Suzan Kay DelBene,2023,Year-End (July 1 - Dec 31),4a2ae7cb-f145-4faa-978f-c366db0f534a,https://lda.gov/filings/public/contribution/4a2ae7cb-f145-4faa-978f-c366db0f534a/print/
DelBene,D000617,AFLAC INCORPORATED,2023-12-14,1000.00,1000.0,Rep. Suzan Kay DelBene,2023,Year-End (July 1 - Dec 31),29e3e5ef-2796-4bab-8589-a1e54ccebcf8,https://lda.gov/filings/public/contribution/29e3e5ef-2796-4bab-8589-a1e54ccebcf8/print/
DelBene,D000617,PRIMERICA LIFE INSURANCE COMPANY,2023-12-14,1000.00,1000.0,U.S. Rep. Suzan DelBene,2023,Year-End (July 1 - Dec 31),ca9fae48-0f29-4b90-bc6d-68b3a21d05cf,https://lda.gov/filings/public/contribution/ca9fae48-0f29-4b90-bc6d-68b3a21d05cf/print/
DelBene,D000617,PRIMERICA LIFE INSURANCE COMPANY,2023-12-14,1000.00,1000.0,U.S. Rep. Suzan DelBene,2023,Year-End (July 1 - Dec 31),87165f2a-0e27-442a-94d5-055272537004,https://lda.gov/filings/public/contribution/87165f2a-0e27-442a-94d5-055272537004/print/
DelBene,D000617,INFORMATION TECHNOLOGY INDUSTRY COUNCIL,2023-12-18,500.00,500.0,Representative Suzan DelBene,2023,Year-End (July 1 - Dec 31),9e55e4d2-c51e-4a82-b686-915f6e22dd53,https://lda.gov/filings/public/contribution/9e55e4d2-c51e-4a82-b686-915f6e22dd53/print/
DelBene,D000617,FINSECA,2023-12-22,2500.00,2500.0,Suzan Delbene,2023,Year-End (July 1 - Dec 31),96eddf35-f8ea-4db6-bac3-61f856cd9cea,https://lda.gov/filings/public/contribution/96eddf35-f8ea-4db6-bac3-61f856cd9cea/print/
DelBene,D000617,GOOGLE CLIENT SERVICES LLC,2024-01-05,2000.00,2000.0,Rep. Suzan DelBene,2024,Mid-Year (Jan 1 - Jun 30),a17e1768-be6f-4c1f-b2ff-bbc82c80dfb2,https://lda.gov/filings/public/contribution/a17e1768-be6f-4c1f-b2ff-bbc82c80dfb2/print/
DelBene,D000617,STATE FARM MUTUAL AUTOMOBILE INSURANCE COMPANY,2024-01-11,1500.00,1500.0,Rep. Suzan Kay DelBene,2024,Mid-Year (Jan 1 - Jun 30),dd6912e2-acbb-4f70-8366-7282299e2eec,https://lda.gov/filings/public/contribution/dd6912e2-acbb-4f70-8366-7282299e2eec/print/
DelBene,D000617,STATE FARM MUTUAL AUTOMOBILE INSURANCE COMPANY,2024-01-11,1500.00,1500.0,Rep. Suzan Kay DelBene,2024,Mid-Year (Jan 1 - Jun 30),a1fd434c-09d6-4275-a347-1004394cd668,https://lda.gov/filings/public/contribution/a1fd434c-09d6-4275-a347-1004394cd668/print/
DelBene,D000617,AMERICAN LAND TITLE ASSOCIATION,2024-01-29,1000.00,1000.0,Suzan DelBene,2024,Mid-Year (Jan 1 - Jun 30),caa81685-35ac-487d-b18b-cb08a3a6e54e,https://lda.gov/filings/public/contribution/caa81685-35ac-487d-b18b-cb08a3a6e54e/print/
DelBene,D000617,AFLAC INCORPORATED,2024-02-21,2500.00,2500.0,Rep. Suzan Kay DelBene,2024,Mid-Year (Jan 1 - Jun 30),c430dddb-72d1-47d0-a28e-1afec91a6b50,https://lda.gov/filings/public/contribution/c430dddb-72d1-47d0-a28e-1afec91a6b50/print/
DelBene,D000617,UNITED SERVICES AUTOMOBILE ASSOCIATION,2024-02-22,1000.00,1000.0,Rep. Suzan Kay DelBene,2024,Mid-Year (Jan 1 - Jun 30),c40e1dcb-6ba5-40e2-ba65-0df86b40a0c5,https://lda.gov/filings/public/contribution/c40e1dcb-6ba5-40e2-ba65-0df86b40a0c5/print/
DelBene,D000617,AMAZON.COM SERVICES LLC,2024-03-12,1000.00,1000.0,Rep. Suzan DelBene,2024,Mid-Year (Jan 1 - Jun 30),34894149-1a0c-43ac-9a2f-e3905a06c26f,https://lda.gov/filings/public/contribution/34894149-1a0c-43ac-9a2f-e3905a06c26f/print/
DelBene,D000617,AMAZON.COM SERVICES LLC,2024-03-14,3300.00,3300.0,Suzan DelBene,2024,Mid-Year (Jan 1 - Jun 30),60f4d695-87b4-4e99-a170-8877de6b67f3,https://lda.gov/filings/public/contribution/60f4d695-87b4-4e99-a170-8877de6b67f3/print/
DelBene,D000617,HONEYWELL INTERNATIONAL,2024-03-19,1000.00,1000.0,Suzan DelBene,2024,Mid-Year (Jan 1 - Jun 30),227096b0-5abc-4276-bc3f-f4b4fa0e73c6,https://lda.gov/filings/public/contribution/227096b0-5abc-4276-bc3f-f4b4fa0e73c6/print/
DelBene,D000617,GOOGLE CLIENT SERVICES LLC,2024-03-20,5000.00,5000.0,Rep. Suzan DelBene,2024,Mid-Year (Jan 1 - Jun 30),a17e1768-be6f-4c1f-b2ff-bbc82c80dfb2,https://lda.gov/filings/public/contribution/a17e1768-be6f-4c1f-b2ff-bbc82c80dfb2/print/
DelBene,D000617,"MEDTRONIC, INC.",2024-03-20,5000.00,5000.0,Suzan DelBene,2024,Mid-Year (Jan 1 - Jun 30),e66106bf-6b20-4dbd-b8da-e711370d0a1e,https://lda.gov/filings/public/contribution/e66106bf-6b20-4dbd-b8da-e711370d0a1e/print/
DelBene,D000617,"MEDTRONIC, INC.",2024-03-20,5000.00,5000.0,Suzan DelBene,2024,Mid-Year (Jan 1 - Jun 30),e66106bf-6b20-4dbd-b8da-e711370d0a1e,https://lda.gov/filings/public/contribution/e66106bf-6b20-4dbd-b8da-e711370d0a1e/print/
DelBene,D000617,AMAZON.COM SERVICES LLC,2024-03-25,2000.00,2000.0,Rep. Suzan DelBene,2024,Mid-Year (Jan 1 - Jun 30),71dbec37-ef13-40d1-9015-424a5c6586a5,https://lda.gov/filings/public/contribution/71dbec37-ef13-40d1-9015-424a5c6586a5/print/
DelBene,D000617,AMAZON.COM SERVICES LLC,2024-03-26,5000.00,5000.0,Rep. Suzan Kay DelBene,2024,Mid-Year (Jan 1 - Jun 30),59b18ae4-0b3d-4bc5-9e05-94eea720d928,https://lda.gov/filings/public/contribution/59b18ae4-0b3d-4bc5-9e05-94eea720d928/print/
DelBene,D000617,FINSECA,2024-03-28,1500.00,1500.0,Suzan Delbene,2024,Mid-Year (Jan 1 - Jun 30),ff308f32-9987-4b09-a26f-3a3b0b9832ae,https://lda.gov/filings/public/contribution/ff308f32-9987-4b09-a26f-3a3b0b9832ae/print/
DelBene,D000617,FINSECA,2024-03-28,3500.00,3500.0,Suzan Delbene,2024,Mid-Year (Jan 1 - Jun 30),ff308f32-9987-4b09-a26f-3a3b0b9832ae,https://lda.gov/filings/public/contribution/ff308f32-9987-4b09-a26f-3a3b0b9832ae/print/
DelBene,D000617,NATIONAL ASSOCIATION OF MUTUAL INSURANCE COMPANIES,2024-04-22,1000.00,1000.0,Rep Suzan DelBene,2024,Mid-Year (Jan 1 - Jun 30),5012d220-0e5d-4961-ad17-ba5bc5689cc5,https://lda.gov/filings/public/contribution/5012d220-0e5d-4961-ad17-ba5bc5689cc5/print/
DelBene,D000617,GUARDIAN LIFE INSURANCE COMPANY OF AMERICA,2024-04-26,2500.00,2500.0,Rep Suzan DelBene,2024,Mid-Year (Jan 1 - Jun 30),7314e112-5fe0-4330-9ae8-1f44064a2f71,https://lda.gov/filings/public/contribution/7314e112-5fe0-4330-9ae8-1f44064a2f71/print/
DelBene,D000617,"LUMEN TECHNOLOGIES, INC.",2024-04-29,2500.00,2500.0,Rep Suzan DelBene,2024,Mid-Year (Jan 1 - Jun 30),bb1a91a3-354e-48d0-8183-d10d7833110c,https://lda.gov/filings/public/contribution/bb1a91a3-354e-48d0-8183-d10d7833110c/print/
DelBene,D000617,"SAP AMERICA, INC.",2024-05-07,2500.00,2500.0,Rep. Suzan Kay DelBene,2024,Mid-Year (Jan 1 - Jun 30),14b7d384-dbd8-4e65-b3bf-5ace6a863c5e,https://lda.gov/filings/public/contribution/14b7d384-dbd8-4e65-b3bf-5ace6a863c5e/print/
DelBene,D000617,TARGET CORPORATION,2024-05-09,2500.00,2500.0,Suzan DelBene,2024,Mid-Year (Jan 1 - Jun 30),3e06128f-fb6f-4f41-95a3-24e3fa7e9610,https://lda.gov/filings/public/contribution/3e06128f-fb6f-4f41-95a3-24e3fa7e9610/print/
DelBene,D000617,CONSUMER TECHNOLOGY ASSOCIATION,2024-05-21,2500.00,2500.0,Rep. Suzan Kay DelBene (D),2024,Mid-Year (Jan 1 - Jun 30),44c54241-9628-433f-b71c-cec531319e07,https://lda.gov/filings/public/contribution/44c54241-9628-433f-b71c-cec531319e07/print/
DelBene,D000617,AMERICAN LAND TITLE ASSOCIATION,2024-05-21,1500.00,1500.0,Suzan DelBene,2024,Mid-Year (Jan 1 - Jun 30),caa81685-35ac-487d-b18b-cb08a3a6e54e,https://lda.gov/filings/public/contribution/caa81685-35ac-487d-b18b-cb08a3a6e54e/print/
DelBene,D000617,AMERICAN LAND TITLE ASSOCIATION,2024-05-21,1000.00,1000.0,Suzan DelBene,2024,Mid-Year (Jan 1 - Jun 30),caa81685-35ac-487d-b18b-cb08a3a6e54e,https://lda.gov/filings/public/contribution/caa81685-35ac-487d-b18b-cb08a3a6e54e/print/
DelBene,D000617,HONEYWELL INTERNATIONAL,2024-05-21,1000.00,1000.0,Suzan DelBene,2024,Mid-Year (Jan 1 - Jun 30),227096b0-5abc-4276-bc3f-f4b4fa0e73c6,https://lda.gov/filings/public/contribution/227096b0-5abc-4276-bc3f-f4b4fa0e73c6/print/
DelBene,D000617,THE NONPROFIT ALLIANCE,2024-05-22,500.00,500.0,REP. SUZAN K DELBENE,2024,Mid-Year (Jan 1 - Jun 30),dc33ffd4-dc6e-414d-b35c-bca4c81de8e5,https://lda.gov/filings/public/contribution/dc33ffd4-dc6e-414d-b35c-bca4c81de8e5/print/
DelBene,D000617,CONSUMER TECHNOLOGY ASSOCIATION,2024-05-28,5000.00,5000.0,Rep. Suzan Kay DelBene (D),2024,Mid-Year (Jan 1 - Jun 30),44c54241-9628-433f-b71c-cec531319e07,https://lda.gov/filings/public/contribution/44c54241-9628-433f-b71c-cec531319e07/print/
DelBene,D000617,MORTGAGE BANKERS ASSOCIATION,2024-05-29,3500.00,3500.0,Rep Suzan DelBene,2024,Mid-Year (Jan 1 - Jun 30),20e3e019-00a9-4f16-890d-27e6445cb2c4,https://lda.gov/filings/public/contribution/20e3e019-00a9-4f16-890d-27e6445cb2c4/print/
DelBene,D000617,FINSECA,2024-05-30,2500.00,2500.0,Suzan Delbene,2024,Mid-Year (Jan 1 - Jun 30),ff308f32-9987-4b09-a26f-3a3b0b9832ae,https://lda.gov/filings/public/contribution/ff308f32-9987-4b09-a26f-3a3b0b9832ae/print/
DelBene,D000617,LOWE'S COMPANIES INC.,2024-06-03,2500.00,2500.0,Rep. Suzan Kay DelBene,2024,Mid-Year (Jan 1 - Jun 30),ae72b70d-4025-44c7-a16b-e914c799459d,https://lda.gov/filings/public/contribution/ae72b70d-4025-44c7-a16b-e914c799459d/print/
DelBene,D000617,INDEPENDENT INSURANCE AGENTS & BROKERS OF AMERICA,2024-06-03,2500.00,2500.0,Suzan DelBene,2024,Mid-Year (Jan 1 - Jun 30),74e57ec6-f46f-4340-af21-22780b34b6b4,https://lda.gov/filings/public/contribution/74e57ec6-f46f-4340-af21-22780b34b6b4/print/
DelBene,D000617,PRIMERICA LIFE INSURANCE COMPANY,2024-06-18,1000.00,1000.0,U.S. Rep. Suzan Kay DelBene,2024,Mid-Year (Jan 1 - Jun 30),7ebd1866-a79a-4a72-aa27-6770c9571bec,https://lda.gov/filings/public/contribution/7ebd1866-a79a-4a72-aa27-6770c9571bec/print/
DelBene,D000617,PRIMERICA LIFE INSURANCE COMPANY,2024-06-18,1000.00,1000.0,U.S. Rep. Suzan Kay DelBene,2024,Mid-Year (Jan 1 - Jun 30),d8e697f4-27ce-486f-99ec-0a2239d001fe,https://lda.gov/filings/public/contribution/d8e697f4-27ce-486f-99ec-0a2239d001fe/print/
DelBene,D000617,AFLAC INCORPORATED,2024-06-20,1500.00,1500.0,Rep. Suzan Kay DelBene,2024,Mid-Year (Jan 1 - Jun 30),c430dddb-72d1-47d0-a28e-1afec91a6b50,https://lda.gov/filings/public/contribution/c430dddb-72d1-47d0-a28e-1afec91a6b50/print/
DelBene,D000617,CAPITAL ONE FINANCIAL CORPORATION,2024-06-20,1000.00,1000.0,Suzan DelBene,2024,Mid-Year (Jan 1 - Jun 30),3e780ad4-ac2f-430e-a04b-4929e28c5ecc,https://lda.gov/filings/public/contribution/3e780ad4-ac2f-430e-a04b-4929e28c5ecc/print/
DelBene,D000617,THE PROCTER AND GAMBLE COMPANY,2024-06-21,2500.00,2500.0,Rep. Suzan Kay DelBene,2024,Mid-Year (Jan 1 - Jun 30),1984a192-f3b9-497e-976e-30fb2a6ab9a6,https://lda.gov/filings/public/contribution/1984a192-f3b9-497e-976e-30fb2a6ab9a6/print/
DelBene,D000617,RETAIL INDUSTRY LEADERS ASSOCIATION,2024-06-25,1000.00,1000.0,Suzan Delbene,2024,Mid-Year (Jan 1 - Jun 30),fd0a028e-3b9b-46ac-b524-465fa3973aa7,https://lda.gov/filings/public/contribution/fd0a028e-3b9b-46ac-b524-465fa3973aa7/print/
DelBene,D000617,UNITED SERVICES AUTOMOBILE ASSOCIATION,2024-07-18,2500.00,2500.0,Rep. Suzan Kay DelBene,2024,Year-End (July 1 - Dec 31),c1ad2c95-464e-4aef-9d5c-7784acfa13bd,https://lda.gov/filings/public/contribution/c1ad2c95-464e-4aef-9d5c-7784acfa13bd/print/
DelBene,D000617,HONEYWELL INTERNATIONAL,2024-07-18,1500.00,1500.0,Suzan DelBene,2024,Year-End (July 1 - Dec 31),95b867ef-0998-45f4-8fa3-0f356b33c9c5,https://lda.gov/filings/public/contribution/95b867ef-0998-45f4-8fa3-0f356b33c9c5/print/
DelBene,D000617,HONEYWELL INTERNATIONAL,2024-07-18,1500.00,1500.0,Suzan DelBene,2024,Year-End (July 1 - Dec 31),7dcabe0d-2a1c-427d-88a0-cc5ee889b1e2,https://lda.gov/filings/public/contribution/7dcabe0d-2a1c-427d-88a0-cc5ee889b1e2/print/
DelBene,D000617,STATE FARM MUTUAL AUTOMOBILE INSURANCE COMPANY,2024-08-12,1500.00,1500.0,Rep. Suzan Kay DelBene,2024,Year-End (July 1 - Dec 31),eedafbe5-6316-408d-bc9c-0fafbdf02ab7,https://lda.gov/filings/public/contribution/eedafbe5-6316-408d-bc9c-0fafbdf02ab7/print/
DelBene,D000617,STATE FARM MUTUAL AUTOMOBILE INSURANCE COMPANY,2024-08-12,1500.00,1500.0,Rep. Suzan Kay DelBene,2024,Year-End (July 1 - Dec 31),7059c8d2-7464-4f32-baf9-65d94c7219d3,https://lda.gov/filings/public/contribution/7059c8d2-7464-4f32-baf9-65d94c7219d3/print/
DelBene,D000617,HONEYWELL INTERNATIONAL,2024-09-24,2500.00,2500.0,Suzan DelBene,2024,Year-End (July 1 - Dec 31),95b867ef-0998-45f4-8fa3-0f356b33c9c5,https://lda.gov/filings/public/contribution/95b867ef-0998-45f4-8fa3-0f356b33c9c5/print/
DelBene,D000617,HONEYWELL INTERNATIONAL,2024-09-24,2500.00,2500.0,Suzan DelBene,2024,Year-End (July 1 - Dec 31),7dcabe0d-2a1c-427d-88a0-cc5ee889b1e2,https://lda.gov/filings/public/contribution/7dcabe0d-2a1c-427d-88a0-cc5ee889b1e2/print/
DelBene,D000617,FINSECA,2024-09-27,2500.00,2500.0,Suzan Delbene,2024,Year-End (July 1 - Dec 31),c376b299-49e6-4344-a416-353373d3dd05,https://lda.gov/filings/public/contribution/c376b299-49e6-4344-a416-353373d3dd05/print/
DelBene,D000617,GOOGLE CLIENT SERVICES LLC,2024-10-18,2000.00,2000.0,Rep. Suzan DelBene,2024,Year-End (July 1 - Dec 31),7e39679c-3d35-4a91-b3db-4779c580ae15,https://lda.gov/filings/public/contribution/7e39679c-3d35-4a91-b3db-4779c580ae15/print/
DelBene,D000617,AMERICAN BANKERS ASSOCIATION,2024-10-25,2500.00,2500.0,Rep Suzan DelBene,2024,Year-End (July 1 - Dec 31),0badf3cf-1699-42d9-8a19-db80f67e8280,https://lda.gov/filings/public/contribution/0badf3cf-1699-42d9-8a19-db80f67e8280/print/
DelBene,D000617,FINSECA,2024-10-31,1000.00,1000.0,Suzan Delbene,2024,Year-End (July 1 - Dec 31),c376b299-49e6-4344-a416-353373d3dd05,https://lda.gov/filings/public/contribution/c376b299-49e6-4344-a416-353373d3dd05/print/
DelBene,D000617,TRANS UNION LLC,2024-12-11,5000.00,5000.0,Rep. Suzan DelBene,2024,Year-End (July 1 - Dec 31),70af65a8-ebd4-4fdf-b01d-15723986c15b,https://lda.gov/filings/public/contribution/70af65a8-ebd4-4fdf-b01d-15723986c15b/print/
DelBene,D000617,LOWE'S COMPANIES INC.,2024-12-17,2500.00,2500.0,Rep. Suzan Kay DelBene,2024,Year-End (July 1 - Dec 31),af31a473-99f7-4004-b413-582c12faf1b7,https://lda.gov/filings/public/contribution/af31a473-99f7-4004-b413-582c12faf1b7/print/
DelBene,D000617,AMERICAN LAND TITLE ASSOCIATION,2025-01-08,1000.00,1000.0,Rep. Suzan DelBene,2025,Mid-Year (Jan 1 - Jun 30),bc06c0a3-7a93-4de7-adb0-0774a409b31e,https://lda.gov/filings/public/contribution/bc06c0a3-7a93-4de7-adb0-0774a409b31e/print/
DelBene,D000617,NATIONAL ASSOCIATION OF MUTUAL INSURANCE COMPANIES,2025-01-20,1000.00,1000.0,Rep Suzan DelBene,2025,Mid-Year (Jan 1 - Jun 30),d6eec8d5-f7ec-4853-ae34-cc61e68b74b3,https://lda.gov/filings/public/contribution/d6eec8d5-f7ec-4853-ae34-cc61e68b74b3/print/
DelBene,D000617,MORTGAGE BANKERS ASSOCIATION,2025-01-31,5000.00,5000.0,Rep Suzan DelBene,2025,Mid-Year (Jan 1 - Jun 30),e4ba990d-ad76-434b-a64f-fa1f69a0a437,https://lda.gov/filings/public/contribution/e4ba990d-ad76-434b-a64f-fa1f69a0a437/print/
DelBene,D000617,MORTGAGE BANKERS ASSOCIATION,2025-01-31,5000.00,5000.0,Rep Suzan DelBene,2025,Mid-Year (Jan 1 - Jun 30),e4ba990d-ad76-434b-a64f-fa1f69a0a437,https://lda.gov/filings/public/contribution/e4ba990d-ad76-434b-a64f-fa1f69a0a437/print/
DelBene,D000617,"SIX CONTINENTS HOTELS, INC.",2025-01-31,1000.00,1000.0,Rep. Suzan DelBene,2025,Mid-Year (Jan 1 - Jun 30),aaf8ce76-fd0f-48d9-b042-f1e34a7eb3a8,https://lda.gov/filings/public/contribution/aaf8ce76-fd0f-48d9-b042-f1e34a7eb3a8/print/
DelBene,D000617,AMERICAN BANKERS ASSOCIATION,2025-02-07,1000.00,1000.0,Rep Suzan DelBene,2025,Mid-Year (Jan 1 - Jun 30),3b59d0c1-3f93-4da9-be3b-f16be44da9dd,https://lda.gov/filings/public/contribution/3b59d0c1-3f93-4da9-be3b-f16be44da9dd/print/
DelBene,D000617,INDEPENDENT INSURANCE AGENTS & BROKERS OF AMERICA,2025-02-10,2500.00,2500.0,Suzan DelBene,2025,Mid-Year (Jan 1 - Jun 30),b655e396-64bc-4dd9-ad1d-7d5e83e73aa4,https://lda.gov/filings/public/contribution/b655e396-64bc-4dd9-ad1d-7d5e83e73aa4/print/
DelBene,D000617,GAP INC.,2025-02-19,2500.00,2500.0,Rep. Suzan Delbene,2025,Mid-Year (Jan 1 - Jun 30),f3c92ee5-451c-4c14-b5ca-6a3a1d20f822,https://lda.gov/filings/public/contribution/f3c92ee5-451c-4c14-b5ca-6a3a1d20f822/print/
DelBene,D000617,HONEYWELL INTERNATIONAL,2025-02-27,1000.00,1000.0,Suzan DelBene,2025,Mid-Year (Jan 1 - Jun 30),38d8797c-43b5-4c06-95f2-fff50e0a34f6,https://lda.gov/filings/public/contribution/38d8797c-43b5-4c06-95f2-fff50e0a34f6/print/
DelBene,D000617,NATIONAL ASSOCIATION OF MUTUAL INSURANCE COMPANIES,2025-03-07,1000.00,1000.0,Rep Suzan DelBene,2025,Mid-Year (Jan 1 - Jun 30),d6eec8d5-f7ec-4853-ae34-cc61e68b74b3,https://lda.gov/filings/public/contribution/d6eec8d5-f7ec-4853-ae34-cc61e68b74b3/print/
DelBene,D000617,GOOGLE CLIENT SERVICES LLC,2025-03-07,1000.00,1000.0,Rep. Suzan DelBene,2025,Mid-Year (Jan 1 - Jun 30),bd034571-ccfd-4eaf-a175-f5d1a1e37d1e,https://lda.gov/filings/public/contribution/bd034571-ccfd-4eaf-a175-f5d1a1e37d1e/print/
DelBene,D000617,INDEPENDENT INSURANCE AGENTS & BROKERS OF AMERICA,2025-03-10,2500.00,2500.0,Suzan DelBene,2025,Mid-Year (Jan 1 - Jun 30),b655e396-64bc-4dd9-ad1d-7d5e83e73aa4,https://lda.gov/filings/public/contribution/b655e396-64bc-4dd9-ad1d-7d5e83e73aa4/print/
DelBene,D000617,AMAZON.COM SERVICES LLC,2025-03-17,5000.00,5000.0,Rep. Suzan DelBene,2025,Mid-Year (Jan 1 - Jun 30),4aeb0fb5-80e0-445f-b9c6-77da72d2840a,https://lda.gov/filings/public/contribution/4aeb0fb5-80e0-445f-b9c6-77da72d2840a/print/
DelBene,D000617,AFLAC INCORPORATED,2025-03-20,2500.00,2500.0,Rep. Suzan DelBene,2025,Mid-Year (Jan 1 - Jun 30),8dcb1127-5a63-47a5-8102-23adadfe4bbc,https://lda.gov/filings/public/contribution/8dcb1127-5a63-47a5-8102-23adadfe4bbc/print/
DelBene,D000617,UNITED SERVICES AUTOMOBILE ASSOCIATION,2025-03-24,3500.00,3500.0,Rep. Suzan DelBene,2025,Mid-Year (Jan 1 - Jun 30),494f0136-ad7d-40d1-bc9e-bc0324b20b93,https://lda.gov/filings/public/contribution/494f0136-ad7d-40d1-bc9e-bc0324b20b93/print/
DelBene,D000617,"MEDTRONIC, INC.",2025-03-25,5000.00,5000.0,Suzan DelBene,2025,Mid-Year (Jan 1 - Jun 30),ff4d9e69-9078-4231-9ecf-623732db873b,https://lda.gov/filings/public/contribution/ff4d9e69-9078-4231-9ecf-623732db873b/print/
DelBene,D000617,"MEDTRONIC, INC.",2025-03-25,5000.00,5000.0,Suzan DelBene,2025,Mid-Year (Jan 1 - Jun 30),ff4d9e69-9078-4231-9ecf-623732db873b,https://lda.gov/filings/public/contribution/ff4d9e69-9078-4231-9ecf-623732db873b/print/
DelBene,D000617,STATE FARM MUTUAL AUTOMOBILE INSURANCE COMPANY,2025-03-26,2500.00,2500.0,Rep. Suzan DelBene,2025,Mid-Year (Jan 1 - Jun 30),3199da59-3d3e-41e3-a4a2-a0bf6d755b0f,https://lda.gov/filings/public/contribution/3199da59-3d3e-41e3-a4a2-a0bf6d755b0f/print/
DelBene,D000617,GOOGLE CLIENT SERVICES LLC,2025-03-28,5000.00,5000.0,Rep. Suzan DelBene,2025,Mid-Year (Jan 1 - Jun 30),bd034571-ccfd-4eaf-a175-f5d1a1e37d1e,https://lda.gov/filings/public/contribution/bd034571-ccfd-4eaf-a175-f5d1a1e37d1e/print/
DelBene,D000617,GOOGLE CLIENT SERVICES LLC,2025-03-28,2000.00,2000.0,Rep. Suzan DelBene,2025,Mid-Year (Jan 1 - Jun 30),bd034571-ccfd-4eaf-a175-f5d1a1e37d1e,https://lda.gov/filings/public/contribution/bd034571-ccfd-4eaf-a175-f5d1a1e37d1e/print/
DelBene,D000617,TARGET CORPORATION,2025-03-28,2500.00,2500.0,Suzan DelBene,2025,Mid-Year (Jan 1 - Jun 30),6ded9f9b-b67d-4a4e-9207-404f2c305f73,https://lda.gov/filings/public/contribution/6ded9f9b-b67d-4a4e-9207-404f2c305f73/print/
DelBene,D000617,AFLAC INCORPORATED,2025-04-22,2500.00,2500.0,Rep. Suzan DelBene,2025,Mid-Year (Jan 1 - Jun 30),8dcb1127-5a63-47a5-8102-23adadfe4bbc,https://lda.gov/filings/public/contribution/8dcb1127-5a63-47a5-8102-23adadfe4bbc/print/
DelBene,D000617,AMAZON.COM SERVICES LLC,2025-04-22,5000.00,5000.0,Rep. Suzan DelBene,2025,Mid-Year (Jan 1 - Jun 30),4aeb0fb5-80e0-445f-b9c6-77da72d2840a,https://lda.gov/filings/public/contribution/4aeb0fb5-80e0-445f-b9c6-77da72d2840a/print/
DelBene,D000617,COX ENTERPRISES INC.,2025-04-24,2500.00,2500.0,Suzan DelBene,2025,Mid-Year (Jan 1 - Jun 30),1c54fd69-4507-44ae-80b3-fc4f500b64e9,https://lda.gov/filings/public/contribution/1c54fd69-4507-44ae-80b3-fc4f500b64e9/print/
DelBene,D000617,HONEYWELL INTERNATIONAL,2025-04-24,2500.00,2500.0,Suzan DelBene,2025,Mid-Year (Jan 1 - Jun 30),38d8797c-43b5-4c06-95f2-fff50e0a34f6,https://lda.gov/filings/public/contribution/38d8797c-43b5-4c06-95f2-fff50e0a34f6/print/
DelBene,D000617,GUARDIAN LIFE INSURANCE COMPANY OF AMERICA,2025-05-01,2500.00,2500.0,Rep Suzan DelBene,2025,Mid-Year (Jan 1 - Jun 30),61308a5b-df5b-4b1f-be7b-e86c02550bbc,https://lda.gov/filings/public/contribution/61308a5b-df5b-4b1f-be7b-e86c02550bbc/print/
DelBene,D000617,GAP INC.,2025-05-06,1000.00,1000.0,Rep. Suzan Delbene,2025,Mid-Year (Jan 1 - Jun 30),f3c92ee5-451c-4c14-b5ca-6a3a1d20f822,https://lda.gov/filings/public/contribution/f3c92ee5-451c-4c14-b5ca-6a3a1d20f822/print/
DelBene,D000617,AMERICAN LAND TITLE ASSOCIATION,2025-05-15,1500.00,1500.0,Rep. Suzan DelBene,2025,Mid-Year (Jan 1 - Jun 30),bc06c0a3-7a93-4de7-adb0-0774a409b31e,https://lda.gov/filings/public/contribution/bc06c0a3-7a93-4de7-adb0-0774a409b31e/print/
DelBene,D000617,CONSUMER TECHNOLOGY ASSOCIATION,2025-05-23,1000.00,1000.0,Rep. Suzan DelBene,2025,Mid-Year (Jan 1 - Jun 30),6f0656c1-1753-4584-9c7f-f6574a136540,https://lda.gov/filings/public/contribution/6f0656c1-1753-4584-9c7f-f6574a136540/print/
DelBene,D000617,FINSECA,2025-05-23,2500.00,2500.0,Suzan Delbene,2025,Mid-Year (Jan 1 - Jun 30),dd8b7dfe-f781-4736-8271-e9a25d127e62,https://lda.gov/filings/public/contribution/dd8b7dfe-f781-4736-8271-e9a25d127e62/print/
DelBene,D000617,AMERICAN BANKERS ASSOCIATION,2025-06-11,2500.00,2500.0,Rep Suzan DelBene,2025,Mid-Year (Jan 1 - Jun 30),3b59d0c1-3f93-4da9-be3b-f16be44da9dd,https://lda.gov/filings/public/contribution/3b59d0c1-3f93-4da9-be3b-f16be44da9dd/print/
DelBene,D000617,AFLAC INCORPORATED,2025-06-24,2500.00,2500.0,Rep. Suzan DelBene,2025,Mid-Year (Jan 1 - Jun 30),8dcb1127-5a63-47a5-8102-23adadfe4bbc,https://lda.gov/filings/public/contribution/8dcb1127-5a63-47a5-8102-23adadfe4bbc/print/
DelBene,D000617,PRIMERICA LIFE INSURANCE COMPANY,2025-06-25,1500.00,1500.0,U.S. Rep. Suzan DelBene,2025,Mid-Year (Jan 1 - Jun 30),72820736-2725-442b-ae83-c0af560e85cf,https://lda.gov/filings/public/contribution/72820736-2725-442b-ae83-c0af560e85cf/print/
DelBene,D000617,HONEYWELL INTERNATIONAL,2025-06-26,2000.00,2000.0,Suzan Delbene,2025,Mid-Year (Jan 1 - Jun 30),38d8797c-43b5-4c06-95f2-fff50e0a34f6,https://lda.gov/filings/public/contribution/38d8797c-43b5-4c06-95f2-fff50e0a34f6/print/
DelBene,D000617,FINSECA,2025-06-27,2000.00,2000.0,Suzan Delbene,2025,Mid-Year (Jan 1 - Jun 30),dd8b7dfe-f781-4736-8271-e9a25d127e62,https://lda.gov/filings/public/contribution/dd8b7dfe-f781-4736-8271-e9a25d127e62/print/
DelBene,D000617,INFORMATION TECHNOLOGY INDUSTRY COUNCIL,2025-06-30,1000.00,1000.0,REP. SUZAN DELBENE,2025,Mid-Year (Jan 1 - Jun 30),e93ddb3a-c175-40b7-b116-24807f6dc870,https://lda.gov/filings/public/contribution/e93ddb3a-c175-40b7-b116-24807f6dc870/print/
DelBene,D000617,HONEYWELL INTERNATIONAL,2025-07-17,500.00,500.0,Suzan DelBene,2025,Year-End (July 1 - Dec 31),29245931-f5fc-4152-a5c4-aaf2014a7e66,https://lda.gov/filings/public/contribution/29245931-f5fc-4152-a5c4-aaf2014a7e66/print/
DelBene,D000617,HONEYWELL INTERNATIONAL,2025-07-17,1500.00,1500.0,Suzan DelBene,2025,Year-End (July 1 - Dec 31),29245931-f5fc-4152-a5c4-aaf2014a7e66,https://lda.gov/filings/public/contribution/29245931-f5fc-4152-a5c4-aaf2014a7e66/print/
DelBene,D000617,HARTFORD INSURANCE GROUP (FKA HARTFORD FINANCIAL SERVICES GROUP),2025-07-25,1000.00,1000.0,Rep Suzan DelBene,2025,Year-End (July 1 - Dec 31),9e6318a0-0a97-480c-a60d-367826b64853,https://lda.gov/filings/public/contribution/9e6318a0-0a97-480c-a60d-367826b64853/print/
DelBene,D000617,FINSECA,2025-07-30,500.00,500.0,Suzan Delbene,2025,Year-End (July 1 - Dec 31),1b4a625b-f87a-42a2-9391-80ea28a4f49b,https://lda.gov/filings/public/contribution/1b4a625b-f87a-42a2-9391-80ea28a4f49b/print/
DelBene,D000617,UNITED SERVICES AUTOMOBILE ASSOCIATION,2025-08-06,1000.00,1000.0,Rep. Suzan DelBene,2025,Year-End (July 1 - Dec 31),5f66bbfd-0769-411a-b13c-3753fc8ad770,https://lda.gov/filings/public/contribution/5f66bbfd-0769-411a-b13c-3753fc8ad770/print/
DelBene,D000617,AFLAC INCORPORATED,2025-09-22,2500.00,2500.0,Rep. Suzan DelBene,2025,Year-End (July 1 - Dec 31),d0a93bc7-f841-4a56-bc52-1b51cb5dc179,https://lda.gov/filings/public/contribution/d0a93bc7-f841-4a56-bc52-1b51cb5dc179/print/
DelBene,D000617,COX ENTERPRISES INC.,2025-09-22,2500.00,2500.0,Suzan DelBene,2025,Year-End (July 1 - Dec 31),13744c25-efb9-4c3a-9910-007a7238cb1d,https://lda.gov/filings/public/contribution/13744c25-efb9-4c3a-9910-007a7238cb1d/print/
DelBene,D000617,FINSECA,2025-09-26,2500.00,2500.0,Suzan Delbene,2025,Year-End (July 1 - Dec 31),1b4a625b-f87a-42a2-9391-80ea28a4f49b,https://lda.gov/filings/public/contribution/1b4a625b-f87a-42a2-9391-80ea28a4f49b/print/
DelBene,D000617,AFLAC INCORPORATED,2025-10-20,2500.00,2500.0,Rep. Suzan DelBene,2025,Year-End (July 1 - Dec 31),d0a93bc7-f841-4a56-bc52-1b51cb5dc179,https://lda.gov/filings/public/contribution/d0a93bc7-f841-4a56-bc52-1b51cb5dc179/print/
DelBene,D000617,AFLAC INCORPORATED,2025-10-20,-2500.00,-2500.0,Rep. Suzan DelBene,2025,Year-End (July 1 - Dec 31),d0a93bc7-f841-4a56-bc52-1b51cb5dc179,https://lda.gov/filings/public/contribution/d0a93bc7-f841-4a56-bc52-1b51cb5dc179/print/
DelBene,D000617,STATE FARM MUTUAL AUTOMOBILE INSURANCE COMPANY,2025-11-12,1000.00,1000.0,Rep. Suzan DelBene,2025,Year-End (July 1 - Dec 31),91514e3d-2443-4e6e-943c-0b9bd47e4de0,https://lda.gov/filings/public/contribution/91514e3d-2443-4e6e-943c-0b9bd47e4de0/print/
DelBene,D000617,AMERICAN BANKERS ASSOCIATION,2025-11-19,2500.00,2500.0,Rep Suzan DelBene,2025,Year-End (July 1 - Dec 31),d75635d1-6ca9-4ca1-91ee-5ddfe80289f3,https://lda.gov/filings/public/contribution/d75635d1-6ca9-4ca1-91ee-5ddfe80289f3/print/
DelBene,D000617,AFLAC INCORPORATED,2025-11-20,2500.00,2500.0,Rep. Suzan DelBene,2025,Year-End (July 1 - Dec 31),d0a93bc7-f841-4a56-bc52-1b51cb5dc179,https://lda.gov/filings/public/contribution/d0a93bc7-f841-4a56-bc52-1b51cb5dc179/print/
DelBene,D000617,CAPITAL ONE FINANCIAL CORPORATION,2025-11-24,2500.00,2500.0,Suzan DelBene,2025,Year-End (July 1 - Dec 31),9e78a08e-780a-4abc-a686-1f3f136fc1b3,https://lda.gov/filings/public/contribution/9e78a08e-780a-4abc-a686-1f3f136fc1b3/print/
DelBene,D000617,MORTGAGE BANKERS ASSOCIATION,2025-12-11,2500.00,2500.0,Rep Suzan DelBene,2025,Year-End (July 1 - Dec 31),56beef85-f206-449e-a288-625d321ccb66,https://lda.gov/filings/public/contribution/56beef85-f206-449e-a288-625d321ccb66/print/
DelBene,D000617,GOOGLE CLIENT SERVICES LLC,2025-12-12,1000.00,1000.0,Rep. Suzan DelBene,2025,Year-End (July 1 - Dec 31),51d47cd4-b8aa-4dec-8888-dbc24f116371,https://lda.gov/filings/public/contribution/51d47cd4-b8aa-4dec-8888-dbc24f116371/print/
DelBene,D000617,ROCKET LP FKA RKT HOLDINGS,2025-12-16,2500.00,2500.0,Congresswoman Suzan DelBene,2025,Year-End (July 1 - Dec 31),4b17fbef-78e0-430d-8d7c-7d23b878a792,https://lda.gov/filings/public/contribution/4b17fbef-78e0-430d-8d7c-7d23b878a792/print/
DelBene,D000617,HONEYWELL INTERNATIONAL,2025-12-16,2000.00,2000.0,Suzan DelBene,2025,Year-End (July 1 - Dec 31),29245931-f5fc-4152-a5c4-aaf2014a7e66,https://lda.gov/filings/public/contribution/29245931-f5fc-4152-a5c4-aaf2014a7e66/print/
DelBene,D000617,LOWE'S COMPANIES INC.,2025-12-18,2500.00,2500.0,Rep. Suzan DelBene,2025,Year-End (July 1 - Dec 31),41275b23-5472-43bc-bd4c-3c4446205267,https://lda.gov/filings/public/contribution/41275b23-5472-43bc-bd4c-3c4446205267/print/
DelBene,D000617,HONEYWELL INTERNATIONAL,2025-12-23,3000.00,3000.0,Suzan Delbene,2025,Year-End (July 1 - Dec 31),29245931-f5fc-4152-a5c4-aaf2014a7e66,https://lda.gov/filings/public/contribution/29245931-f5fc-4152-a5c4-aaf2014a7e66/print/
Moran,M000934,GOOGLE CLIENT SERVICES LLC,2022-01-28,2500.00,2500.0,Sen. Jerry Moran,2022,Mid-Year (Jan 1 - Jun 30),8d35acd4-9c6c-4953-8b62-578bc818ef29,https://lda.gov/filings/public/contribution/8d35acd4-9c6c-4953-8b62-578bc818ef29/print/
Moran,M000934,THE NONPROFIT ALLIANCE,2022-02-16,500.00,500.0,Sen. Jerry Moran,2022,Mid-Year (Jan 1 - Jun 30),bfb56d43-4501-4a2e-a983-f0162fa34ca6,https://lda.gov/filings/public/contribution/bfb56d43-4501-4a2e-a983-f0162fa34ca6/print/
Moran,M000934,INDEPENDENT INSURANCE AGENTS & BROKERS OF AMERICA,2022-03-02,1000.00,1000.0,Jerry Moran,2022,Mid-Year (Jan 1 - Jun 30),2164fa60-5968-41b1-bfbf-d16405b12041,https://lda.gov/filings/public/contribution/2164fa60-5968-41b1-bfbf-d16405b12041/print/
Moran,M000934,AMERICAN BANKERS ASSOCIATION,2022-03-04,5000.00,5000.0,Sen Jerry Moran,2022,Mid-Year (Jan 1 - Jun 30),fa928533-3f60-4134-9538-94fbdd3699a9,https://lda.gov/filings/public/contribution/fa928533-3f60-4134-9538-94fbdd3699a9/print/
Moran,M000934,THE PROCTER AND GAMBLE COMPANY,2022-03-08,2500.00,2500.0,Sen. Jerry W. Moran,2022,Mid-Year (Jan 1 - Jun 30),18abba24-a36d-481d-b2a1-54a2009e4a13,https://lda.gov/filings/public/contribution/18abba24-a36d-481d-b2a1-54a2009e4a13/print/
Moran,M000934,THE PROCTER AND GAMBLE COMPANY,2022-03-08,2500.00,2500.0,Sen. Jerry W. Moran,2022,Mid-Year (Jan 1 - Jun 30),0783babd-188b-4c9f-8af4-6a9f52761386,https://lda.gov/filings/public/contribution/0783babd-188b-4c9f-8af4-6a9f52761386/print/
Moran,M000934,THE NONPROFIT ALLIANCE,2022-03-09,500.00,500.0,Sen. Jerry Moran,2022,Mid-Year (Jan 1 - Jun 30),bfb56d43-4501-4a2e-a983-f0162fa34ca6,https://lda.gov/filings/public/contribution/bfb56d43-4501-4a2e-a983-f0162fa34ca6/print/
Moran,M000934,CHAMBER OF COMMERCE OF THE U.S.A.,2022-03-11,2500.00,2500.0,Jerry Moran,2022,Mid-Year (Jan 1 - Jun 30),592c82bf-8b9d-460d-9f36-2cc0ada977de,https://lda.gov/filings/public/contribution/592c82bf-8b9d-460d-9f36-2cc0ada977de/print/
Moran,M000934,ROCK CENTRAL,2022-03-24,2500.00,2500.0,Jerry Moran,2022,Mid-Year (Jan 1 - Jun 30),06b342f6-2277-4b4a-aa45-79704891a4ec,https://lda.gov/filings/public/contribution/06b342f6-2277-4b4a-aa45-79704891a4ec/print/
Moran,M000934,HARTFORD INSURANCE GROUP (FKA HARTFORD FINANCIAL SERVICES GROUP),2022-03-24,1500.00,1500.0,Sen Jerry Moran,2022,Mid-Year (Jan 1 - Jun 30),9f7652f9-0f7e-428f-a819-2f6504bbbc59,https://lda.gov/filings/public/contribution/9f7652f9-0f7e-428f-a819-2f6504bbbc59/print/
Moran,M000934,NATIONAL ASSOCIATION OF MANUFACTURERS,2022-03-31,1500.00,1500.0,Jerry Moran,2022,Mid-Year (Jan 1 - Jun 30),f134fb38-a5aa-4a14-b789-20308f650fa0,https://lda.gov/filings/public/contribution/f134fb38-a5aa-4a14-b789-20308f650fa0/print/
Moran,M000934,THE HOME DEPOT,2022-04-27,5000.00,5000.0,Sen. Jerry W. Moran,2022,Mid-Year (Jan 1 - Jun 30),3ff151a7-03ed-4835-a8cc-350a09faf1e2,https://lda.gov/filings/public/contribution/3ff151a7-03ed-4835-a8cc-350a09faf1e2/print/
Moran,M000934,REINSURANCE ASSN OF AMERICA,2022-05-04,2500.00,2500.0,Jerry Moran,2022,Mid-Year (Jan 1 - Jun 30),f81a754f-7a41-4176-9493-f4f5bed4de43,https://lda.gov/filings/public/contribution/f81a754f-7a41-4176-9493-f4f5bed4de43/print/
Moran,M000934,REINSURANCE ASSN OF AMERICA,2022-05-04,2500.00,2500.0,Jerry Moran,2022,Mid-Year (Jan 1 - Jun 30),781117ae-55fa-4e8b-89f1-6759b69daafc,https://lda.gov/filings/public/contribution/781117ae-55fa-4e8b-89f1-6759b69daafc/print/
Moran,M000934,REINSURANCE ASSN OF AMERICA,2022-05-04,2500.00,2500.0,Jerry Moran,2022,Mid-Year (Jan 1 - Jun 30),94febf9a-69df-4602-834d-575057c7a9b1,https://lda.gov/filings/public/contribution/94febf9a-69df-4602-834d-575057c7a9b1/print/
Moran,M000934,HONEYWELL INTERNATIONAL,2022-05-05,5000.00,5000.0,Jerry Moran,2022,Mid-Year (Jan 1 - Jun 30),b9efee68-f64f-48b7-87bc-ea591b214306,https://lda.gov/filings/public/contribution/b9efee68-f64f-48b7-87bc-ea591b214306/print/
Moran,M000934,HONEYWELL INTERNATIONAL,2022-05-19,2500.00,2500.0,Jerry Moran,2022,Mid-Year (Jan 1 - Jun 30),b9efee68-f64f-48b7-87bc-ea591b214306,https://lda.gov/filings/public/contribution/b9efee68-f64f-48b7-87bc-ea591b214306/print/
Moran,M000934,NATIONAL ASSOCIATION OF MUTUAL INSURANCE COMPANIES,2022-05-24,2500.00,2500.0,Sen Jerry Moran,2022,Mid-Year (Jan 1 - Jun 30),e9e02a3e-5f11-4d5c-af28-7850fffc145e,https://lda.gov/filings/public/contribution/e9e02a3e-5f11-4d5c-af28-7850fffc145e/print/
Moran,M000934,AMERICAN LAND TITLE ASSOCIATION,2022-05-24,2500.00,2500.0,Sen. Jerry Moran,2022,Mid-Year (Jan 1 - Jun 30),5fa5f8ec-113f-469a-bdc2-2eed14ad87dd,https://lda.gov/filings/public/contribution/5fa5f8ec-113f-469a-bdc2-2eed14ad87dd/print/
Moran,M000934,UNITED SERVICES AUTOMOBILE ASSOCIATION,2022-05-27,5000.00,5000.0,Sen. Jerry W. Moran,2022,Mid-Year (Jan 1 - Jun 30),d0344056-6740-4812-972b-a337e3d15599,https://lda.gov/filings/public/contribution/d0344056-6740-4812-972b-a337e3d15599/print/
Moran,M000934,UNITED SERVICES AUTOMOBILE ASSOCIATION,2022-05-27,5000.00,5000.0,Sen. Jerry W. Moran,2022,Mid-Year (Jan 1 - Jun 30),38d60c83-1edf-4f21-b5e2-16a2a5bb03e5,https://lda.gov/filings/public/contribution/38d60c83-1edf-4f21-b5e2-16a2a5bb03e5/print/
Moran,M000934,"KOCH GOVERNMENT AFFAIRS, LLC",2022-06-06,5000.00,5000.0,Sen. Jerry W. Moran,2022,Mid-Year (Jan 1 - Jun 30),bf5ed86a-c833-4f27-964e-034f5e3525ac,https://lda.gov/filings/public/contribution/bf5ed86a-c833-4f27-964e-034f5e3525ac/print/
Moran,M000934,"KOCH GOVERNMENT AFFAIRS, LLC",2022-06-06,2000.00,2000.0,Sen. Jerry W. Moran,2022,Mid-Year (Jan 1 - Jun 30),bf5ed86a-c833-4f27-964e-034f5e3525ac,https://lda.gov/filings/public/contribution/bf5ed86a-c833-4f27-964e-034f5e3525ac/print/
Moran,M000934,"ZILLOW GROUP, INC.",2022-06-16,1000.00,1000.0,Sen. Jerry W. Moran,2022,Mid-Year (Jan 1 - Jun 30),ad1af562-77ee-4ec9-9f41-f2fb2496010d,https://lda.gov/filings/public/contribution/ad1af562-77ee-4ec9-9f41-f2fb2496010d/print/
Moran,M000934,GOOGLE CLIENT SERVICES LLC,2022-06-17,5000.00,5000.0,Sen. Jerry Moran,2022,Mid-Year (Jan 1 - Jun 30),8d35acd4-9c6c-4953-8b62-578bc818ef29,https://lda.gov/filings/public/contribution/8d35acd4-9c6c-4953-8b62-578bc818ef29/print/
Moran,M000934,GOOGLE CLIENT SERVICES LLC,2022-06-17,2500.00,2500.0,Sen. Jerry Moran,2022,Mid-Year (Jan 1 - Jun 30),8d35acd4-9c6c-4953-8b62-578bc818ef29,https://lda.gov/filings/public/contribution/8d35acd4-9c6c-4953-8b62-578bc818ef29/print/
Moran,M000934,"KOCH GOVERNMENT AFFAIRS, LLC",2022-06-21,3000.00,3000.0,Sen. Jerry W. Moran,2022,Mid-Year (Jan 1 - Jun 30),bf5ed86a-c833-4f27-964e-034f5e3525ac,https://lda.gov/filings/public/contribution/bf5ed86a-c833-4f27-964e-034f5e3525ac/print/
Moran,M000934,PRIMERICA LIFE INSURANCE COMPANY,2022-06-21,2500.00,2500.0,U.S. Sen. Jerry W. Moran,2022,Mid-Year (Jan 1 - Jun 30),9ca7982c-7740-4cc1-8bdb-b09cd0186213,https://lda.gov/filings/public/contribution/9ca7982c-7740-4cc1-8bdb-b09cd0186213/print/
Moran,M000934,PRIMERICA LIFE INSURANCE COMPANY,2022-06-21,2500.00,2500.0,U.S. Sen. Jerry W. Moran,2022,Mid-Year (Jan 1 - Jun 30),159088e5-2233-4a9f-9dc8-73ad0a09ed6b,https://lda.gov/filings/public/contribution/159088e5-2233-4a9f-9dc8-73ad0a09ed6b/print/
Moran,M000934,PRIMERICA LIFE INSURANCE COMPANY,2022-06-21,2500.00,2500.0,U.S. Sen. Jerry W. Moran,2022,Mid-Year (Jan 1 - Jun 30),579591b3-56b9-4afd-8fb0-573f41a47412,https://lda.gov/filings/public/contribution/579591b3-56b9-4afd-8fb0-573f41a47412/print/
Moran,M000934,NATIONAL ASSOCIATION OF MUTUAL INSURANCE COMPANIES,2022-06-22,2500.00,2500.0,Sen Jerry Moran,2022,Mid-Year (Jan 1 - Jun 30),e9e02a3e-5f11-4d5c-af28-7850fffc145e,https://lda.gov/filings/public/contribution/e9e02a3e-5f11-4d5c-af28-7850fffc145e/print/
Moran,M000934,INDEPENDENT INSURANCE AGENTS & BROKERS OF AMERICA,2022-06-23,5000.00,5000.0,Jerry Moran,2022,Mid-Year (Jan 1 - Jun 30),2164fa60-5968-41b1-bfbf-d16405b12041,https://lda.gov/filings/public/contribution/2164fa60-5968-41b1-bfbf-d16405b12041/print/
Moran,M000934,INDEPENDENT INSURANCE AGENTS & BROKERS OF AMERICA,2022-06-23,3000.00,3000.0,Jerry Moran,2022,Mid-Year (Jan 1 - Jun 30),2164fa60-5968-41b1-bfbf-d16405b12041,https://lda.gov/filings/public/contribution/2164fa60-5968-41b1-bfbf-d16405b12041/print/
Moran,M000934,INDEPENDENT INSURANCE AGENTS & BROKERS OF AMERICA,2022-06-23,2000.00,2000.0,Jerry Moran,2022,Mid-Year (Jan 1 - Jun 30),2164fa60-5968-41b1-bfbf-d16405b12041,https://lda.gov/filings/public/contribution/2164fa60-5968-41b1-bfbf-d16405b12041/print/
Moran,M000934,NATIONAL ASSOCIATION OF MANUFACTURERS,2022-06-24,1500.00,1500.0,Jerry Moran,2022,Mid-Year (Jan 1 - Jun 30),f134fb38-a5aa-4a14-b789-20308f650fa0,https://lda.gov/filings/public/contribution/f134fb38-a5aa-4a14-b789-20308f650fa0/print/
Moran,M000934,MORTGAGE BANKERS ASSOCIATION,2022-06-28,5000.00,5000.0,Sen Jerry Moran,2022,Mid-Year (Jan 1 - Jun 30),cc34b7ed-742e-4d14-9de5-13bc9b9d9095,https://lda.gov/filings/public/contribution/cc34b7ed-742e-4d14-9de5-13bc9b9d9095/print/
Moran,M000934,STATE FARM MUTUAL AUTOMOBILE INSURANCE COMPANY,2022-06-28,1000.00,1000.0,Sen. Jerry W. Moran,2022,Mid-Year (Jan 1 - Jun 30),211452b8-c319-482d-9569-232d891d2d50,https://lda.gov/filings/public/contribution/211452b8-c319-482d-9569-232d891d2d50/print/
Moran,M000934,"AIRBNB, INC.",2022-07-13,1000.00,1000.0,Sen. Jerry Moran,2022,Year-End (July 1 - Dec 31),fa1ea7f2-8c5e-4543-b824-ebfc62cc365d,https://lda.gov/filings/public/contribution/fa1ea7f2-8c5e-4543-b824-ebfc62cc365d/print/
Moran,M000934,CAPITAL ONE FINANCIAL CORPORATION,2022-07-23,5000.00,5000.0,Jerry Moran,2022,Year-End (July 1 - Dec 31),ee24b240-e183-473e-8b2d-67ce53044a2a,https://lda.gov/filings/public/contribution/ee24b240-e183-473e-8b2d-67ce53044a2a/print/
Moran,M000934,"GARMIN INTERNATIONAL, INC.",2022-07-25,5000.00,5000.0,Jerry Moran,2022,Year-End (July 1 - Dec 31),2421a500-7df6-4898-9b65-b9c0cf24fcd8,https://lda.gov/filings/public/contribution/2421a500-7df6-4898-9b65-b9c0cf24fcd8/print/
Moran,M000934,MORTGAGE BANKERS ASSOCIATION,2022-07-25,5000.00,5000.0,Sen Jerry Moran,2022,Year-End (July 1 - Dec 31),e8b3e72d-ceba-4730-982a-6f6739c195d4,https://lda.gov/filings/public/contribution/e8b3e72d-ceba-4730-982a-6f6739c195d4/print/
Moran,M000934,RELX INC.,2022-07-25,1000.00,1000.0,Sen. Jerry W. Moran,2022,Year-End (July 1 - Dec 31),6b55befb-0736-40b7-8682-1f2c3f17a949,https://lda.gov/filings/public/contribution/6b55befb-0736-40b7-8682-1f2c3f17a949/print/
Moran,M000934,INDEPENDENT INSURANCE AGENTS & BROKERS OF AMERICA,2022-07-26,3000.00,3000.0,Jerry Moran,2022,Year-End (July 1 - Dec 31),e0374f0b-9c14-4878-8030-e9f6ed378ab1,https://lda.gov/filings/public/contribution/e0374f0b-9c14-4878-8030-e9f6ed378ab1/print/
Moran,M000934,THE NONPROFIT ALLIANCE,2022-07-26,1500.00,1500.0,SEN. JERRY MORAN,2022,Year-End (July 1 - Dec 31),32d731bb-ff0e-4dda-a2d8-65068001e494,https://lda.gov/filings/public/contribution/32d731bb-ff0e-4dda-a2d8-65068001e494/print/
Moran,M000934,THE NONPROFIT ALLIANCE,2022-07-26,1500.00,1500.0,SEN. JERRY MORAN,2022,Year-End (July 1 - Dec 31),e4d5778a-fb50-46c1-869a-722a17975717,https://lda.gov/filings/public/contribution/e4d5778a-fb50-46c1-869a-722a17975717/print/
Moran,M000934,STATE FARM MUTUAL AUTOMOBILE INSURANCE COMPANY,2022-07-27,1000.00,1000.0,Sen. Jerry W. Moran,2022,Year-End (July 1 - Dec 31),8b12dda9-50b3-45af-90a3-01d1e22a56d6,https://lda.gov/filings/public/contribution/8b12dda9-50b3-45af-90a3-01d1e22a56d6/print/
Moran,M000934,FINSECA,2022-07-29,3000.00,3000.0,Jerry Moran,2022,Year-End (July 1 - Dec 31),bf0a60b7-8d4e-4b08-a0c5-f241a2c60cd6,https://lda.gov/filings/public/contribution/bf0a60b7-8d4e-4b08-a0c5-f241a2c60cd6/print/
Moran,M000934,FIRST AMERICAN FINANCIAL CORPORATION,2022-07-29,2500.00,2500.0,Sen. Jerry Moran,2022,Year-End (July 1 - Dec 31),b1b62680-8841-4c4b-9fab-a5257bcaadc4,https://lda.gov/filings/public/contribution/b1b62680-8841-4c4b-9fab-a5257bcaadc4/print/
Moran,M000934,APPLE INC.,2022-08-01,1000.00,1000.0,The Honorable Jerry Moran (R-KS),2022,Year-End (July 1 - Dec 31),fbbd91e3-cb18-4777-809a-14c61438ff19,https://lda.gov/filings/public/contribution/fbbd91e3-cb18-4777-809a-14c61438ff19/print/
Moran,M000934,EBAY INC.,2022-08-05,1000.00,1000.0,Senator Jerry Moran,2022,Year-End (July 1 - Dec 31),31a52271-ac05-43df-8e6b-3f1247556e0f,https://lda.gov/filings/public/contribution/31a52271-ac05-43df-8e6b-3f1247556e0f/print/
Moran,M000934,CONSUMER TECHNOLOGY ASSOCIATION,2022-08-11,5000.00,5000.0,Sen. Jerry W. Moran (R),2022,Year-End (July 1 - Dec 31),3431a770-d6ba-4312-a583-83c4383b40ac,https://lda.gov/filings/public/contribution/3431a770-d6ba-4312-a583-83c4383b40ac/print/
Moran,M000934,NATIONAL ASSOCIATION OF MANUFACTURERS,2022-08-24,2000.00,2000.0,Sen. Jerry Moran,2022,Year-End (July 1 - Dec 31),5a68bd6e-2b5f-479f-be02-d1404f860729,https://lda.gov/filings/public/contribution/5a68bd6e-2b5f-479f-be02-d1404f860729/print/
Moran,M000934,AMERICAN LAND TITLE ASSOCIATION,2022-09-07,2500.00,2500.0,Jerry Moran,2022,Year-End (July 1 - Dec 31),275c624c-2023-4c7f-a30b-ca6b31b962d6,https://lda.gov/filings/public/contribution/275c624c-2023-4c7f-a30b-ca6b31b962d6/print/
Moran,M000934,LOWE'S COMPANIES INC.,2022-09-13,2500.00,2500.0,Sen. Jerry W. Moran,2022,Year-End (July 1 - Dec 31),8847573f-5b1c-458c-939b-a16b22c62eb7,https://lda.gov/filings/public/contribution/8847573f-5b1c-458c-939b-a16b22c62eb7/print/
Moran,M000934,ALABAMA FARMERS FEDERATION,2022-09-16,5000.00,5000.0,Jerry Moran,2022,Year-End (July 1 - Dec 31),e894948e-0e73-499d-936b-6cbb3cc0b909,https://lda.gov/filings/public/contribution/e894948e-0e73-499d-936b-6cbb3cc0b909/print/
Moran,M000934,CAPITAL ONE FINANCIAL CORPORATION,2022-09-19,5000.00,5000.0,Jerry Moran,2022,Year-End (July 1 - Dec 31),ee24b240-e183-473e-8b2d-67ce53044a2a,https://lda.gov/filings/public/contribution/ee24b240-e183-473e-8b2d-67ce53044a2a/print/
Moran,M000934,ROCK CENTRAL,2022-09-27,5000.00,5000.0,Senator Jerry Moran,2022,Year-End (July 1 - Dec 31),15c4a453-2354-484a-a4d8-69d86a374f44,https://lda.gov/filings/public/contribution/15c4a453-2354-484a-a4d8-69d86a374f44/print/
Moran,M000934,INTERNATIONAL FRANCHISE ASSOCIATION,2022-09-28,1000.00,1000.0,Jerry Moran,2022,Year-End (July 1 - Dec 31),fea6c79e-67bb-45e1-bdae-021c8acdda96,https://lda.gov/filings/public/contribution/fea6c79e-67bb-45e1-bdae-021c8acdda96/print/
Moran,M000934,MEDICAL PROFESSIONAL LIABILITY ASSOCIATION,2022-09-28,1000.00,1000.0,Sen. Jerry Moran,2022,Year-End (July 1 - Dec 31),ce172e4d-cb3a-49e7-8813-d88cc4341b1a,https://lda.gov/filings/public/contribution/ce172e4d-cb3a-49e7-8813-d88cc4341b1a/print/
Moran,M000934,"ZILLOW GROUP, INC.",2022-10-21,1500.00,1500.0,Sen. Jerry W. Moran,2022,Year-End (July 1 - Dec 31),a7e67814-306a-4384-bc53-df40f644f7f6,https://lda.gov/filings/public/contribution/a7e67814-306a-4384-bc53-df40f644f7f6/print/
Moran,M000934,"SAP AMERICA, INC.",2022-11-02,1000.00,1000.0,Sen. Jerry W. Moran,2022,Year-End (July 1 - Dec 31),a6385da2-365d-4b26-9453-a7af94170aa4,https://lda.gov/filings/public/contribution/a6385da2-365d-4b26-9453-a7af94170aa4/print/
Moran,M000934,THE NONPROFIT ALLIANCE,2022-11-15,500.00,500.0,SEN. JERRY MORAN,2022,Year-End (July 1 - Dec 31),32d731bb-ff0e-4dda-a2d8-65068001e494,https://lda.gov/filings/public/contribution/32d731bb-ff0e-4dda-a2d8-65068001e494/print/
Moran,M000934,CAPITAL ONE FINANCIAL CORPORATION,2023-02-06,2500.00,2500.0,Jerry Moran,2023,Mid-Year (Jan 1 - Jun 30),eaab76dd-2e1d-479b-b3a7-dc1a91dbddb7,https://lda.gov/filings/public/contribution/eaab76dd-2e1d-479b-b3a7-dc1a91dbddb7/print/
Moran,M000934,HONEYWELL INTERNATIONAL,2023-05-18,1000.00,1000.0,Senator Jerry Moran,2023,Mid-Year (Jan 1 - Jun 30),e3973d09-93a4-443d-8e83-3616134a8725,https://lda.gov/filings/public/contribution/e3973d09-93a4-443d-8e83-3616134a8725/print/
Moran,M000934,AMERICAN BANKERS ASSOCIATION,2023-06-23,5000.00,5000.0,Sen Jerry Moran,2023,Mid-Year (Jan 1 - Jun 30),fe31b64c-1451-4a83-8d0a-d16830e8aab1,https://lda.gov/filings/public/contribution/fe31b64c-1451-4a83-8d0a-d16830e8aab1/print/
Moran,M000934,AMAZON.COM SERVICES LLC,2023-07-14,5000.00,5000.0,Sen. Jerry W. Moran,2023,Year-End (July 1 - Dec 31),b0d60f07-36a6-4e84-a833-5985743366a0,https://lda.gov/filings/public/contribution/b0d60f07-36a6-4e84-a833-5985743366a0/print/
Moran,M000934,"GARMIN INTERNATIONAL, INC.",2023-07-18,5000.00,5000.0,Senator Jerry Moran,2023,Year-End (July 1 - Dec 31),4546fc3b-92dd-4a5f-a1ad-44939cc22328,https://lda.gov/filings/public/contribution/4546fc3b-92dd-4a5f-a1ad-44939cc22328/print/
Moran,M000934,AFLAC INCORPORATED,2023-07-20,5000.00,5000.0,Sen. Jerry Moran,2023,Year-End (July 1 - Dec 31),29e3e5ef-2796-4bab-8589-a1e54ccebcf8,https://lda.gov/filings/public/contribution/29e3e5ef-2796-4bab-8589-a1e54ccebcf8/print/
Moran,M000934,"KOCH GOVERNMENT AFFAIRS, LLC",2023-07-24,5000.00,5000.0,Sen. Jerry W. Moran,2023,Year-End (July 1 - Dec 31),8e7b6166-68a9-484e-8303-efe1cf4d2736,https://lda.gov/filings/public/contribution/8e7b6166-68a9-484e-8303-efe1cf4d2736/print/
Moran,M000934,INDEPENDENT INSURANCE AGENTS & BROKERS OF AMERICA,2023-07-27,5000.00,5000.0,Jerry Moran,2023,Year-End (July 1 - Dec 31),8ef9f145-97ad-4514-b0ad-1a642bee49cc,https://lda.gov/filings/public/contribution/8ef9f145-97ad-4514-b0ad-1a642bee49cc/print/
Moran,M000934,THE NONPROFIT ALLIANCE,2023-07-27,1500.00,1500.0,SEN. JERRY MORAN,2023,Year-End (July 1 - Dec 31),08c24bf1-1fbb-41f6-b351-0e39242871c5,https://lda.gov/filings/public/contribution/08c24bf1-1fbb-41f6-b351-0e39242871c5/print/
Moran,M000934,THE NONPROFIT ALLIANCE,2023-07-27,1500.00,1500.0,SEN. JERRY MORAN,2023,Year-End (July 1 - Dec 31),53b98c90-503a-4676-b0ea-0822fec4bfc4,https://lda.gov/filings/public/contribution/53b98c90-503a-4676-b0ea-0822fec4bfc4/print/
Moran,M000934,CONSUMER TECHNOLOGY ASSOCIATION,2023-07-28,5000.00,5000.0,Sen. Jerry W. Moran,2023,Year-End (July 1 - Dec 31),5594c988-d18d-4473-bc6a-cfc7fc39c5df,https://lda.gov/filings/public/contribution/5594c988-d18d-4473-bc6a-cfc7fc39c5df/print/
Moran,M000934,HONEYWELL INTERNATIONAL,2023-07-31,5000.00,5000.0,Jerry Moran,2023,Year-End (July 1 - Dec 31),d0290e25-94af-493c-8592-b2e35b77a549,https://lda.gov/filings/public/contribution/d0290e25-94af-493c-8592-b2e35b77a549/print/
Moran,M000934,FINSECA,2023-08-25,1000.00,1000.0,Jerry Moran,2023,Year-End (July 1 - Dec 31),96eddf35-f8ea-4db6-bac3-61f856cd9cea,https://lda.gov/filings/public/contribution/96eddf35-f8ea-4db6-bac3-61f856cd9cea/print/
Moran,M000934,CAPITAL ONE FINANCIAL CORPORATION,2023-09-18,2500.00,2500.0,Jerry Moran,2023,Year-End (July 1 - Dec 31),9b180124-5680-4bcb-a43f-9ddf6eb8f0dc,https://lda.gov/filings/public/contribution/9b180124-5680-4bcb-a43f-9ddf6eb8f0dc/print/
Moran,M000934,AMERICAN LAND TITLE ASSOCIATION,2023-09-19,2500.00,2500.0,Jerry Moran,2023,Year-End (July 1 - Dec 31),a3441224-976f-4b41-9287-e899aec678de,https://lda.gov/filings/public/contribution/a3441224-976f-4b41-9287-e899aec678de/print/
Moran,M000934,"GARMIN INTERNATIONAL, INC.",2023-09-26,500.00,500.0,Senator Jerry Moran,2023,Year-End (July 1 - Dec 31),e704b408-6d68-448a-8c47-87e69a381700,https://lda.gov/filings/public/contribution/e704b408-6d68-448a-8c47-87e69a381700/print/
Moran,M000934,FIRST AMERICAN FINANCIAL CORPORATION,2023-09-28,1000.00,1000.0,Sen. Jerry Moran,2023,Year-End (July 1 - Dec 31),7dc75ff8-bd1f-4658-84ea-4f0311aa8e94,https://lda.gov/filings/public/contribution/7dc75ff8-bd1f-4658-84ea-4f0311aa8e94/print/
Moran,M000934,APPLE INC.,2023-10-04,1000.00,1000.0,Senator Jerry Moran,2023,Year-End (July 1 - Dec 31),0999a0af-4b1f-4aab-876e-22b52206f9cf,https://lda.gov/filings/public/contribution/0999a0af-4b1f-4aab-876e-22b52206f9cf/print/
Moran,M000934,CHAMBER OF COMMERCE OF THE U.S.A.,2023-10-24,250.00,250.0,Jerry Moran,2023,Year-End (July 1 - Dec 31),15b500f2-ff63-4097-b7e5-a6bc9868ba56,https://lda.gov/filings/public/contribution/15b500f2-ff63-4097-b7e5-a6bc9868ba56/print/
Moran,M000934,CHAMBER OF COMMERCE OF THE U.S.A.,2023-10-26,2500.00,2500.0,Senator Jerry Moran,2023,Year-End (July 1 - Dec 31),4e5f050a-636e-451e-8b1a-a10136f51cfa,https://lda.gov/filings/public/contribution/4e5f050a-636e-451e-8b1a-a10136f51cfa/print/
Moran,M000934,THE HOME DEPOT,2023-12-17,5000.00,5000.0,Sen. Jerry W. Moran,2023,Year-End (July 1 - Dec 31),874060a3-3cd1-42c2-8886-da959d3671c5,https://lda.gov/filings/public/contribution/874060a3-3cd1-42c2-8886-da959d3671c5/print/
Moran,M000934,MORTGAGE BANKERS ASSOCIATION,2023-12-20,5000.00,5000.0,Sen Jerry Moran,2023,Year-End (July 1 - Dec 31),9f985404-b53e-4dd7-b04b-7280daa59aac,https://lda.gov/filings/public/contribution/9f985404-b53e-4dd7-b04b-7280daa59aac/print/
Moran,M000934,AFLAC INCORPORATED,2024-03-21,2500.00,2500.0,Sen. Jerry W. Moran,2024,Mid-Year (Jan 1 - Jun 30),c430dddb-72d1-47d0-a28e-1afec91a6b50,https://lda.gov/filings/public/contribution/c430dddb-72d1-47d0-a28e-1afec91a6b50/print/
Moran,M000934,HONEYWELL INTERNATIONAL,2024-04-09,2500.00,2500.0,Jerry Moran,2024,Mid-Year (Jan 1 - Jun 30),227096b0-5abc-4276-bc3f-f4b4fa0e73c6,https://lda.gov/filings/public/contribution/227096b0-5abc-4276-bc3f-f4b4fa0e73c6/print/
Moran,M000934,APPLE INC.,2024-04-16,500.00,500.0,Senator Jerry Moran,2024,Mid-Year (Jan 1 - Jun 30),1e43734c-c1ac-431c-bbe9-8a14679c5401,https://lda.gov/filings/public/contribution/1e43734c-c1ac-431c-bbe9-8a14679c5401/print/
Moran,M000934,CAPITAL ONE FINANCIAL CORPORATION,2024-05-06,5000.00,5000.0,Jerry Moran,2024,Mid-Year (Jan 1 - Jun 30),3e780ad4-ac2f-430e-a04b-4929e28c5ecc,https://lda.gov/filings/public/contribution/3e780ad4-ac2f-430e-a04b-4929e28c5ecc/print/
Moran,M000934,MORTGAGE BANKERS ASSOCIATION,2024-05-07,5000.00,5000.0,Sen Jerry Moran,2024,Mid-Year (Jan 1 - Jun 30),20e3e019-00a9-4f16-890d-27e6445cb2c4,https://lda.gov/filings/public/contribution/20e3e019-00a9-4f16-890d-27e6445cb2c4/print/
Moran,M000934,"GARMIN INTERNATIONAL, INC.",2024-06-04,5000.00,5000.0,Senator Jerry Moran,2024,Mid-Year (Jan 1 - Jun 30),71829d2a-6a62-4fe1-a7da-783b0900ff93,https://lda.gov/filings/public/contribution/71829d2a-6a62-4fe1-a7da-783b0900ff93/print/
Moran,M000934,ROCK CENTRAL,2024-06-25,2500.00,2500.0,Senator Jerry Moran,2024,Mid-Year (Jan 1 - Jun 30),037907e3-17a2-4b83-9bf7-156399f83417,https://lda.gov/filings/public/contribution/037907e3-17a2-4b83-9bf7-156399f83417/print/
Moran,M000934,"GARMIN INTERNATIONAL, INC.",2024-07-19,500.00,500.0,Senator Jerry Moran,2024,Year-End (July 1 - Dec 31),b9aef742-3319-45c6-89db-c839fad73908,https://lda.gov/filings/public/contribution/b9aef742-3319-45c6-89db-c839fad73908/print/
Moran,M000934,THE NONPROFIT ALLIANCE,2024-07-23,1500.00,1500.0,SEN. JERRY MORAN,2024,Year-End (July 1 - Dec 31),27d20a06-ee37-434d-a6ba-ab95029fbc1b,https://lda.gov/filings/public/contribution/27d20a06-ee37-434d-a6ba-ab95029fbc1b/print/
Moran,M000934,INDEPENDENT INSURANCE AGENTS & BROKERS OF AMERICA,2024-07-30,5000.00,5000.0,Jerry Moran,2024,Year-End (July 1 - Dec 31),6ce77553-d9c7-4410-98f4-91a1dc99206a,https://lda.gov/filings/public/contribution/6ce77553-d9c7-4410-98f4-91a1dc99206a/print/
Moran,M000934,AMERICAN BANKERS ASSOCIATION,2024-08-04,5000.00,5000.0,Sen Jerry Moran,2024,Year-End (July 1 - Dec 31),0badf3cf-1699-42d9-8a19-db80f67e8280,https://lda.gov/filings/public/contribution/0badf3cf-1699-42d9-8a19-db80f67e8280/print/
Moran,M000934,HONEYWELL INTERNATIONAL,2024-10-22,2500.00,2500.0,Jerry Moran,2024,Year-End (July 1 - Dec 31),95b867ef-0998-45f4-8fa3-0f356b33c9c5,https://lda.gov/filings/public/contribution/95b867ef-0998-45f4-8fa3-0f356b33c9c5/print/
Moran,M000934,HONEYWELL INTERNATIONAL,2024-10-22,2500.00,2500.0,Jerry Moran,2024,Year-End (July 1 - Dec 31),7dcabe0d-2a1c-427d-88a0-cc5ee889b1e2,https://lda.gov/filings/public/contribution/7dcabe0d-2a1c-427d-88a0-cc5ee889b1e2/print/
Moran,M000934,AMAZON.COM SERVICES LLC,2024-10-28,2000.00,2000.0,Sen. Jerry W. Moran,2024,Year-End (July 1 - Dec 31),1b686c94-d6a9-4126-8e3e-cc92e67764e5,https://lda.gov/filings/public/contribution/1b686c94-d6a9-4126-8e3e-cc92e67764e5/print/
Moran,M000934,CAPITAL ONE FINANCIAL CORPORATION,2025-03-13,5000.00,5000.0,Jerry Moran,2025,Mid-Year (Jan 1 - Jun 30),43fecb4e-7759-4a78-84a1-e28388ce4311,https://lda.gov/filings/public/contribution/43fecb4e-7759-4a78-84a1-e28388ce4311/print/
Moran,M000934,HONEYWELL INTERNATIONAL,2025-03-25,2000.00,2000.0,Jerry Moran,2025,Mid-Year (Jan 1 - Jun 30),38d8797c-43b5-4c06-95f2-fff50e0a34f6,https://lda.gov/filings/public/contribution/38d8797c-43b5-4c06-95f2-fff50e0a34f6/print/
Moran,M000934,"KOCH GOVERNMENT AFFAIRS, LLC",2025-03-26,2500.00,2500.0,Sen. Jerry Moran,2025,Mid-Year (Jan 1 - Jun 30),9c2db4db-1e6c-4b9c-8c19-1aaaab7d20df,https://lda.gov/filings/public/contribution/9c2db4db-1e6c-4b9c-8c19-1aaaab7d20df/print/
Moran,M000934,MORTGAGE BANKERS ASSOCIATION,2025-03-28,5000.00,5000.0,Sen Jerry Moran,2025,Mid-Year (Jan 1 - Jun 30),e4ba990d-ad76-434b-a64f-fa1f69a0a437,https://lda.gov/filings/public/contribution/e4ba990d-ad76-434b-a64f-fa1f69a0a437/print/
Moran,M000934,HONEYWELL INTERNATIONAL,2025-06-18,1000.00,1000.0,Jerry Moran,2025,Mid-Year (Jan 1 - Jun 30),38d8797c-43b5-4c06-95f2-fff50e0a34f6,https://lda.gov/filings/public/contribution/38d8797c-43b5-4c06-95f2-fff50e0a34f6/print/
Moran,M000934,AMERICAN LAND TITLE ASSOCIATION,2025-06-24,2500.00,2500.0,Sen. Jerry Moran,2025,Mid-Year (Jan 1 - Jun 30),bc06c0a3-7a93-4de7-adb0-0774a409b31e,https://lda.gov/filings/public/contribution/bc06c0a3-7a93-4de7-adb0-0774a409b31e/print/
Moran,M000934,MORTGAGE BANKERS ASSOCIATION,2025-06-26,5000.00,5000.0,Sen Jerry Moran,2025,Mid-Year (Jan 1 - Jun 30),e4ba990d-ad76-434b-a64f-fa1f69a0a437,https://lda.gov/filings/public/contribution/e4ba990d-ad76-434b-a64f-fa1f69a0a437/print/
Moran,M000934,"GARMIN INTERNATIONAL, INC.",2025-07-15,500.00,500.0,Senator Jerry Moran,2025,Year-End (July 1 - Dec 31),30f39298-7634-4e14-a717-7bef21752dd0,https://lda.gov/filings/public/contribution/30f39298-7634-4e14-a717-7bef21752dd0/print/
Moran,M000934,AMERICAN BANKERS ASSOCIATION,2025-07-16,5000.00,5000.0,Sen Jerry Moran,2025,Year-End (July 1 - Dec 31),d75635d1-6ca9-4ca1-91ee-5ddfe80289f3,https://lda.gov/filings/public/contribution/d75635d1-6ca9-4ca1-91ee-5ddfe80289f3/print/
Moran,M000934,"GARMIN INTERNATIONAL, INC.",2025-07-21,5000.00,5000.0,Senator Jerry Moran,2025,Year-End (July 1 - Dec 31),98bd9f5c-cce8-45c9-adb5-2611bf86f701,https://lda.gov/filings/public/contribution/98bd9f5c-cce8-45c9-adb5-2611bf86f701/print/
Moran,M000934,"GARMIN INTERNATIONAL, INC.",2025-07-21,5000.00,5000.0,Senator Jerry Moran,2025,Year-End (July 1 - Dec 31),2591f472-f330-450c-8795-790eeae62b09,https://lda.gov/filings/public/contribution/2591f472-f330-450c-8795-790eeae62b09/print/
Moran,M000934,INDEPENDENT INSURANCE AGENTS & BROKERS OF AMERICA,2025-07-24,5000.00,5000.0,Jerry Moran,2025,Year-End (July 1 - Dec 31),d98065a7-b623-46ae-bb59-f4e3199b6161,https://lda.gov/filings/public/contribution/d98065a7-b623-46ae-bb59-f4e3199b6161/print/
Moran,M000934,HONEYWELL INTERNATIONAL,2025-07-29,2000.00,2000.0,Jerry Moran,2025,Year-End (July 1 - Dec 31),29245931-f5fc-4152-a5c4-aaf2014a7e66,https://lda.gov/filings/public/contribution/29245931-f5fc-4152-a5c4-aaf2014a7e66/print/
Moran,M000934,"KOCH GOVERNMENT AFFAIRS, LLC",2025-08-06,2500.00,2500.0,Sen. Jerry Moran,2025,Year-End (July 1 - Dec 31),6e662a5f-e4d3-4cd3-a29e-421c1c3dbddc,https://lda.gov/filings/public/contribution/6e662a5f-e4d3-4cd3-a29e-421c1c3dbddc/print/
Moran,M000934,"KOCH GOVERNMENT AFFAIRS, LLC",2025-09-18,2500.00,2500.0,Sen. Jerry Moran,2025,Year-End (July 1 - Dec 31),6e662a5f-e4d3-4cd3-a29e-421c1c3dbddc,https://lda.gov/filings/public/contribution/6e662a5f-e4d3-4cd3-a29e-421c1c3dbddc/print/
Moran,M000934,APPLE INC.,2025-10-27,2000.00,2000.0,Senator Jerry Moran,2025,Year-End (July 1 - Dec 31),8e69461e-5e14-45ae-9b8b-dff8a8cdaa10,https://lda.gov/filings/public/contribution/8e69461e-5e14-45ae-9b8b-dff8a8cdaa10/print/
Moran,M000934,FINSECA,2025-11-25,1000.00,1000.0,Jerry Moran,2025,Year-End (July 1 - Dec 31),1b4a625b-f87a-42a2-9391-80ea28a4f49b,https://lda.gov/filings/public/contribution/1b4a625b-f87a-42a2-9391-80ea28a4f49b/print/
Moran,M000934,AMAZON.COM SERVICES LLC,2025-12-02,3000.00,3000.0,Sen. Jerry Moran,2025,Year-End (July 1 - Dec 31),2c970fc6-d190-4a53-8302-d4ae5d9540cd,https://lda.gov/filings/public/contribution/2c970fc6-d190-4a53-8302-d4ae5d9540cd/print/
Schakowsky,S001145,BYTEDANCE INC.,2022-04-04,250.00,250.0,Jan Schakowsky,2022,Mid-Year (Jan 1 - Jun 30),26bd6669-d801-4a9e-b23d-a6b4738dfa13,https://lda.gov/filings/public/contribution/26bd6669-d801-4a9e-b23d-a6b4738dfa13/print/
Schakowsky,S001145,GOOGLE CLIENT SERVICES LLC,2022-04-08,1000.00,1000.0,Rep. Jan Schakowsky,2022,Mid-Year (Jan 1 - Jun 30),8d35acd4-9c6c-4953-8b62-578bc818ef29,https://lda.gov/filings/public/contribution/8d35acd4-9c6c-4953-8b62-578bc818ef29/print/
Schakowsky,S001145,GOOGLE CLIENT SERVICES LLC,2022-05-25,500.00,500.0,Rep. Jan Schakowsky,2022,Mid-Year (Jan 1 - Jun 30),8d35acd4-9c6c-4953-8b62-578bc818ef29,https://lda.gov/filings/public/contribution/8d35acd4-9c6c-4953-8b62-578bc818ef29/print/
Schakowsky,S001145,EBAY INC.,2022-06-06,2500.00,2500.0,Congressmember Janice Schakowsky,2022,Mid-Year (Jan 1 - Jun 30),739336f6-6c4d-49a1-8541-f9b4da853ef0,https://lda.gov/filings/public/contribution/739336f6-6c4d-49a1-8541-f9b4da853ef0/print/
Schakowsky,S001145,TARGET CORPORATION,2022-06-06,2500.00,2500.0,Janice Schakowsky,2022,Mid-Year (Jan 1 - Jun 30),4b9eda30-b8f3-4b2a-ab92-60b2162d2b3b,https://lda.gov/filings/public/contribution/4b9eda30-b8f3-4b2a-ab92-60b2162d2b3b/print/
Schakowsky,S001145,GOOGLE CLIENT SERVICES LLC,2022-06-09,500.00,500.0,Rep. Jan Schakowsky,2022,Mid-Year (Jan 1 - Jun 30),8d35acd4-9c6c-4953-8b62-578bc818ef29,https://lda.gov/filings/public/contribution/8d35acd4-9c6c-4953-8b62-578bc818ef29/print/
Schakowsky,S001145,"MERCARI, INC.",2022-06-23,500.00,500.0,Jan Schakowsky,2022,Mid-Year (Jan 1 - Jun 30),6fc09050-5243-4629-bc83-7258b4a1aab4,https://lda.gov/filings/public/contribution/6fc09050-5243-4629-bc83-7258b4a1aab4/print/
Schakowsky,S001145,COX ENTERPRISES INC.,2022-06-24,1000.00,1000.0,Rep. Janice Schakowsky,2022,Mid-Year (Jan 1 - Jun 30),270e0de8-c3e0-48bb-88d3-61580db661ba,https://lda.gov/filings/public/contribution/270e0de8-c3e0-48bb-88d3-61580db661ba/print/
Schakowsky,S001145,THE HOME DEPOT,2022-08-10,5000.00,5000.0,Rep. Janice D. Schakowsky,2022,Year-End (July 1 - Dec 31),669d958e-e165-428a-8453-f372e286176e,https://lda.gov/filings/public/contribution/669d958e-e165-428a-8453-f372e286176e/print/
Schakowsky,S001145,THE HOME DEPOT,2022-09-28,5000.00,5000.0,Rep. Janice D. Schakowsky,2022,Year-End (July 1 - Dec 31),669d958e-e165-428a-8453-f372e286176e,https://lda.gov/filings/public/contribution/669d958e-e165-428a-8453-f372e286176e/print/
Schakowsky,S001145,TARGET CORPORATION,2023-04-27,5000.00,5000.0,Janice Schakowsky,2023,Mid-Year (Jan 1 - Jun 30),f5533f36-55a0-4efc-934b-52f8f5e2ac34,https://lda.gov/filings/public/contribution/f5533f36-55a0-4efc-934b-52f8f5e2ac34/print/
Schakowsky,S001145,THE HOME DEPOT,2023-05-30,5000.00,5000.0,Rep. Janice D. Schakowsky,2023,Mid-Year (Jan 1 - Jun 30),7f3d6d83-f273-44e2-84d0-7d2f19818a20,https://lda.gov/filings/public/contribution/7f3d6d83-f273-44e2-84d0-7d2f19818a20/print/
Schakowsky,S001145,COX ENTERPRISES INC.,2023-07-19,1000.00,1000.0,Rep. Janice Schakowsky,2023,Year-End (July 1 - Dec 31),63eb1b90-5722-4b42-9e24-c5b24a4ee1f2,https://lda.gov/filings/public/contribution/63eb1b90-5722-4b42-9e24-c5b24a4ee1f2/print/
Schakowsky,S001145,EBAY INC.,2023-07-20,1000.00,1000.0,Janice Schakowsky,2023,Year-End (July 1 - Dec 31),513833ae-aee9-43eb-a0ea-d8afa3c24643,https://lda.gov/filings/public/contribution/513833ae-aee9-43eb-a0ea-d8afa3c24643/print/
Schakowsky,S001145,COX ENTERPRISES INC.,2023-09-13,1000.00,1000.0,Rep. Janice Schakowsky,2023,Year-End (July 1 - Dec 31),63eb1b90-5722-4b42-9e24-c5b24a4ee1f2,https://lda.gov/filings/public/contribution/63eb1b90-5722-4b42-9e24-c5b24a4ee1f2/print/
Schakowsky,S001145,THE HOME DEPOT,2023-12-17,2500.00,2500.0,Rep. Janice D. Schakowsky,2023,Year-End (July 1 - Dec 31),874060a3-3cd1-42c2-8886-da959d3671c5,https://lda.gov/filings/public/contribution/874060a3-3cd1-42c2-8886-da959d3671c5/print/
Schakowsky,S001145,GRUBHUB HOLDINGS INC.,2024-01-23,500.00,500.0,Rep. Jan Schakowsky,2024,Mid-Year (Jan 1 - Jun 30),3827f5e7-8b42-4f60-83d8-d17ef231c067,https://lda.gov/filings/public/contribution/3827f5e7-8b42-4f60-83d8-d17ef231c067/print/
Schakowsky,S001145,"LUMEN TECHNOLOGIES, INC.",2024-03-07,1000.00,1000.0,Jan Schakowsky,2024,Mid-Year (Jan 1 - Jun 30),bb1a91a3-354e-48d0-8183-d10d7833110c,https://lda.gov/filings/public/contribution/bb1a91a3-354e-48d0-8183-d10d7833110c/print/
Schakowsky,S001145,ALLSTATE INSURANCE COMPANY,2024-03-13,3500.00,3500.0,Rep. Janice D. Schakowsky,2024,Mid-Year (Jan 1 - Jun 30),d50b3e7f-0d43-4a3b-978e-4c0b743fea0f,https://lda.gov/filings/public/contribution/d50b3e7f-0d43-4a3b-978e-4c0b743fea0f/print/
Schakowsky,S001145,PARAMOUNT SKYDANCE CORPORATION (FKA PARAMOUNT GLOBAL),2024-03-14,1000.00,1000.0,Rep. Jan Schakowsky,2024,Mid-Year (Jan 1 - Jun 30),71c26b36-7ae7-4942-9752-bee84e42c1a3,https://lda.gov/filings/public/contribution/71c26b36-7ae7-4942-9752-bee84e42c1a3/print/
Schakowsky,S001145,"SAP AMERICA, INC.",2024-06-25,1000.00,1000.0,Rep. Janice D. Schakowsky,2024,Mid-Year (Jan 1 - Jun 30),14b7d384-dbd8-4e65-b3bf-5ace6a863c5e,https://lda.gov/filings/public/contribution/14b7d384-dbd8-4e65-b3bf-5ace6a863c5e/print/
Schakowsky,S001145,TRANS UNION LLC,2024-09-12,1000.00,1000.0,Rep. Jan Schakowsky,2024,Year-End (July 1 - Dec 31),70af65a8-ebd4-4fdf-b01d-15723986c15b,https://lda.gov/filings/public/contribution/70af65a8-ebd4-4fdf-b01d-15723986c15b/print/
Schakowsky,S001145,GOOGLE CLIENT SERVICES LLC,2024-09-13,1000.00,1000.0,Rep. Jan Schakowsky,2024,Year-End (July 1 - Dec 31),7e39679c-3d35-4a91-b3db-4779c580ae15,https://lda.gov/filings/public/contribution/7e39679c-3d35-4a91-b3db-4779c580ae15/print/
Schakowsky,S001145,COX ENTERPRISES INC.,2025-02-24,1000.00,1000.0,Janice Schakowsky,2025,Mid-Year (Jan 1 - Jun 30),1c54fd69-4507-44ae-80b3-fc4f500b64e9,https://lda.gov/filings/public/contribution/1c54fd69-4507-44ae-80b3-fc4f500b64e9/print/
Schakowsky,S001145,ALLSTATE INSURANCE COMPANY,2025-03-11,2500.00,2500.0,Rep Jan Schakowsky,2025,Mid-Year (Jan 1 - Jun 30),42767887-2fcb-434d-94b8-5451188341d0,https://lda.gov/filings/public/contribution/42767887-2fcb-434d-94b8-5451188341d0/print/
Trahan,T000482,THE PROCTER AND GAMBLE COMPANY,2022-09-27,2000.00,2000.0,Rep. Lori Loureiro Trahan,2022,Year-End (July 1 - Dec 31),a681eff6-f403-4f46-af1e-a6ccd085db15,https://lda.gov/filings/public/contribution/a681eff6-f403-4f46-af1e-a6ccd085db15/print/
Trahan,T000482,FINSECA,2022-10-17,1000.00,1000.0,Lori Trahan,2022,Year-End (July 1 - Dec 31),bf0a60b7-8d4e-4b08-a0c5-f241a2c60cd6,https://lda.gov/filings/public/contribution/bf0a60b7-8d4e-4b08-a0c5-f241a2c60cd6/print/
Trahan,T000482,FINSECA,2022-11-04,1500.00,1500.0,Lori Trahan,2022,Year-End (July 1 - Dec 31),bf0a60b7-8d4e-4b08-a0c5-f241a2c60cd6,https://lda.gov/filings/public/contribution/bf0a60b7-8d4e-4b08-a0c5-f241a2c60cd6/print/
Trahan,T000482,AMEREN SERVICES,2023-05-14,250.00,250.0,Lori Trahan,2023,Mid-Year (Jan 1 - Jun 30),8e16ebfe-cf1c-44a8-9efd-4195f18eee16,https://lda.gov/filings/public/contribution/8e16ebfe-cf1c-44a8-9efd-4195f18eee16/print/
Trahan,T000482,AMEREN SERVICES,2023-05-14,250.00,250.0,Lori Trahan,2023,Mid-Year (Jan 1 - Jun 30),772c0188-8a16-48ab-8f21-9aa346e3411f,https://lda.gov/filings/public/contribution/772c0188-8a16-48ab-8f21-9aa346e3411f/print/
Trahan,T000482,AMEREN SERVICES,2023-05-14,500.00,500.0,Lori Trahan,2023,Mid-Year (Jan 1 - Jun 30),3e8cc7df-75bf-4fa7-aaf9-bf88e9a96aaf,https://lda.gov/filings/public/contribution/3e8cc7df-75bf-4fa7-aaf9-bf88e9a96aaf/print/
Trahan,T000482,AFLAC INCORPORATED,2023-07-20,2500.00,2500.0,Rep. Lori Trahan,2023,Year-End (July 1 - Dec 31),29e3e5ef-2796-4bab-8589-a1e54ccebcf8,https://lda.gov/filings/public/contribution/29e3e5ef-2796-4bab-8589-a1e54ccebcf8/print/
Trahan,T000482,GOOGLE CLIENT SERVICES LLC,2023-09-08,1000.00,1000.0,Rep. Lori Trahan,2023,Year-End (July 1 - Dec 31),ea995f73-c848-4867-8cf6-0aef9a8f428a,https://lda.gov/filings/public/contribution/ea995f73-c848-4867-8cf6-0aef9a8f428a/print/
Trahan,T000482,AFLAC INCORPORATED,2023-10-19,1000.00,1000.0,Rep. Lori Trahan,2023,Year-End (July 1 - Dec 31),29e3e5ef-2796-4bab-8589-a1e54ccebcf8,https://lda.gov/filings/public/contribution/29e3e5ef-2796-4bab-8589-a1e54ccebcf8/print/
Trahan,T000482,THE PROCTER AND GAMBLE COMPANY,2023-12-06,1000.00,1000.0,Rep. Lori Loureiro Trahan,2023,Year-End (July 1 - Dec 31),4a2ae7cb-f145-4faa-978f-c366db0f534a,https://lda.gov/filings/public/contribution/4a2ae7cb-f145-4faa-978f-c366db0f534a/print/
Trahan,T000482,NATIONAL ASSOCIATION OF MUTUAL INSURANCE COMPANIES,2024-04-14,1000.00,1000.0,Rep Lori Trahan,2024,Mid-Year (Jan 1 - Jun 30),5012d220-0e5d-4961-ad17-ba5bc5689cc5,https://lda.gov/filings/public/contribution/5012d220-0e5d-4961-ad17-ba5bc5689cc5/print/
Trahan,T000482,"INTUIT, INC. AND AFFILIATES (FORMERLY INTUIT, INC.)",2024-06-25,1000.00,1000.0,Rep. Lori Loureiro Trahan,2024,Mid-Year (Jan 1 - Jun 30),0d04f756-c6e0-4b5b-96c8-df57cca2fc09,https://lda.gov/filings/public/contribution/0d04f756-c6e0-4b5b-96c8-df57cca2fc09/print/
Trahan,T000482,GOOGLE CLIENT SERVICES LLC,2024-07-31,5000.00,5000.0,Rep. Lori Trahan,2024,Year-End (July 1 - Dec 31),7e39679c-3d35-4a91-b3db-4779c580ae15,https://lda.gov/filings/public/contribution/7e39679c-3d35-4a91-b3db-4779c580ae15/print/
Trahan,T000482,AFLAC INCORPORATED,2024-08-19,2500.00,2500.0,Rep. Lori Loureiro Trahan,2024,Year-End (July 1 - Dec 31),643a17b5-93ff-4023-b29d-a8e522f45c0f,https://lda.gov/filings/public/contribution/643a17b5-93ff-4023-b29d-a8e522f45c0f/print/
Trahan,T000482,FINSECA,2024-08-30,2500.00,2500.0,Lori Trahan,2024,Year-End (July 1 - Dec 31),c376b299-49e6-4344-a416-353373d3dd05,https://lda.gov/filings/public/contribution/c376b299-49e6-4344-a416-353373d3dd05/print/
Trahan,T000482,FINSECA,2024-10-31,1500.00,1500.0,Lori Trahan,2024,Year-End (July 1 - Dec 31),c376b299-49e6-4344-a416-353373d3dd05,https://lda.gov/filings/public/contribution/c376b299-49e6-4344-a416-353373d3dd05/print/
Trahan,T000482,SPOTIFY USA INC.,2025-02-26,500.00,500.0,LORI TRAHAN,2025,Mid-Year (Jan 1 - Jun 30),482eeadb-d5a4-4214-bb16-d3445de8452c,https://lda.gov/filings/public/contribution/482eeadb-d5a4-4214-bb16-d3445de8452c/print/
Trahan,T000482,AFLAC INCORPORATED,2025-03-20,2500.00,2500.0,Rep. Lori Trahan,2025,Mid-Year (Jan 1 - Jun 30),8dcb1127-5a63-47a5-8102-23adadfe4bbc,https://lda.gov/filings/public/contribution/8dcb1127-5a63-47a5-8102-23adadfe4bbc/print/
Trahan,T000482,"MEDTRONIC, INC.",2025-03-25,1000.00,1000.0,Lori Trahan,2025,Mid-Year (Jan 1 - Jun 30),ff4d9e69-9078-4231-9ecf-623732db873b,https://lda.gov/filings/public/contribution/ff4d9e69-9078-4231-9ecf-623732db873b/print/
Trahan,T000482,GOOGLE CLIENT SERVICES LLC,2025-03-28,5000.00,5000.0,Rep. Lori Trahan,2025,Mid-Year (Jan 1 - Jun 30),bd034571-ccfd-4eaf-a175-f5d1a1e37d1e,https://lda.gov/filings/public/contribution/bd034571-ccfd-4eaf-a175-f5d1a1e37d1e/print/
Trahan,T000482,SENTRY INSURANCE COMPANY (FORMERLY SENTRY INSURANCE A MUTUAL COMPANY),2025-05-06,2500.00,2500.0,Congresswoman Lori Trahan,2025,Mid-Year (Jan 1 - Jun 30),b401de2b-6b38-48e7-aa03-df403bdc02ed,https://lda.gov/filings/public/contribution/b401de2b-6b38-48e7-aa03-df403bdc02ed/print/
Trahan,T000482,AFLAC INCORPORATED,2025-05-22,2500.00,2500.0,Rep. Lori Trahan,2025,Mid-Year (Jan 1 - Jun 30),8dcb1127-5a63-47a5-8102-23adadfe4bbc,https://lda.gov/filings/public/contribution/8dcb1127-5a63-47a5-8102-23adadfe4bbc/print/
Trahan,T000482,INDEPENDENT INSURANCE AGENTS & BROKERS OF AMERICA,2025-06-02,2500.00,2500.0,Lori Trahan,2025,Mid-Year (Jan 1 - Jun 30),b655e396-64bc-4dd9-ad1d-7d5e83e73aa4,https://lda.gov/filings/public/contribution/b655e396-64bc-4dd9-ad1d-7d5e83e73aa4/print/
Trahan,T000482,COX ENTERPRISES INC.,2025-06-23,2500.00,2500.0,Lori Trahan,2025,Mid-Year (Jan 1 - Jun 30),1c54fd69-4507-44ae-80b3-fc4f500b64e9,https://lda.gov/filings/public/contribution/1c54fd69-4507-44ae-80b3-fc4f500b64e9/print/
Trahan,T000482,"INTUIT, INC. AND AFFILIATES (FORMERLY INTUIT, INC.)",2025-07-31,1000.00,1000.0,Rep. Lori Trahan,2025,Year-End (July 1 - Dec 31),3c1c3690-9762-4125-839f-4f895a2ccce7,https://lda.gov/filings/public/contribution/3c1c3690-9762-4125-839f-4f895a2ccce7/print/
Trahan,T000482,"MEDTRONIC, INC.",2025-09-19,1000.00,1000.0,Lori Trahan,2025,Year-End (July 1 - Dec 31),d70bb3de-8ec5-4bc5-a183-efc34a53a573,https://lda.gov/filings/public/contribution/d70bb3de-8ec5-4bc5-a183-efc34a53a573/print/
Trahan,T000482,COX ENTERPRISES INC.,2025-11-13,1000.00,1000.0,Lori Trahan,2025,Year-End (July 1 - Dec 31),13744c25-efb9-4c3a-9910-007a7238cb1d,https://lda.gov/filings/public/contribution/13744c25-efb9-4c3a-9910-007a7238cb1d/print/
Trahan,T000482,"NORTH AMERICAN SUBARU, INC.",2025-12-22,1000.00,1000.0,Rep. Lori Trahan,2025,Year-End (July 1 - Dec 31),aa750c4c-5be1-4e10-a381-d539066fd1df,https://lda.gov/filings/public/contribution/aa750c4c-5be1-4e10-a381-d539066fd1df/print/
