pair,score,n_contribs_in_window,tightest_gap_days,pair_total_usd,n_contribs_total,member,party,state,entity_id,bioguide
GENERAL DYNAMICS CORPORATION -> Joe Courtney,38500.0,16,1.0,43000.0,18,Joe Courtney,Democrat,CT,1201,C001069
"NATIONAL SHOOTING SPORTS FOUNDATION, INC. -> Richard Hudson",30000.0,6,6.0,37000.0,9,Richard Hudson,Republican,NC,402,H001067
MICROSOFT CORPORATION -> Mark R. Warner,28500.0,7,6.0,28500.0,7,Mark R. Warner,Democrat,VA,1875,W000805
GENERAL MOTORS COMPANY -> Charles E. Schumer,22500.0,5,3.0,22500.0,5,Charles E. Schumer,Democrat,NY,1208,S000148
"AMAZON.COM SERVICES, INC. -> Mark R. Warner",20000.0,5,5.0,38200.0,15,Mark R. Warner,Democrat,VA,1225,W000805
GENERAL DYNAMICS CORPORATION -> Jack Reed,19000.0,7,4.0,32000.0,13,Jack Reed,Democrat,RI,1201,R000122
BOEING COMPANY -> Rick Larsen,18500.0,8,5.0,37500.0,13,Rick Larsen,Democrat,WA,1942,L000560
"TRANSPORT WORKERS UNION OF AMERICA, AFL-CIO -> Michael Lawler",18000.0,5,11.0,20000.0,6,Michael Lawler,Republican,NY,61,L000599
CREDIT UNION NATIONAL ASSOCIATION. INC. DBA AMERICA'S CREDIT UNIONS -> Scott Fitzgerald,17500.0,6,2.0,24000.0,9,Scott Fitzgerald,Republican,WI,200,F000471
COMCAST CORPORATION -> Doris O. Matsui,16500.0,7,6.0,36000.0,15,Doris O. Matsui,Democrat,CA,1874,M001163
PACIFIC GAS AND ELECTRIC COMPANY (FORMERLY PG&E CORPORATION) -> Mike Thompson,16500.0,5,20.0,38000.0,13,Mike Thompson,Democrat,CA,379,T000460
EXXON MOBIL CORPORATION -> Lisa Murkowski,16250.0,4,19.0,17750.0,6,Lisa Murkowski,Republican,AK,1285,M001153
CORNING INCORPORATED -> Charles E. Schumer,15000.0,3,0.0,20000.0,4,Charles E. Schumer,Democrat,NY,1946,S000148
BOEING COMPANY -> Jerry Moran,15000.0,7,2.0,23500.0,11,Jerry Moran,Republican,KS,1942,M000934
BOEING COMPANY -> Lindsey Graham,15000.0,3,10.0,35500.0,15,Lindsey Graham,Republican,SC,1942,G000359
SPACE EXPLORATION TECHNOLOGIES CORPORATION -> Ted Cruz,15000.0,1,19.0,30000.0,2,Ted Cruz,Republican,TX,651,C001098
GENERAL DYNAMICS CORPORATION -> Richard E. Neal,14000.0,5,15.0,37000.0,13,Richard E. Neal,Democrat,MA,1201,N000015
"AMERICAN AIRLINES INC (FORMERLY REPORTED AS ""AMERICAN AIRLINES"") -> Jerry Moran",13500.0,4,5.0,18500.0,5,Jerry Moran,Republican,KS,1202,M000934
"MICROSOFT CORPORATION -> Angus S. King, Jr.",12500.0,4,4.0,30000.0,8,"Angus S. King, Jr.",Independent,ME,1875,K000383
AMERICAN OPTOMETRIC ASSOCIATION -> Guy Reschenthaler,12500.0,3,6.0,35000.0,11,Guy Reschenthaler,Republican,PA,660,R000610
"TRANSPORT WORKERS UNION OF AMERICA, AFL-CIO -> Christopher R. Deluzio",12500.0,5,11.0,20000.0,8,Christopher R. Deluzio,Democrat,PA,61,D000530
PACIFIC GAS AND ELECTRIC COMPANY (FORMERLY PG&E CORPORATION) -> Salud O. Carbajal,12500.0,5,20.0,33000.0,12,Salud O. Carbajal,Democrat,CA,379,C001112
NORFOLK SOUTHERN CORPORATION -> Terri A. Sewell,12000.0,4,1.0,16000.0,5,Terri A. Sewell,Democrat,AL,1256,S001185
"AMAZON.COM SERVICES, INC. -> Tim Kaine",11700.0,9,7.0,22250.0,12,Tim Kaine,Democrat,VA,1225,K000384
NATIONAL AIR TRAFFIC CONTROLLERS ASSOCIATION -> Sean Casten,11000.0,4,0.0,11000.0,4,Sean Casten,Democrat,IL,157,C001117
NORTHROP GRUMMAN CORPORATION -> John Hoeven,11000.0,5,8.0,21000.0,8,John Hoeven,Republican,ND,1372,H001061
MICROSOFT CORPORATION -> Tammy Baldwin,11000.0,3,35.0,32000.0,9,Tammy Baldwin,Democrat,WI,1875,B001230
NATIONAL MINING ASSOCIATION -> John Barrasso,10800.0,4,27.0,21300.0,10,John Barrasso,Republican,WY,674,B001261
BNSF RAILWAY COMPANY -> Kevin Cramer,10500.0,3,3.0,17500.0,7,Kevin Cramer,Republican,ND,1322,C001096
BNSF RAILWAY COMPANY -> John Hoeven,10500.0,3,8.0,18000.0,5,John Hoeven,Republican,ND,1322,H001061
AMERICAN OPTOMETRIC ASSOCIATION -> Kevin Cramer,10000.0,2,0.0,29500.0,7,Kevin Cramer,Republican,ND,660,C001096
ALZHEIMER'S ASSOCIATION -> Shelley Moore Capito,10000.0,2,2.0,10000.0,2,Shelley Moore Capito,Republican,WV,1340,C001047
GENERAL DYNAMICS CORPORATION -> Kevin Cramer,10000.0,5,2.0,22500.0,13,Kevin Cramer,Republican,ND,1201,C001096
BNSF RAILWAY COMPANY -> Troy E. Nehls,10000.0,5,5.0,17000.0,10,Troy E. Nehls,Republican,TX,1322,N000026
"SAMSUNG ELECTRONICS AMERICA, INC. -> Michael T. McCaul",10000.0,2,5.0,19000.0,4,Michael T. McCaul,Republican,TX,642,M001157
GENERAL MOTORS COMPANY -> Gary C. Peters,10000.0,3,7.0,15000.0,4,Gary C. Peters,Democrat,MI,1208,P000595
"TRANSPORT WORKERS UNION OF AMERICA, AFL-CIO -> Donald Norcross",10000.0,2,7.0,30000.0,6,Donald Norcross,Democrat,NJ,61,N000188
SPACE EXPLORATION TECHNOLOGIES CORPORATION -> Vince Fong,10000.0,2,8.0,22500.0,5,Vince Fong,Republican,CA,651,F000480
CSX CORPORATION -> Mark R. Warner,10000.0,2,10.0,22500.0,5,Mark R. Warner,Democrat,VA,1959,W000805
MICROSOFT CORPORATION -> Bennie G. Thompson,10000.0,2,10.0,20000.0,6,Bennie G. Thompson,Democrat,MS,1875,T000193
BOEING COMPANY -> Katie Boyd Britt,10000.0,2,12.0,23000.0,7,Katie Boyd Britt,Republican,AL,1942,B001319
GENERAL ATOMICS -> Kevin Cramer,10000.0,4,12.0,20500.0,7,Kevin Cramer,Republican,ND,1257,C001096
"AMAZON.COM SERVICES, INC. -> Ron Wyden",10000.0,2,12.0,20500.0,5,Ron Wyden,Democrat,OR,1225,W000779
"T-MOBILE USA, INC. -> Doris O. Matsui",10000.0,2,14.0,31500.0,11,Doris O. Matsui,Democrat,CA,615,M001163
NCTA - THE INTERNET & TELEVISION ASSOCIATION (FKA NAT'L CABLE & TELECOM ASSOC.) -> John Thune,10000.0,2,15.0,20000.0,4,John Thune,Republican,SD,75,T000250
MICROSOFT CORPORATION -> Tom Cotton,10000.0,2,18.0,10000.0,2,Tom Cotton,Republican,AR,1875,C001095
BNSF RAILWAY COMPANY -> Rick Larsen,10000.0,4,21.0,15000.0,7,Rick Larsen,Democrat,WA,1322,L000560
"ELEVANCE HEALTH, INC. (FORMERLY REPORTED AS ANTHEM, INC.) -> Angus S. King, Jr.",10000.0,2,27.0,35000.0,8,"Angus S. King, Jr.",Independent,ME,1249,K000383
ELI LILLY AND COMPANY -> Todd Young,10000.0,2,27.0,20000.0,5,Todd Young,Republican,IN,622,Y000064
VERIZON COMMUNICATIONS INC. AND VARIOUS SUBSIDIARIES -> Charles E. Schumer,10000.0,2,28.0,20000.0,4,Charles E. Schumer,Democrat,NY,635,S000148
CREDIT UNION NATIONAL ASSOCIATION. INC. DBA AMERICA'S CREDIT UNIONS -> Andy Barr,10000.0,2,28.0,40000.0,8,Andy Barr,Republican,KY,200,B001282
"L3HARRIS TECHNOLOGIES, INC. -> Charles E. Schumer",10000.0,2,42.0,25000.0,5,Charles E. Schumer,Democrat,NY,1774,S000148
AMERICAN HOTEL & LODGING ASSOCIATION -> Darin LaHood,10000.0,2,42.0,20000.0,5,Darin LaHood,Republican,IL,156,L000585
AMERICAN ISRAEL PUBLIC AFFAIRS COMMITTEE -> Brian K. Fitzpatrick,10000.0,2,42.0,25000.0,6,Brian K. Fitzpatrick,Republican,PA,145,F000466
"NATIONAL SHOOTING SPORTS FOUNDATION, INC. -> Tom Emmer",10000.0,2,54.0,10000.0,2,Tom Emmer,Republican,MN,402,E000294
CREDIT UNION NATIONAL ASSOCIATION. INC. DBA AMERICA'S CREDIT UNIONS -> Juan Vargas,9500.0,3,13.0,21000.0,7,Juan Vargas,Democrat,CA,200,V000130
ELI LILLY AND COMPANY -> Tim Kaine,9000.0,2,49.0,28500.0,10,Tim Kaine,Democrat,VA,622,K000384
BOEING COMPANY -> Mark R. Warner,8500.0,5,14.0,43000.0,32,Mark R. Warner,Democrat,VA,1942,W000805
NCTA - THE INTERNET & TELEVISION ASSOCIATION (FKA NAT'L CABLE & TELECOM ASSOC.) -> Kat Cammack,8500.0,3,26.0,16000.0,5,Kat Cammack,Republican,FL,75,C001039
BOEING COMPANY -> Wesley Bell,8450.0,6,11.0,21950.0,11,Wesley Bell,Democrat,MO,1942,B001324
"ENTERGY SERVICES, LLC -> Troy A. Carter",8350.0,7,20.0,44200.0,24,Troy A. Carter,Democrat,LA,1231,C001125
"AMAZON.COM SERVICES, INC. -> Tammy Baldwin",8000.0,4,3.0,18000.0,8,Tammy Baldwin,Democrat,WI,1225,B001230
LOCKHEED MARTIN CORPORATION -> Rosa L. DeLauro,8000.0,7,5.0,8000.0,7,Rosa L. DeLauro,Democrat,CT,1221,D000216
AMERICAN ISRAEL PUBLIC AFFAIRS COMMITTEE -> Bradley Scott Schneider,7900.0,2,31.0,27100.0,8,Bradley Scott Schneider,Democrat,IL,145,S001190
AMERICAN ISRAEL PUBLIC AFFAIRS COMMITTEE -> Ronny Jackson,7900.0,2,32.0,27900.0,6,Ronny Jackson,Republican,TX,145,J000304
CNX RESOURCES CORPORATION -> Carol D. Miller,7500.0,2,0.0,10000.0,3,Carol D. Miller,Republican,WV,1323,M001205
"BAE SYSTEMS, INC. -> Scott H. Peters",7500.0,2,4.0,28500.0,12,Scott H. Peters,Democrat,CA,1304,P000608
CREDIT UNION NATIONAL ASSOCIATION. INC. DBA AMERICA'S CREDIT UNIONS -> Joyce Beatty,7500.0,3,5.0,25000.0,8,Joyce Beatty,Democrat,OH,200,B001281
AMERICAN CLEAN POWER ASSOCIATION -> John R. Curtis,7500.0,2,6.0,15000.0,5,John R. Curtis,Republican,UT,331,C001114
CREDIT UNION NATIONAL ASSOCIATION. INC. DBA AMERICA'S CREDIT UNIONS -> Mike Crapo,7500.0,2,8.0,17500.0,4,Mike Crapo,Republican,ID,200,C000880
NCTA - THE INTERNET & TELEVISION ASSOCIATION (FKA NAT'L CABLE & TELECOM ASSOC.) -> Doris O. Matsui,7500.0,2,9.0,35500.0,11,Doris O. Matsui,Democrat,CA,75,M001163
MICROSOFT CORPORATION -> Jeanne Shaheen,7500.0,2,15.0,27500.0,6,Jeanne Shaheen,Democrat,NH,1875,S001181
AMERICAN HOTEL & LODGING ASSOCIATION -> Margaret Wood Hassan,7500.0,2,17.0,22500.0,7,Margaret Wood Hassan,Democrat,NH,156,H001076
"NATIONAL SHOOTING SPORTS FOUNDATION, INC. -> John Barrasso",7500.0,2,21.0,23500.0,7,John Barrasso,Republican,WY,402,B001261
UNION PACIFIC CORPORATION -> Pete Ricketts,7500.0,3,24.0,28500.0,8,Pete Ricketts,Republican,NE,1465,R000618
GENERAL DYNAMICS CORPORATION -> Mazie K. Hirono,7000.0,3,6.0,29000.0,11,Mazie K. Hirono,Democrat,HI,1201,H001042
UNION PACIFIC CORPORATION -> Mike Quigley,7000.0,4,29.0,16500.0,10,Mike Quigley,Democrat,IL,1465,Q000023
BOEING COMPANY -> Richard E. Neal,6500.0,2,13.0,23500.0,12,Richard E. Neal,Democrat,MA,1942,N000015
GENERAL ATOMICS -> John Hoeven,6500.0,2,13.0,20000.0,6,John Hoeven,Republican,ND,1257,H001061
"GENENTECH, INC. -> Ruben Gallego",6500.0,2,34.0,7500.0,3,Ruben Gallego,Democrat,AZ,1877,G000574
ALLIANT ENERGY CORPORATION -> Tammy Baldwin,6500.0,2,43.0,8500.0,4,Tammy Baldwin,Democrat,WI,1373,B001230
LEAGUE OF CONSERVATION VOTERS -> Mike Levin,6400.870000000001,7,3.0,18030.61,21,Mike Levin,Democrat,CA,508,L000593
RECORDING INDUSTRY ASSOCIATION OF AMERICA INC -> Darrell Issa,6300.0,3,17.0,14300.0,9,Darrell Issa,Republican,CA,151,I000056
BOEING COMPANY -> Shelley Moore Capito,6000.0,2,0.0,22500.0,11,Shelley Moore Capito,Republican,WV,1942,C001047
NATIONAL ASSOCIATION OF BROADCASTERS -> Ted Cruz,6000.0,3,7.0,29500.0,10,Ted Cruz,Republican,TX,325,C001098
CSX CORPORATION -> Richard E. Neal,6000.0,2,17.0,9000.0,4,Richard E. Neal,Democrat,MA,1959,N000015
NAREIT -> Thom Tillis,6000.0,2,17.0,6000.0,2,Thom Tillis,Republican,NC,1940,T000476
"ALASKA AIRLINES, INC. -> Dan Sullivan",6000.0,2,27.0,12500.0,5,Dan Sullivan,Republican,AK,1337,S001198
"APPLIED MATERIALS, INC. -> Charles E. Schumer",5800.0,1,9.0,5800.0,1,Charles E. Schumer,Democrat,NY,1265,S000148
LEAGUE OF CONSERVATION VOTERS -> Martin Heinrich,5664.77,6,7.0,14188.3,15,Martin Heinrich,Democrat,NM,508,H001046
"HUNTINGTON INGALLS INDUSTRIES, INC. (FKA HUNTINGTON INGALLS INCORPORATED) -> Tim Kaine",5500.0,2,5.0,31500.0,11,Tim Kaine,Democrat,VA,697,K000384
"TRANSPORT WORKERS UNION OF AMERICA, AFL-CIO -> Maxwell Frost",5500.0,3,11.0,25000.0,9,Maxwell Frost,Democrat,FL,61,F000476
WALMART INC. -> Katherine M. Clark,5500.0,2,13.0,22500.0,9,Katherine M. Clark,Democrat,MA,1881,C001101
"AXON ENTERPRISE, INC. -> Scott Fitzgerald",5500.0,5,13.0,11000.0,9,Scott Fitzgerald,Republican,WI,1244,F000471
AMERICAN ACADEMY OF PHYSICIAN ASSOCIATES -> John Barrasso,5500.0,2,21.0,5500.0,2,John Barrasso,Republican,WY,288,B001261
"UNION PACIFIC CORPORATION -> Eric A. ""Rick"" Crawford",5250.0,2,35.0,28750.0,12,"Eric A. ""Rick"" Crawford",Republican,AR,1465,C001087
ALZHEIMER'S ASSOCIATION -> Paul Tonko,5103.45,3,3.0,11603.45,6,Paul Tonko,Democrat,NY,1340,T000469
AMERICAN ASSOCIATION OF NURSE PRACTITIONERS -> Adrian Smith,5000.0,1,0.0,17500.0,4,Adrian Smith,Republican,NE,305,S001172
BOEING COMPANY -> Chrissy Houlahan,5000.0,5,1.0,6250.0,7,Chrissy Houlahan,Democrat,PA,1942,H001085
"ENTERGY SERVICES, LLC -> Ted Cruz",5000.0,2,1.0,5000.0,2,Ted Cruz,Republican,TX,1231,C001098
NATIONAL THOROUGHBRED RACING ASSOCIATION -> Andy Barr,5000.0,1,1.0,30000.0,7,Andy Barr,Republican,KY,434,B001282
ASTRAZENECA PHARMACEUTICALS LP -> Bill Cassidy,5000.0,2,2.0,19000.0,8,Bill Cassidy,Republican,LA,1329,C001075
"NOVO NORDISK, INC. -> Bill Cassidy",5000.0,1,2.0,5000.0,1,Bill Cassidy,Republican,LA,1215,C001075
AMERICAN OPTOMETRIC ASSOCIATION -> Yvette D. Clarke,5000.0,1,2.0,37500.0,8,Yvette D. Clarke,Democrat,NY,660,C001067
NCTA - THE INTERNET & TELEVISION ASSOCIATION (FKA NAT'L CABLE & TELECOM ASSOC.) -> John Barrasso,5000.0,1,2.0,17500.0,4,John Barrasso,Republican,WY,75,B001261
BOEING COMPANY -> Tim Scott,5000.0,1,3.0,5000.0,1,Tim Scott,Republican,SC,1942,S001184
"AMAZON.COM SERVICES, INC. -> Jeanne Shaheen",5000.0,1,3.0,7750.0,3,Jeanne Shaheen,Democrat,NH,1225,S001181
AMERICAN ISRAEL PUBLIC AFFAIRS COMMITTEE -> Kevin Cramer,5000.0,1,3.0,10000.0,2,Kevin Cramer,Republican,ND,145,C001096
MICROSOFT CORPORATION -> Brian Schatz,5000.0,1,4.0,18000.0,5,Brian Schatz,Democrat,HI,1875,S001194
CAMBIA HEALTH SOLUTIONS (FORMERLY KNOWN AS THE REGENCE GROUP) -> Patty Murray,5000.0,1,4.0,10500.0,3,Patty Murray,Democrat,WA,933,M001111
"AMERICAN OPTOMETRIC ASSOCIATION -> Earl L. ""Buddy"" Carter",5000.0,1,4.0,41000.0,12,"Earl L. ""Buddy"" Carter",Republican,GA,660,C001103
AMERICAN ASSOCIATION OF NURSE PRACTITIONERS -> Suzanne Bonamici,5000.0,1,4.0,15000.0,3,Suzanne Bonamici,Democrat,OR,305,B001278
AMERICAN ASSOCIATION OF NURSE PRACTITIONERS -> Jeff Merkley,5000.0,1,4.0,5000.0,1,Jeff Merkley,Democrat,OR,305,M001176
NATIONAL RETAIL FEDERATION -> John Thune,5000.0,4,5.0,7500.0,5,John Thune,Republican,SD,700,T000250
SPACE EXPLORATION TECHNOLOGIES CORPORATION -> John Cornyn,5000.0,1,5.0,17500.0,4,John Cornyn,Republican,TX,651,C001056
SPACE EXPLORATION TECHNOLOGIES CORPORATION -> Tony Gonzales,5000.0,1,5.0,19000.0,4,Tony Gonzales,Republican,TX,651,G000594
CREDIT UNION NATIONAL ASSOCIATION. INC. DBA AMERICA'S CREDIT UNIONS -> Gary C. Peters,5000.0,1,5.0,20000.0,4,Gary C. Peters,Democrat,MI,200,P000595
GENERAL ATOMICS -> Roger F. Wicker,5000.0,1,6.0,25000.0,5,Roger F. Wicker,Republican,MS,1257,W000437
CREDIT UNION NATIONAL ASSOCIATION. INC. DBA AMERICA'S CREDIT UNIONS -> Tom Emmer,5000.0,1,6.0,30000.0,6,Tom Emmer,Republican,MN,200,E000294
WALMART INC. -> Adrian Smith,5000.0,3,7.0,18000.0,13,Adrian Smith,Republican,NE,1881,S001172
ELI LILLY AND COMPANY -> Tammy Duckworth,5000.0,1,9.0,10000.0,3,Tammy Duckworth,Democrat,IL,622,D000622
AMERICAN ISRAEL PUBLIC AFFAIRS COMMITTEE -> Shontel M. Brown,5000.0,1,9.0,22900.0,5,Shontel M. Brown,Democrat,OH,145,B001313
NORTHROP GRUMMAN CORPORATION -> John Thune,5000.0,1,11.0,25000.0,8,John Thune,Republican,SD,1372,T000250
"AMAZON.COM SERVICES, INC. -> James Comer",5000.0,1,12.0,17000.0,6,James Comer,Republican,KY,1225,C001108
"ABBVIE, INC. -> Earl L. ""Buddy"" Carter",5000.0,1,13.0,17500.0,4,"Earl L. ""Buddy"" Carter",Republican,GA,1886,C001103
"AMAZON.COM SERVICES, INC. -> Ruben Gallego",5000.0,1,13.0,11000.0,4,Ruben Gallego,Democrat,AZ,1225,G000574
NATIONAL CONFECTIONERS ASSOCIATION -> Bradley Scott Schneider,5000.0,1,13.0,11500.0,3,Bradley Scott Schneider,Democrat,IL,672,S001190
NATIONAL CONFECTIONERS ASSOCIATION -> Lloyd Smucker,5000.0,1,13.0,20000.0,4,Lloyd Smucker,Republican,PA,672,S001199
AMERICAN CLEAN POWER ASSOCIATION -> Scott H. Peters,5000.0,2,13.0,13500.0,6,Scott H. Peters,Democrat,CA,331,P000608
AMERICAN ISRAEL PUBLIC AFFAIRS COMMITTEE -> Vern Buchanan,5000.0,1,13.0,20000.0,5,Vern Buchanan,Republican,FL,145,B001260
AMERICAN ISRAEL PUBLIC AFFAIRS COMMITTEE -> Claudia Tenney,5000.0,1,13.0,20000.0,5,Claudia Tenney,Republican,NY,145,T000478
"ELEVANCE HEALTH, INC. (FORMERLY REPORTED AS ANTHEM, INC.) -> Frank Pallone, Jr.",5000.0,1,14.0,39000.0,11,"Frank Pallone, Jr.",Democrat,NJ,1249,P000034
GENERAL DYNAMICS CORPORATION -> Gary C. Peters,5000.0,4,14.0,20000.0,13,Gary C. Peters,Democrat,MI,1201,P000595
NATIONAL ASSOCIATION OF BROADCASTERS -> John Boozman,5000.0,1,14.0,25000.0,5,John Boozman,Republican,AR,325,B001236
CREDIT UNION NATIONAL ASSOCIATION. INC. DBA AMERICA'S CREDIT UNIONS -> Cindy Hyde-Smith,5000.0,1,14.0,5000.0,1,Cindy Hyde-Smith,Republican,MS,200,H001079
MICROSOFT CORPORATION -> Mazie K. Hirono,5000.0,2,15.0,25000.0,7,Mazie K. Hirono,Democrat,HI,1875,H001042
NORTHROP GRUMMAN CORPORATION -> Kevin Cramer,5000.0,2,15.0,25000.0,8,Kevin Cramer,Republican,ND,1372,C001096
NATIONAL MINING ASSOCIATION -> Pete Stauber,5000.0,4,15.0,14000.0,12,Pete Stauber,Republican,MN,674,S001212
NATIONAL FOOTBALL LEAGUE -> Brian K. Fitzpatrick,5000.0,1,15.0,10500.0,3,Brian K. Fitzpatrick,Republican,PA,641,F000466
ELI LILLY AND COMPANY -> Ruben Gallego,5000.0,1,15.0,5000.0,1,Ruben Gallego,Democrat,AZ,622,G000574
"HUNTINGTON INGALLS INDUSTRIES, INC. (FKA HUNTINGTON INGALLS INCORPORATED) -> Mark R. Warner",5000.0,1,16.0,29000.0,8,Mark R. Warner,Democrat,VA,697,W000805
NATIONAL AIR TRAFFIC CONTROLLERS ASSOCIATION -> Thomas R. Suozzi,5000.0,2,16.0,10000.0,4,Thomas R. Suozzi,Democrat,NY,157,S001201
"GENENTECH, INC. -> Robin L. Kelly",5000.0,1,17.0,12500.0,4,Robin L. Kelly,Democrat,IL,1877,K000385
NATIONAL ASSOCIATION OF BROADCASTERS -> Gary C. Peters,5000.0,1,18.0,21000.0,6,Gary C. Peters,Democrat,MI,325,P000595
NATIONAL FOOTBALL LEAGUE -> John Thune,5000.0,1,19.0,20000.0,6,John Thune,Republican,SD,641,T000250
VERIZON COMMUNICATIONS INC. AND VARIOUS SUBSIDIARIES -> Tammy Duckworth,5000.0,1,19.0,9500.0,3,Tammy Duckworth,Democrat,IL,635,D000622
AMERICAN CLEAN POWER ASSOCIATION -> Randy Feenstra,5000.0,2,19.0,16500.0,8,Randy Feenstra,Republican,IA,331,F000446
LPL FINANCIAL LLC -> Katie Boyd Britt,5000.0,1,20.0,5000.0,1,Katie Boyd Britt,Republican,AL,1698,B001319
NORTHROP GRUMMAN CORPORATION -> Tim Kaine,5000.0,2,20.0,25000.0,11,Tim Kaine,Democrat,VA,1372,K000384
"KOCH GOVERNMENT AFFAIRS, LLC (FKA KOCH COMPANIES PUBLIC SECTOR, LLC) -> Andy Barr",5000.0,2,20.0,32500.0,10,Andy Barr,Republican,KY,621,B001282
NATIONAL ASSOCIATION OF BROADCASTERS -> Brian Schatz,5000.0,1,20.0,22250.0,6,Brian Schatz,Democrat,HI,325,S001194
EVERYTOWN FOR GUN SAFETY ACTION FUND -> Lucy McBath,5000.0,1,20.0,5000.0,1,Lucy McBath,Democrat,GA,79,M001208
CSX CORPORATION -> Tim Kaine,5000.0,1,21.0,25000.0,5,Tim Kaine,Democrat,VA,1959,K000384
BOEING COMPANY -> Chuck Grassley,5000.0,1,21.0,24000.0,7,Chuck Grassley,Republican,IA,1942,G000386
NORTHROP GRUMMAN CORPORATION -> Joe Courtney,5000.0,1,21.0,41000.0,11,Joe Courtney,Democrat,CT,1372,C001069
ASTRAZENECA PHARMACEUTICALS LP -> John Barrasso,5000.0,1,21.0,21000.0,8,John Barrasso,Republican,WY,1329,B001261
"AMAZON.COM SERVICES, INC. -> Doris O. Matsui",5000.0,1,21.0,20000.0,4,Doris O. Matsui,Democrat,CA,1225,M001163
"NOVO NORDISK, INC. -> Ruben Gallego",5000.0,1,21.0,5000.0,1,Ruben Gallego,Democrat,AZ,1215,G000574
AMERICAN OPTOMETRIC ASSOCIATION -> John Boozman,5000.0,1,21.0,24000.0,5,John Boozman,Republican,AR,660,B001236
CTIA - THE WIRELESS ASSOCIATION -> Doris O. Matsui,5000.0,1,21.0,20250.0,5,Doris O. Matsui,Democrat,CA,327,M001163
"TRANSPORT WORKERS UNION OF AMERICA, AFL-CIO -> Brian K. Fitzpatrick",5000.0,1,21.0,40000.0,8,Brian K. Fitzpatrick,Republican,PA,61,F000466
BOEING COMPANY -> Roger F. Wicker,5000.0,1,22.0,26250.0,8,Roger F. Wicker,Republican,MS,1942,W000437
"AIRBUS AMERICAS, INC. (FORMERLY KNOWN AS AIRBUS GROUP, INC.) -> Roger F. Wicker",5000.0,1,22.0,13000.0,4,Roger F. Wicker,Republican,MS,1282,W000437
AMERICAN ASSOCIATION OF NURSE PRACTITIONERS -> Darin LaHood,5000.0,1,22.0,10000.0,3,Darin LaHood,Republican,IL,305,L000585
"TRANSPORT WORKERS UNION OF AMERICA, AFL-CIO -> Chris Pappas",5000.0,1,22.0,15000.0,5,Chris Pappas,Democrat,NH,61,P000614
UNION PACIFIC CORPORATION -> Chuck Grassley,5000.0,2,23.0,24000.0,7,Chuck Grassley,Republican,IA,1465,G000386
NATIONAL ASSOCIATION OF BROADCASTERS -> John Barrasso,5000.0,1,23.0,30000.0,6,John Barrasso,Republican,WY,325,B001261
"ENTERGY SERVICES, LLC -> Bill Cassidy",5000.0,1,24.0,17500.0,5,Bill Cassidy,Republican,LA,1231,C001075
MORGAN STANLEY & CO. LLC -> Mike Flood,5000.0,2,24.0,5000.0,2,Mike Flood,Republican,NE,939,F000474
"TRANSPORT WORKERS UNION OF AMERICA, AFL-CIO -> John Garamendi",5000.0,1,24.0,15000.0,4,John Garamendi,Democrat,CA,61,G000559
NATIONAL AIR TRAFFIC CONTROLLERS ASSOCIATION -> John Hoeven,5000.0,1,25.0,5000.0,1,John Hoeven,Republican,ND,157,H001061
"PFIZER, INC. -> Tim Kaine",5000.0,1,27.0,34500.0,9,Tim Kaine,Democrat,VA,1879,K000384
"AMAZON.COM SERVICES, INC. -> Shelley Moore Capito",5000.0,1,27.0,17500.0,5,Shelley Moore Capito,Republican,WV,1225,C001047
"HUNTINGTON INGALLS INDUSTRIES, INC. (FKA HUNTINGTON INGALLS INCORPORATED) -> Cindy Hyde-Smith",5000.0,3,27.0,28000.0,16,Cindy Hyde-Smith,Republican,MS,697,H001079
NCTA - THE INTERNET & TELEVISION ASSOCIATION (FKA NAT'L CABLE & TELECOM ASSOC.) -> Tim Kaine,5000.0,1,27.0,10000.0,2,Tim Kaine,Democrat,VA,75,K000384
340B HEALTH -> Doris O. Matsui,5000.0,1,28.0,12500.0,5,Doris O. Matsui,Democrat,CA,1412,M001163
"HUMANA, INC. -> Mark R. Warner",5000.0,1,29.0,12500.0,3,Mark R. Warner,Democrat,VA,1920,W000805
ELI LILLY AND COMPANY -> Mark R. Warner,5000.0,1,29.0,10000.0,2,Mark R. Warner,Democrat,VA,622,W000805
AMERICAN PUBLIC POWER ASSOCIATION -> David Kustoff,5000.0,1,29.0,6000.0,2,David Kustoff,Republican,TN,496,K000392
AMERICAN LAND TITLE ASSOCIATION -> Andrew R. Garbarino,5000.0,2,29.0,37500.0,11,Andrew R. Garbarino,Republican,NY,388,G000597
NATIONAL ASSOCIATION OF BROADCASTERS -> Steven Horsford,5000.0,1,29.0,16000.0,4,Steven Horsford,Democrat,NV,325,H001066
"EBAY, INC. -> Chuck Grassley",5000.0,1,30.0,7500.0,2,Chuck Grassley,Republican,IA,1957,G000386
SIEMENS CORPORATION -> Charles E. Schumer,5000.0,1,30.0,10000.0,3,Charles E. Schumer,Democrat,NY,1952,S000148
"AMAZON.COM SERVICES, INC. -> Donald S. Beyer, Jr.",5000.0,1,30.0,17500.0,5,"Donald S. Beyer, Jr.",Democrat,VA,1225,B001292
GENERAL ATOMICS -> Jerry Moran,5000.0,1,31.0,21500.0,6,Jerry Moran,Republican,KS,1257,M000934
CREDIT UNION NATIONAL ASSOCIATION. INC. DBA AMERICA'S CREDIT UNIONS -> James A. Himes,5000.0,1,31.0,23000.0,5,James A. Himes,Democrat,CT,200,H001047
AMERICAN ISRAEL PUBLIC AFFAIRS COMMITTEE -> Ann Wagner,5000.0,2,31.0,16500.0,5,Ann Wagner,Republican,MO,145,W000812
AMERICAN EXPRESS COMPANY -> Tim Scott,5000.0,1,32.0,30000.0,7,Tim Scott,Republican,SC,1848,S001184
MICROSOFT CORPORATION -> Darren Soto,5000.0,1,33.0,8500.0,3,Darren Soto,Democrat,FL,1875,S001200
"HUNTINGTON INGALLS INDUSTRIES, INC. (FKA HUNTINGTON INGALLS INCORPORATED) -> Roger F. Wicker",5000.0,1,33.0,36000.0,17,Roger F. Wicker,Republican,MS,697,W000437
"WALMART INC. -> Henry C. ""Hank"" Johnson, Jr.",5000.0,2,34.0,9500.0,6,"Henry C. ""Hank"" Johnson, Jr.",Democrat,GA,1881,J000288
AMERICAN ACADEMY OF OPHTHALMOLOGY -> Gus M. Bilirakis,5000.0,2,34.0,15000.0,7,Gus M. Bilirakis,Republican,FL,481,B001257
"NATIONAL SHOOTING SPORTS FOUNDATION, INC. -> Cindy Hyde-Smith",5000.0,1,34.0,5000.0,1,Cindy Hyde-Smith,Republican,MS,402,H001079
WALMART INC. -> Charles E. Schumer,5000.0,1,35.0,15000.0,3,Charles E. Schumer,Democrat,NY,1881,S000148
MICROSOFT CORPORATION -> Yvette D. Clarke,5000.0,1,35.0,16500.0,5,Yvette D. Clarke,Democrat,NY,1875,C001067
MICROSOFT CORPORATION -> Jerry Moran,5000.0,1,35.0,25500.0,8,Jerry Moran,Republican,KS,1875,M000934
UNION PACIFIC CORPORATION -> John Hoeven,5000.0,1,35.0,22500.0,5,John Hoeven,Republican,ND,1465,H001061
"ALASKA AIRLINES, INC. -> Rick Larsen",5000.0,1,37.0,20000.0,5,Rick Larsen,Democrat,WA,1337,L000560
SPACE EXPLORATION TECHNOLOGIES CORPORATION -> Harold Rogers,5000.0,1,37.0,25000.0,5,Harold Rogers,Republican,KY,651,R000395
"NATIONAL SHOOTING SPORTS FOUNDATION, INC. -> John Cornyn",5000.0,1,37.0,20000.0,4,John Cornyn,Republican,TX,402,C001056
"TRANSPORT WORKERS UNION OF AMERICA, AFL-CIO -> John Fetterman",5000.0,1,37.0,10000.0,2,John Fetterman,Democrat,PA,61,F000479
"NATIONAL SHOOTING SPORTS FOUNDATION, INC. -> Mike Crapo",5000.0,1,38.0,9000.0,2,Mike Crapo,Republican,ID,402,C000880
NATIONAL ASSOCIATION OF BROADCASTERS -> Doris O. Matsui,5000.0,1,38.0,30000.0,6,Doris O. Matsui,Democrat,CA,325,M001163
MICROSOFT CORPORATION -> Kevin Cramer,5000.0,1,39.0,26000.0,6,Kevin Cramer,Republican,ND,1875,C001096
AMERICAN ISRAEL PUBLIC AFFAIRS COMMITTEE -> Debbie Wasserman Schultz,5000.0,1,39.0,22100.0,6,Debbie Wasserman Schultz,Democrat,FL,145,W000797
NCTA - THE INTERNET & TELEVISION ASSOCIATION (FKA NAT'L CABLE & TELECOM ASSOC.) -> Yvette D. Clarke,5000.0,1,39.0,12500.0,3,Yvette D. Clarke,Democrat,NY,75,C001067
FAIR ISAAC CORPORATION (DBA FICO) -> Joyce Beatty,5000.0,1,41.0,20800.0,5,Joyce Beatty,Democrat,OH,1294,B001281
SAFARI CLUB INTERNATIONAL -> Richard Hudson,5000.0,1,41.0,12500.0,4,Richard Hudson,Republican,NC,1172,H001067
"THE HOME DEPOT, INC. -> Julia Letlow",5000.0,1,41.0,22500.0,6,Julia Letlow,Republican,LA,679,L000595
CVS HEALTH (AND SUBSIDIARIES) -> Mike Crapo,5000.0,1,42.0,17500.0,6,Mike Crapo,Republican,ID,1230,C000880
VERIZON COMMUNICATIONS INC. AND VARIOUS SUBSIDIARIES -> Doris O. Matsui,5000.0,2,42.0,37000.0,9,Doris O. Matsui,Democrat,CA,635,M001163
VERIZON COMMUNICATIONS INC. AND VARIOUS SUBSIDIARIES -> Mark R. Warner,5000.0,1,42.0,25000.0,6,Mark R. Warner,Democrat,VA,635,W000805
"NATIONAL SHOOTING SPORTS FOUNDATION, INC. -> Pete Ricketts",5000.0,1,42.0,17500.0,5,Pete Ricketts,Republican,NE,402,R000618
AMERICAN HOTEL & LODGING ASSOCIATION -> Bill Cassidy,5000.0,1,42.0,12500.0,3,Bill Cassidy,Republican,LA,156,C001075
"ELEVANCE HEALTH, INC. (FORMERLY REPORTED AS ANTHEM, INC.) -> Steny H. Hoyer",5000.0,1,43.0,22500.0,5,Steny H. Hoyer,Democrat,MD,1249,H000874
NATIONAL BUSINESS AVIATION ASSOCIATION INC -> Troy E. Nehls,5000.0,1,43.0,10000.0,2,Troy E. Nehls,Republican,TX,389,N000026
AMERICAN ASSOCIATION OF NURSE ANESTHETISTS -> Chris Pappas,5000.0,1,44.0,5000.0,1,Chris Pappas,Democrat,NH,244,P000614
CVS HEALTH (AND SUBSIDIARIES) -> Richard E. Neal,5000.0,1,45.0,37500.0,8,Richard E. Neal,Democrat,MA,1230,N000015
NATIONAL PORK PRODUCERS COUNCIL -> Randy Feenstra,5000.0,1,46.0,15000.0,3,Randy Feenstra,Republican,IA,405,F000446
MICROSOFT CORPORATION -> Shelley Moore Capito,5000.0,1,47.0,12500.0,4,Shelley Moore Capito,Republican,WV,1875,C001047
MICROSOFT CORPORATION -> Adriano Espaillat,5000.0,1,47.0,6000.0,2,Adriano Espaillat,Democrat,NY,1875,E000297
NATIONAL ASSOCIATION OF BROADCASTERS -> Marsha Blackburn,5000.0,1,47.0,10500.0,4,Marsha Blackburn,Republican,TN,325,B001243
NATIONAL ASSOCIATION OF BROADCASTERS -> Martin Heinrich,5000.0,1,47.0,30000.0,6,Martin Heinrich,Democrat,NM,325,H001046
BOEING COMPANY -> Adam Smith,5000.0,1,48.0,44500.0,17,Adam Smith,Democrat,WA,1942,S000510
WALMART INC. -> John Barrasso,5000.0,1,48.0,25000.0,9,John Barrasso,Republican,WY,1881,B001261
NORFOLK SOUTHERN CORPORATION -> Roger F. Wicker,5000.0,2,49.0,25000.0,7,Roger F. Wicker,Republican,MS,1256,W000437
CVS HEALTH (AND SUBSIDIARIES) -> Gus M. Bilirakis,5000.0,1,49.0,21000.0,6,Gus M. Bilirakis,Republican,FL,1230,B001257
WELLS FARGO & COMPANY -> Charles E. Schumer,5000.0,1,49.0,5000.0,1,Charles E. Schumer,Democrat,NY,658,S000148
SPACE EXPLORATION TECHNOLOGIES CORPORATION -> Brian Babin,5000.0,1,49.0,25000.0,6,Brian Babin,Republican,TX,651,B001291
"PFIZER, INC. -> Frank Pallone, Jr.",5000.0,1,50.0,26000.0,10,"Frank Pallone, Jr.",Democrat,NJ,1879,P000034
"THE HOME DEPOT, INC. -> Janice D. Schakowsky",5000.0,1,50.0,17500.0,4,Janice D. Schakowsky,Democrat,IL,679,S001145
"BLUE ORIGIN, LLC -> Ted Cruz",5000.0,1,51.0,6000.0,3,Ted Cruz,Republican,TX,1253,C001098
CSX CORPORATION -> Charles E. Schumer,5000.0,1,52.0,10000.0,2,Charles E. Schumer,Democrat,NY,1959,S000148
AMERICAN HOTEL & LODGING ASSOCIATION -> Amy Klobuchar,5000.0,1,52.0,15000.0,3,Amy Klobuchar,Democrat,MN,156,K000367
AMERICAN HOTEL & LODGING ASSOCIATION -> Jerry Moran,5000.0,1,52.0,20000.0,4,Jerry Moran,Republican,KS,156,M000934
"ELEVANCE HEALTH, INC. (FORMERLY REPORTED AS ANTHEM, INC.) -> Richard E. Neal",5000.0,1,53.0,37500.0,9,Richard E. Neal,Democrat,MA,1249,N000015
NATIONAL ASSOCIATION OF BROADCASTERS -> Jeanne Shaheen,5000.0,1,53.0,10000.0,2,Jeanne Shaheen,Democrat,NH,325,S001181
AMERICAN FOREST & PAPER ASSOCIATION -> Dan Newhouse,5000.0,1,53.0,17500.0,4,Dan Newhouse,Republican,WA,207,N000189
NATIONAL AIR TRAFFIC CONTROLLERS ASSOCIATION -> Sharice Davids,5000.0,1,53.0,10500.0,4,Sharice Davids,Democrat,KS,157,D000629
"L3HARRIS TECHNOLOGIES, INC. -> Jim Banks",5000.0,1,54.0,25000.0,7,Jim Banks,Republican,IN,1774,B001299
ABBOTT LABORATORIES -> Richard E. Neal,5000.0,1,54.0,40000.0,8,Richard E. Neal,Democrat,MA,1239,N000015
WELLS FARGO & COMPANY -> Lance Gooden,5000.0,1,55.0,8500.0,2,Lance Gooden,Republican,TX,658,G000589
BLUE CROSS AND BLUE SHIELD ASSOCIATION -> Lauren Underwood,5000.0,1,55.0,6000.0,3,Lauren Underwood,Democrat,IL,256,U000040
ALZHEIMER'S ASSOCIATION -> Tim Kaine,5000.0,1,56.0,5000.0,1,Tim Kaine,Democrat,VA,1340,K000384
NATIONAL FOOTBALL LEAGUE -> John Cornyn,5000.0,1,57.0,9500.0,4,John Cornyn,Republican,TX,641,C001056
NATIONAL FOOTBALL LEAGUE -> Hakeem S. Jeffries,5000.0,1,57.0,25000.0,5,Hakeem S. Jeffries,Democrat,NY,641,J000294
AMERICAN ISRAEL PUBLIC AFFAIRS COMMITTEE -> Susie Lee,5000.0,1,57.0,26300.0,8,Susie Lee,Democrat,NV,145,L000590
"DAVITA, INC. -> Bill Cassidy",5000.0,1,58.0,10250.0,3,Bill Cassidy,Republican,LA,1898,C001075
MICROSOFT CORPORATION -> Nancy Pelosi,5000.0,1,58.0,5000.0,1,Nancy Pelosi,Democrat,CA,1875,P000197
NORFOLK SOUTHERN CORPORATION -> Pete Ricketts,5000.0,1,58.0,15000.0,3,Pete Ricketts,Republican,NE,1256,R000618
AMERICAN FINANCIAL SERVICES ASSOCIATION -> Andy Barr,5000.0,1,58.0,22500.0,7,Andy Barr,Republican,KY,482,B001282
AMERICAN LAND TITLE ASSOCIATION -> John Barrasso,5000.0,1,58.0,12500.0,4,John Barrasso,Republican,WY,388,B001261
AMERICAN ISRAEL PUBLIC AFFAIRS COMMITTEE -> Cliff Bentz,5000.0,1,59.0,10000.0,2,Cliff Bentz,Republican,OR,145,B000668
"ELEVANCE HEALTH, INC. (FORMERLY REPORTED AS ANTHEM, INC.) -> Elise M. Stefanik",5000.0,1,60.0,17500.0,5,Elise M. Stefanik,Republican,NY,1249,S001196
"SAMSUNG ELECTRONICS AMERICA, INC. -> John Cornyn",5000.0,1,60.0,24574.08,7,John Cornyn,Republican,TX,642,C001056
NUCOR CORPORATION -> Shelley Moore Capito,4866.45,1,30.0,24732.9,7,Shelley Moore Capito,Republican,WV,2041,C001047
MICROSOFT CORPORATION -> Ted Cruz,4800.0,3,33.0,9800.0,4,Ted Cruz,Republican,TX,1875,C001098
NATIONAL AIR TRAFFIC CONTROLLERS ASSOCIATION -> Laura Gillen,4750.0,4,2.0,7250.0,6,Laura Gillen,Democrat,NY,157,G000602
GENERAL DYNAMICS CORPORATION -> Seth Magaziner,4500.0,3,1.0,30000.0,16,Seth Magaziner,Democrat,RI,1201,M001223
"BLUE ORIGIN, LLC -> Brian Babin",4500.0,3,6.0,16500.0,8,Brian Babin,Republican,TX,1253,B001291
WELLS FARGO & COMPANY -> Sean Casten,4500.0,3,7.0,11500.0,6,Sean Casten,Democrat,IL,658,C001117
WALMART INC. -> Veronica Escobar,4500.0,3,22.0,9500.0,5,Veronica Escobar,Democrat,TX,1881,E000299
GENERAL DYNAMICS CORPORATION -> John Hoeven,4500.0,2,42.0,21500.0,11,John Hoeven,Republican,ND,1201,H001061
"T-MOBILE USA, INC. -> Ron Wyden",4500.0,2,51.0,14500.0,6,Ron Wyden,Democrat,OR,615,W000779
"AMERICAN AIRLINES INC (FORMERLY REPORTED AS ""AMERICAN AIRLINES"") -> Ted Cruz",4100.0,2,28.0,11600.0,5,Ted Cruz,Republican,TX,1202,C001098
LEAGUE OF CONSERVATION VOTERS -> Summer L. Lee,4002.79,3,7.0,11602.79,12,Summer L. Lee,Democrat,PA,508,L000602
"AMAZON.COM SERVICES, INC. -> Sydney Kamlager-Dove",4000.0,3,4.0,11500.0,8,Sydney Kamlager-Dove,Democrat,CA,1225,K000400
CSX CORPORATION -> Roger F. Wicker,4000.0,1,13.0,20000.0,5,Roger F. Wicker,Republican,MS,1959,W000437
"BAE SYSTEMS, INC. -> Ashley Hinson",4000.0,3,14.0,22500.0,12,Ashley Hinson,Republican,IA,1304,H001091
BAXTER HEALTHCARE CORPORATION -> Charles E. Schumer,4000.0,3,15.0,5000.0,4,Charles E. Schumer,Democrat,NY,1280,S000148
BNSF RAILWAY COMPANY -> Deb Fischer,4000.0,1,20.0,17000.0,5,Deb Fischer,Republican,NE,1322,F000463
LEAGUE OF CONSERVATION VOTERS -> Marcy Kaptur,4000.0,2,29.0,11199.41,13,Marcy Kaptur,Democrat,OH,508,K000009
RECORDING INDUSTRY ASSOCIATION OF AMERICA INC -> Maria Elvira Salazar,4000.0,3,33.0,14000.0,11,Maria Elvira Salazar,Republican,FL,151,S000168
GENERAL MOTORS COMPANY -> Ted Cruz,4000.0,2,37.0,9500.0,5,Ted Cruz,Republican,TX,1208,C001098
MICROSOFT CORPORATION -> Mike Crapo,4000.0,1,59.0,10000.0,4,Mike Crapo,Republican,ID,1875,C000880
CVS HEALTH (AND SUBSIDIARIES) -> Adrian Smith,3750.0,2,12.0,11500.0,7,Adrian Smith,Republican,NE,1230,S001172
LEAGUE OF CONSERVATION VOTERS -> Jared Huffman,3568.5299999999997,6,3.0,6568.53,9,Jared Huffman,Democrat,CA,508,H001068
"SANOFI US SERVICES INC (FORMERLY KNOWN AS GENZYME CORPORATION) -> Earl L. ""Buddy"" Carter",3500.0,2,1.0,13500.0,6,"Earl L. ""Buddy"" Carter",Republican,GA,649,C001103
"AMERICAN AIRLINES INC (FORMERLY REPORTED AS ""AMERICAN AIRLINES"") -> Gabe Amo",3500.0,2,3.0,10100.0,4,Gabe Amo,Democrat,RI,1202,A000380
EXELON BUSINESS SERVICES LLC (FORMERLY KNOWN AS CONSTELLATION ENERGY GROUP) -> Carol D. Miller,3500.0,2,4.0,3500.0,2,Carol D. Miller,Republican,WV,747,M001205
ELANCO ANIMAL HEALTH INCORPORATED -> Jim Banks,3500.0,2,6.0,5500.0,3,Jim Banks,Republican,IN,797,B001299
"NATIONAL SHOOTING SPORTS FOUNDATION, INC. -> Darrell Issa",3500.0,3,6.0,7000.0,7,Darrell Issa,Republican,CA,402,I000056
WALMART INC. -> Danny K. Davis,3500.0,2,8.0,8000.0,6,Danny K. Davis,Democrat,IL,1881,D000096
"TRANSPORT WORKERS UNION OF AMERICA, AFL-CIO -> Robert Menendez",3500.0,2,13.0,30000.0,9,Robert Menendez,Democrat,NJ,61,M001226
NATIONAL AIR TRAFFIC CONTROLLERS ASSOCIATION -> Tammy Duckworth,3500.0,2,14.0,3500.0,2,Tammy Duckworth,Democrat,IL,157,D000622
NUCOR CORPORATION -> Frank J. Mrvan,3500.0,2,15.0,21000.0,11,Frank J. Mrvan,Democrat,IN,2041,M001214
NATIONAL BUSINESS AVIATION ASSOCIATION INC -> Rick Larsen,3500.0,2,21.0,32000.0,18,Rick Larsen,Democrat,WA,389,L000560
WALMART INC. -> Juan Ciscomani,3500.0,3,22.0,11000.0,9,Juan Ciscomani,Republican,AZ,1881,C001133
"NATIONAL SHOOTING SPORTS FOUNDATION, INC. -> Andy Barr",3500.0,2,25.0,15500.0,7,Andy Barr,Republican,KY,402,B001282
"BAE SYSTEMS, INC. -> Margaret Wood Hassan",3500.0,3,28.0,23000.0,10,Margaret Wood Hassan,Democrat,NH,1304,H001076
"HUNTINGTON INGALLS INDUSTRIES, INC. (FKA HUNTINGTON INGALLS INCORPORATED) -> Jack Reed",3500.0,2,30.0,31000.0,11,Jack Reed,Democrat,RI,697,R000122
"EBAY, INC. -> Janice D. Schakowsky",3500.0,2,31.0,3500.0,2,Janice D. Schakowsky,Democrat,IL,1957,S001145
CTIA - THE WIRELESS ASSOCIATION -> Tim Kaine,3500.0,2,34.0,8500.0,5,Tim Kaine,Democrat,VA,327,K000384
"PRUDENTIAL FINANCIAL, INC. -> Steven Horsford",3500.0,2,36.0,6000.0,4,Steven Horsford,Democrat,NV,1237,H001066
"MICRON TECHNOLOGY, INC. -> Charles E. Schumer",3300.0,1,2.0,8300.0,2,Charles E. Schumer,Democrat,NY,1228,S000148
"CENTERPOINT ENERGY, INC. -> Ted Cruz",3300.0,1,17.0,3300.0,1,Ted Cruz,Republican,TX,1504,C001098
"PUBLIX SUPER MARKETS, INC. -> Laurel M. Lee",3300.0,1,22.0,21000.0,7,Laurel M. Lee,Republican,FL,905,L000597
"ROCKET LAB USA, INC. -> Martin Heinrich",3300.0,2,35.0,9100.0,4,Martin Heinrich,Democrat,NM,899,H001046
"MICRON TECHNOLOGY, INC. -> Mark R. Warner",3300.0,1,54.0,5000.0,2,Mark R. Warner,Democrat,VA,1228,W000805
LEAGUE OF CONSERVATION VOTERS -> Sean Casten,3050.0,5,3.0,6068.530000000001,9,Sean Casten,Democrat,IL,508,C001117
"AMAZON.COM SERVICES, INC. -> Bradley Scott Schneider",3000.0,1,2.0,14500.0,6,Bradley Scott Schneider,Democrat,IL,1225,S001190
"THE BUSINESS ROUNDTABLE, INC. -> John Barrasso",3000.0,3,4.0,7250.0,9,John Barrasso,Republican,WY,638,B001261
"THE GOLDMAN SACHS GROUP, INC. -> Sean Casten",3000.0,2,6.0,5000.0,4,Sean Casten,Democrat,IL,348,C001117
GENERAL MOTORS COMPANY -> Kristen McDonald Rivet,3000.0,2,9.0,6000.0,5,Kristen McDonald Rivet,Democrat,MI,1208,M001237
BOEING COMPANY -> Joe Courtney,3000.0,3,12.0,11000.0,7,Joe Courtney,Democrat,CT,1942,C001069
AMERICAN ASSOCIATION OF NURSE PRACTITIONERS -> John Barrasso,3000.0,1,12.0,8500.0,4,John Barrasso,Republican,WY,305,B001261
"AIRBNB, INC. -> Marsha Blackburn",3000.0,2,20.0,3000.0,2,Marsha Blackburn,Republican,TN,2018,B001243
COMCAST CORPORATION -> Yvette D. Clarke,3000.0,2,20.0,15000.0,7,Yvette D. Clarke,Democrat,NY,1874,C001067
"AMAZON.COM SERVICES, INC. -> Robin L. Kelly",3000.0,2,28.0,16150.0,9,Robin L. Kelly,Democrat,IL,1225,K000385
AMERICAN VETERINARY MEDICAL ASSOCIATION -> Adrian Smith,3000.0,1,28.0,11500.0,6,Adrian Smith,Republican,NE,411,S001172
"REINSURANCE GROUP OF AMERICA, INCORPORATED -> Ann Wagner",3000.0,2,34.0,13000.0,7,Ann Wagner,Republican,MO,428,W000812
WALMART INC. -> Ruben Gallego,3000.0,2,40.0,3000.0,2,Ruben Gallego,Democrat,AZ,1881,G000574
"TRANSPORT WORKERS UNION OF AMERICA, AFL-CIO -> Eric Swalwell",3000.0,2,41.0,16500.0,8,Eric Swalwell,Democrat,CA,61,S001193
CTIA - THE WIRELESS ASSOCIATION -> Yvette D. Clarke,3000.0,2,43.0,8000.0,6,Yvette D. Clarke,Democrat,NY,327,C001067
VERIZON COMMUNICATIONS INC. AND VARIOUS SUBSIDIARIES -> Yvette D. Clarke,3000.0,1,55.0,31000.0,9,Yvette D. Clarke,Democrat,NY,635,C001067
AMERICAN ISRAEL PUBLIC AFFAIRS COMMITTEE -> Vicente Gonzalez,2900.0,1,43.0,20000.0,6,Vicente Gonzalez,Democrat,TX,145,G000581
LEAGUE OF CONSERVATION VOTERS -> Sharice Davids,2850.8700000000003,4,1.0,8824.27,12,Sharice Davids,Democrat,KS,508,D000629
LEAGUE OF CONSERVATION VOTERS -> Susie Lee,2520.87,4,22.0,15751.62,18,Susie Lee,Democrat,NV,508,L000590
MICROSOFT CORPORATION -> Charles E. Schumer,2500.0,1,1.0,12500.0,4,Charles E. Schumer,Democrat,NY,1875,S000148
BNSF RAILWAY COMPANY -> Mike Rounds,2500.0,1,1.0,7500.0,2,Mike Rounds,Republican,SD,1322,R000605
"ENTERGY SERVICES, LLC -> Yvette D. Clarke",2500.0,2,1.0,16000.0,9,Yvette D. Clarke,Democrat,NY,1231,C001067
BERKSHIRE HATHAWAY ENERGY -> Scott H. Peters,2500.0,1,1.0,12500.0,4,Scott H. Peters,Democrat,CA,738,P000608
BLUE CROSS AND BLUE SHIELD ASSOCIATION -> Robin L. Kelly,2500.0,1,1.0,10500.0,3,Robin L. Kelly,Democrat,IL,256,K000385
NUTRIEN US LLC (FORMERLY KNOWN AS AGRIUM U.S. INC.) (A NUTRIEN LTD SUBSIDIARY) -> Cindy Hyde-Smith,2500.0,1,1.0,5500.0,4,Cindy Hyde-Smith,Republican,MS,139,H001079
NUCOR CORPORATION -> Steve Cohen,2500.0,1,2.0,6000.0,4,Steve Cohen,Democrat,TN,2041,C001068
WALMART INC. -> Chuck Edwards,2500.0,1,2.0,3500.0,2,Chuck Edwards,Republican,NC,1881,E000246
"AMAZON.COM SERVICES, INC. -> Bill Cassidy",2500.0,1,2.0,2500.0,1,Bill Cassidy,Republican,LA,1225,C001075
"CENTER FOR SPORTFISHING POLICY (FKA CENTER FOR COASTAL CONSERVATION) -> Earl L. ""Buddy"" Carter",2500.0,1,2.0,2500.0,1,"Earl L. ""Buddy"" Carter",Republican,GA,467,C001103
AMERICAN CLEAN POWER ASSOCIATION -> Andrew R. Garbarino,2500.0,1,2.0,13500.0,4,Andrew R. Garbarino,Republican,NY,331,G000597
WALGREEN COMPANY -> Adrian Smith,2500.0,1,3.0,10500.0,3,Adrian Smith,Republican,NE,1900,S001172
AMERICAN HOTEL & LODGING ASSOCIATION -> Tim Scott,2500.0,1,3.0,17500.0,5,Tim Scott,Republican,SC,156,S001184
"GENERAL DYNAMICS CORPORATION -> Angus S. King, Jr.",2500.0,1,4.0,27500.0,14,"Angus S. King, Jr.",Independent,ME,1201,K000383
BLACKROCK FUNDS SERVICES GROUP LLC (FORMERLY BLACKROCK CAPITAL MANAGEMENT INC.) -> Mike Flood,2500.0,1,4.0,7500.0,4,Mike Flood,Republican,NE,328,F000474
BLUE CROSS AND BLUE SHIELD ASSOCIATION -> Jack Reed,2500.0,1,4.0,2500.0,1,Jack Reed,Democrat,RI,256,R000122
AMERICAN HOTEL & LODGING ASSOCIATION -> Kathy Castor,2500.0,1,4.0,10000.0,5,Kathy Castor,Democrat,FL,156,C001066
"AMAZON.COM SERVICES, INC. -> Tom Cotton",2500.0,1,5.0,5000.0,2,Tom Cotton,Republican,AR,1225,C001095
WELLS FARGO & COMPANY -> Mark R. Warner,2500.0,1,5.0,25000.0,8,Mark R. Warner,Democrat,VA,658,W000805
"NATIONAL SHOOTING SPORTS FOUNDATION, INC. -> Roger Williams",2500.0,2,5.0,9500.0,6,Roger Williams,Republican,TX,402,W000816
ENBRIDGE (U.S.) INC. (FORMERLY SPECTRA ENERGY) -> Tom Barrett,2500.0,1,6.0,2500.0,1,Tom Barrett,Republican,MI,2234,B001321
MASTERCARD WORLDWIDE -> Andrew R. Garbarino,2500.0,1,6.0,12500.0,4,Andrew R. Garbarino,Republican,NY,1421,G000597
ELI LILLY AND COMPANY -> Jeanne Shaheen,2500.0,1,6.0,7500.0,2,Jeanne Shaheen,Democrat,NH,622,S001181
AMERICAN FINANCIAL SERVICES ASSOCIATION -> Sarah McBride,2500.0,1,6.0,7000.0,4,Sarah McBride,Democrat,DE,482,M001238
UNITED SERVICES AUTOMOBILE ASSOCIATION (USAA) -> Tammy Baldwin,2500.0,1,6.0,10000.0,3,Tammy Baldwin,Democrat,WI,351,B001230
"AMERICAN ASSOCIATION OF NURSE PRACTITIONERS -> Earl L. ""Buddy"" Carter",2500.0,1,6.0,12500.0,4,"Earl L. ""Buddy"" Carter",Republican,GA,305,C001103
MOLSON COORS BEVERAGE COMPANY USA LLC (FORMERLY KNOWN AS MILLERCOORS LLC) -> Tammy Baldwin,2500.0,1,6.0,14000.0,6,Tammy Baldwin,Democrat,WI,169,B001230
NATIONAL FOOTBALL LEAGUE -> Emanuel Cleaver,2500.0,1,7.0,2500.0,1,Emanuel Cleaver,Democrat,MO,641,C001061
HILTON WORLDWIDE -> Brian Schatz,2500.0,1,8.0,5000.0,2,Brian Schatz,Democrat,HI,1397,S001194
BANK OF AMERICA CORPORATION -> Andy Barr,2500.0,1,8.0,37000.0,12,Andy Barr,Republican,KY,821,B001282
"NATIONAL SHOOTING SPORTS FOUNDATION, INC. -> Tony Wied",2500.0,1,8.0,3500.0,2,Tony Wied,Republican,WI,402,W000829
AMERICAN ASSOCIATION OF NURSE PRACTITIONERS -> Bill Cassidy,2500.0,1,8.0,2500.0,1,Bill Cassidy,Republican,LA,305,C001075
"TRANSPORT WORKERS UNION OF AMERICA, AFL-CIO -> Jack Reed",2500.0,1,8.0,12500.0,5,Jack Reed,Democrat,RI,61,R000122
TIAA -> Joyce Beatty,2500.0,1,9.0,15000.0,6,Joyce Beatty,Democrat,OH,1998,B001281
NORTHROP GRUMMAN CORPORATION -> Mark R. Warner,2500.0,1,9.0,22500.0,6,Mark R. Warner,Democrat,VA,1372,W000805
"NOVO NORDISK, INC. -> Jeanne Shaheen",2500.0,1,9.0,4000.0,2,Jeanne Shaheen,Democrat,NH,1215,S001181
AMERICAN LAND TITLE ASSOCIATION -> Vicente Gonzalez,2500.0,1,9.0,12500.0,5,Vicente Gonzalez,Democrat,TX,388,G000581
NCTA - THE INTERNET & TELEVISION ASSOCIATION (FKA NAT'L CABLE & TELECOM ASSOC.) -> Laurel M. Lee,2500.0,1,10.0,6500.0,5,Laurel M. Lee,Republican,FL,75,L000597
"TRANSPORT WORKERS UNION OF AMERICA, AFL-CIO -> Mazie K. Hirono",2500.0,2,10.0,2500.0,2,Mazie K. Hirono,Democrat,HI,61,H001042
"NEXTERA ENERGY, INC. -> Martin Heinrich",2500.0,1,11.0,24000.0,6,Martin Heinrich,Democrat,NM,1212,H001046
NATIONAL FOOTBALL LEAGUE -> Frederica S. Wilson,2500.0,1,11.0,5000.0,2,Frederica S. Wilson,Democrat,FL,641,W000808
SOLAR ENERGY INDUSTRIES ASSOCIATION -> Kathy Castor,2500.0,1,11.0,7500.0,3,Kathy Castor,Democrat,FL,363,C001066
"CISCO SYSTEMS, INC. -> Darrell Issa",2500.0,1,12.0,5500.0,3,Darrell Issa,Republican,CA,1229,I000056
SPACE EXPLORATION TECHNOLOGIES CORPORATION -> Troy E. Nehls,2500.0,1,12.0,12500.0,3,Troy E. Nehls,Republican,TX,651,N000026
"LOWE'S COMPANIES, INC., -> Alma S. Adams",2500.0,1,13.0,20500.0,8,Alma S. Adams,Democrat,NC,1396,A000370
AMERICAN LAND TITLE ASSOCIATION -> Emanuel Cleaver,2500.0,1,13.0,37500.0,11,Emanuel Cleaver,Democrat,MO,388,C001061
SOLAR ENERGY INDUSTRIES ASSOCIATION -> Susie Lee,2500.0,1,13.0,2625.0,2,Susie Lee,Democrat,NV,363,L000590
EASTMAN CHEMICAL COMPANY -> Martin Heinrich,2500.0,1,14.0,2500.0,1,Martin Heinrich,Democrat,NM,1325,H001046
NATIONAL MINING ASSOCIATION -> Ryan K. Zinke,2500.0,2,14.0,14498.86,12,Ryan K. Zinke,Republican,MT,674,Z000018
ELI LILLY AND COMPANY -> Bill Cassidy,2500.0,1,14.0,17500.0,5,Bill Cassidy,Republican,LA,622,C001075
"DAVITA, INC. -> Carol D. Miller",2500.0,1,15.0,10000.0,5,Carol D. Miller,Republican,WV,1898,M001205
THE KROGER CO. -> Adrian Smith,2500.0,1,15.0,4500.0,3,Adrian Smith,Republican,NE,1379,S001172
"MERCK & COMPANY, INC. -> Katherine M. Clark",2500.0,1,15.0,7500.0,3,Katherine M. Clark,Democrat,MA,1232,C001101
"AMAZON.COM SERVICES, INC. -> Cindy Hyde-Smith",2500.0,1,15.0,2500.0,1,Cindy Hyde-Smith,Republican,MS,1225,H001079
GENERAL DYNAMICS CORPORATION -> Ron Wyden,2500.0,1,15.0,9500.0,6,Ron Wyden,Democrat,OR,1201,W000779
NATIONAL FOOTBALL LEAGUE -> David Schweikert,2500.0,1,15.0,10000.0,3,David Schweikert,Republican,AZ,641,S001183
"WALMART INC. -> Robert C. ""Bobby"" Scott",2500.0,1,16.0,10000.0,4,"Robert C. ""Bobby"" Scott",Democrat,VA,1881,S000185
UNION PACIFIC CORPORATION -> Mike Flood,2500.0,1,16.0,37500.0,11,Mike Flood,Republican,NE,1465,F000474
ALZHEIMER'S ASSOCIATION -> Chrissy Houlahan,2500.0,1,17.0,2500.0,1,Chrissy Houlahan,Democrat,PA,1340,H001085
"ALBERTSONS COMPANIES, INC. -> Mike Crapo",2500.0,1,17.0,10000.0,3,Mike Crapo,Republican,ID,1283,C000880
ELI LILLY AND COMPANY -> Jim Banks,2500.0,1,17.0,11500.0,6,Jim Banks,Republican,IN,622,B001299
ALZHEIMER'S ASSOCIATION -> Vern Buchanan,2500.0,1,19.0,2500.0,1,Vern Buchanan,Republican,FL,1340,B001260
NATIONAL FOOTBALL LEAGUE -> Tammy Baldwin,2500.0,1,19.0,12500.0,4,Tammy Baldwin,Democrat,WI,641,B001230
"EBAY, INC. -> Carol D. Miller",2500.0,1,20.0,5000.0,2,Carol D. Miller,Republican,WV,1957,M001205
"WALGREEN COMPANY -> Earl L. ""Buddy"" Carter",2500.0,1,20.0,15000.0,6,"Earl L. ""Buddy"" Carter",Republican,GA,1900,C001103
MICROSOFT CORPORATION -> Bryan Steil,2500.0,1,20.0,17000.0,7,Bryan Steil,Republican,WI,1875,S001213
GENERAL MOTORS COMPANY -> Marcy Kaptur,2500.0,2,20.0,2500.0,2,Marcy Kaptur,Democrat,OH,1208,K000009
GENERAL MOTORS COMPANY -> John R. Moolenaar,2500.0,1,20.0,11000.0,5,John R. Moolenaar,Republican,MI,1208,M001194
NATIONAL PORK PRODUCERS COUNCIL -> Ronny Jackson,2500.0,1,20.0,10000.0,3,Ronny Jackson,Republican,TX,405,J000304
GENERAL DYNAMICS CORPORATION -> Trent Kelly,2500.0,1,21.0,33500.0,14,Trent Kelly,Republican,MS,1201,K000388
WALMART INC. -> Michael Lawler,2500.0,2,22.0,6500.0,6,Michael Lawler,Republican,NY,1881,L000599
"LUMEN TECHNOLOGIES (FORMERLY KNOWN AS CENTURYLINK, INC.) -> Ron Wyden",2500.0,1,22.0,5000.0,2,Ron Wyden,Democrat,OR,1427,W000779
NATIONAL MINING ASSOCIATION -> Jim Costa,2500.0,2,22.0,2500.0,2,Jim Costa,Democrat,CA,674,C001059
"MICROSOFT CORPORATION -> Donald S. Beyer, Jr.",2500.0,1,23.0,2500.0,1,"Donald S. Beyer, Jr.",Democrat,VA,1875,B001292
CVS HEALTH (AND SUBSIDIARIES) -> Janice D. Schakowsky,2500.0,1,24.0,3000.0,2,Janice D. Schakowsky,Democrat,IL,1230,S001145
"AMERICAN AIRLINES INC (FORMERLY REPORTED AS ""AMERICAN AIRLINES"") -> Carlos A. Gimenez",2500.0,1,25.0,14500.0,6,Carlos A. Gimenez,Republican,FL,1202,G000593
"TRANSPORT WORKERS UNION OF AMERICA, AFL-CIO -> Bonnie Watson Coleman",2500.0,1,25.0,12500.0,4,Bonnie Watson Coleman,Democrat,NJ,61,W000822
NUCOR CORPORATION -> Mike Flood,2500.0,1,26.0,17500.0,7,Mike Flood,Republican,NE,2041,F000474
CAPITAL ONE FINANCIAL CORPORATION -> Mark R. Warner,2500.0,2,26.0,16500.0,8,Mark R. Warner,Democrat,VA,689,W000805
ELI LILLY AND COMPANY -> Vern Buchanan,2500.0,1,26.0,11500.0,5,Vern Buchanan,Republican,FL,622,B001260
"NATIONAL SHOOTING SPORTS FOUNDATION, INC. -> Shelley Moore Capito",2500.0,1,26.0,5000.0,2,Shelley Moore Capito,Republican,WV,402,C001047
MICROSOFT CORPORATION -> Rand Paul,2500.0,1,27.0,9500.0,4,Rand Paul,Republican,KY,1875,P000603
CENTER FOR SPORTFISHING POLICY (FKA CENTER FOR COASTAL CONSERVATION) -> Russell Fry,2500.0,1,27.0,5000.0,2,Russell Fry,Republican,SC,467,F000478
CTIA - THE WIRELESS ASSOCIATION -> Jerry Moran,2500.0,1,27.0,3500.0,2,Jerry Moran,Republican,KS,327,M000934
EVERYTOWN FOR GUN SAFETY ACTION FUND -> Mazie K. Hirono,2500.0,1,27.0,2500.0,1,Mazie K. Hirono,Democrat,HI,79,H001042
GENERAL DYNAMICS CORPORATION -> Mike Collins,2500.0,2,28.0,8500.0,5,Mike Collins,Republican,GA,1201,C001129
"CARGILL, INCORPORATED -> Tracey Mann",2500.0,2,29.0,11000.0,8,Tracey Mann,Republican,KS,1926,M000871
NORTHROP GRUMMAN CORPORATION -> Mike Ezell,2500.0,1,29.0,10000.0,4,Mike Ezell,Republican,MS,1372,E000235
CAPITAL ONE FINANCIAL CORPORATION -> Alma S. Adams,2500.0,1,29.0,7000.0,4,Alma S. Adams,Democrat,NC,689,A000370
"NATIONAL SHOOTING SPORTS FOUNDATION, INC. -> David G. Valadao",2500.0,1,29.0,9500.0,5,David G. Valadao,Republican,CA,402,V000129
SIEMENS CORPORATION -> Doris O. Matsui,2500.0,1,30.0,9000.0,4,Doris O. Matsui,Democrat,CA,1952,M001163
"GARMIN INTERNATIONAL, INC. (FORMERLY REPORTED AS GARMIN LTD.) -> Sharice Davids",2500.0,1,30.0,17500.0,5,Sharice Davids,Democrat,KS,1510,D000629
GENERAL DYNAMICS CORPORATION -> John Fetterman,2500.0,1,30.0,5000.0,2,John Fetterman,Democrat,PA,1201,F000479
NATIONAL VENTURE CAPITAL ASSOCIATION -> David Kustoff,2500.0,1,30.0,3500.0,2,David Kustoff,Republican,TN,386,K000392
PACIFIC GAS AND ELECTRIC COMPANY (FORMERLY PG&E CORPORATION) -> Ron Wyden,2500.0,1,30.0,10500.0,5,Ron Wyden,Democrat,OR,379,W000779
NATIONAL MINING ASSOCIATION -> Celeste Maloy,2500.0,1,31.0,7255.0,7,Celeste Maloy,Republican,UT,674,M001228
"LIVE NATION ENTERTAINMENT, INC. -> Tom Cotton",2500.0,1,31.0,2500.0,1,Tom Cotton,Republican,AR,646,C001095
NOVARTIS CORPORATION -> Jim Banks,2500.0,1,32.0,3500.0,2,Jim Banks,Republican,IN,1885,B001299
"TRANSPORT WORKERS UNION OF AMERICA, AFL-CIO -> Chris Van Hollen",2500.0,1,32.0,17500.0,6,Chris Van Hollen,Democrat,MD,61,V000128
AMERICAN VETERINARY MEDICAL ASSOCIATION -> John Garamendi,2500.0,1,33.0,7500.0,5,John Garamendi,Democrat,CA,411,G000559
CREDIT UNION NATIONAL ASSOCIATION. INC. DBA AMERICA'S CREDIT UNIONS -> Raphael G. Warnock,2500.0,1,33.0,15000.0,4,Raphael G. Warnock,Democrat,GA,200,W000790
NORTHROP GRUMMAN CORPORATION -> John R. Curtis,2500.0,1,34.0,6000.0,3,John R. Curtis,Republican,UT,1372,C001114
TIAA -> Alma S. Adams,2500.0,1,35.0,22500.0,8,Alma S. Adams,Democrat,NC,1998,A000370
TIAA -> Katherine M. Clark,2500.0,1,35.0,12000.0,5,Katherine M. Clark,Democrat,MA,1998,C001101
"LOWE'S COMPANIES, INC., -> Emilia Strong Sykes",2500.0,1,35.0,2500.0,1,Emilia Strong Sykes,Democrat,OH,1396,S001223
AMERICA'S ESSENTIAL HOSPITALS -> Ron Wyden,2500.0,1,35.0,3500.0,2,Ron Wyden,Democrat,OR,888,W000779
"LOWE'S COMPANIES, INC., -> Chuck Edwards",2500.0,1,36.0,9500.0,4,Chuck Edwards,Republican,NC,1396,E000246
"ENTERGY SERVICES, LLC -> Mark R. Warner",2500.0,1,36.0,15000.0,4,Mark R. Warner,Democrat,VA,1231,W000805
GENERAL MOTORS COMPANY -> Todd Young,2500.0,1,36.0,8500.0,4,Todd Young,Republican,IN,1208,Y000064
"EMBRAER AIRCRAFT HOLDING, INC. -> John H. Rutherford",2500.0,1,36.0,10500.0,5,John H. Rutherford,Republican,FL,885,R000609
VERIZON COMMUNICATIONS INC. AND VARIOUS SUBSIDIARIES -> Rick Scott,2500.0,1,36.0,8500.0,4,Rick Scott,Republican,FL,635,S001217
"EDWARD D. JONES & CO., L.P. -> Maria Elvira Salazar",2500.0,1,36.0,2500.0,1,Maria Elvira Salazar,Republican,FL,346,S000168
"SALTCHUK RESOURCES, INC. -> Mark Kelly",2500.0,1,37.0,2500.0,1,Mark Kelly,Democrat,AZ,1565,K000377
"SALTCHUK RESOURCES, INC. -> Trent Kelly",2500.0,1,37.0,5000.0,2,Trent Kelly,Republican,MS,1565,K000388
ASTRAZENECA PHARMACEUTICALS LP -> Yvette D. Clarke,2500.0,1,37.0,7500.0,3,Yvette D. Clarke,Democrat,NY,1329,C001067
CVS HEALTH (AND SUBSIDIARIES) -> Vern Buchanan,2500.0,1,37.0,5000.0,2,Vern Buchanan,Republican,FL,1230,B001260
"ANHEUSER-BUSCH COMPANIES, INC. -> Margaret Wood Hassan",2500.0,1,37.0,10000.0,3,Margaret Wood Hassan,Democrat,NH,618,H001076
NATIONAL AIR TRAFFIC CONTROLLERS ASSOCIATION -> Mark R. Warner,2500.0,1,37.0,11600.0,4,Mark R. Warner,Democrat,VA,157,W000805
MICROSOFT CORPORATION -> Martin Heinrich,2500.0,1,38.0,35000.0,9,Martin Heinrich,Democrat,NM,1875,H001046
AMERICAN FOREST & PAPER ASSOCIATION -> John Barrasso,2500.0,1,38.0,7500.0,3,John Barrasso,Republican,WY,207,B001261
MICROSOFT CORPORATION -> Thomas R. Suozzi,2500.0,1,39.0,2500.0,1,Thomas R. Suozzi,Democrat,NY,1875,S001201
NUCOR CORPORATION -> Norma J. Torres,2500.0,1,40.0,13500.0,6,Norma J. Torres,Democrat,CA,2041,T000474
NATIONAL FOOTBALL LEAGUE -> Mike Lee,2500.0,1,40.0,7500.0,2,Mike Lee,Republican,UT,641,L000577
"T-MOBILE USA, INC. -> Mark R. Warner",2500.0,1,41.0,19500.0,7,Mark R. Warner,Democrat,VA,615,W000805
FRESENIUS MEDICAL CARE NORTH AMERICA (FKA FRESENIUS MEDICAL CARE) -> Yvette D. Clarke,2500.0,2,41.0,18500.0,9,Yvette D. Clarke,Democrat,NY,148,C001067
BNSF RAILWAY COMPANY -> Dusty Johnson,2500.0,1,43.0,10500.0,6,Dusty Johnson,Republican,SD,1322,J000301
NATIONAL FOOTBALL LEAGUE -> Tim Scott,2500.0,1,43.0,15000.0,4,Tim Scott,Republican,SC,641,S001184
ELI LILLY AND COMPANY -> Katherine M. Clark,2500.0,1,43.0,20500.0,7,Katherine M. Clark,Democrat,MA,622,C001101
BERKSHIRE HATHAWAY ENERGY -> John R. Curtis,2500.0,2,44.0,30000.0,12,John R. Curtis,Republican,UT,738,C001114
3M COMPANY -> Betty McCollum,2500.0,1,45.0,30000.0,10,Betty McCollum,Democrat,MN,1923,M001143
ASTRAZENECA PHARMACEUTICALS LP -> Richard E. Neal,2500.0,1,45.0,17500.0,5,Richard E. Neal,Democrat,MA,1329,N000015
"ELEVANCE HEALTH, INC. (FORMERLY REPORTED AS ANTHEM, INC.) -> Steven Horsford",2500.0,1,45.0,31500.0,13,Steven Horsford,Democrat,NV,1249,H001066
"AMAZON.COM SERVICES, INC. -> Erin Houchin",2500.0,1,45.0,9000.0,5,Erin Houchin,Republican,IN,1225,H001093
GENERAL MOTORS COMPANY -> Salud O. Carbajal,2500.0,1,45.0,6500.0,4,Salud O. Carbajal,Democrat,CA,1208,C001112
BANK OF AMERICA CORPORATION -> Sean Casten,2500.0,1,45.0,5500.0,3,Sean Casten,Democrat,IL,821,C001117
"LIVE NATION ENTERTAINMENT, INC. -> Marsha Blackburn",2500.0,1,45.0,3500.0,3,Marsha Blackburn,Republican,TN,646,B001243
NORTHROP GRUMMAN CORPORATION -> Rosa L. DeLauro,2500.0,1,46.0,26000.0,10,Rosa L. DeLauro,Democrat,CT,1372,D000216
"HONEYWELL INTERNATIONAL, INC. -> Sharice Davids",2500.0,2,46.0,25000.0,13,Sharice Davids,Democrat,KS,1218,D000629
CENTER FOR SPORTFISHING POLICY (FKA CENTER FOR COASTAL CONSERVATION) -> John H. Rutherford,2500.0,1,46.0,2500.0,1,John H. Rutherford,Republican,FL,467,R000609
SAILDRONE INC. -> Tommy Tuberville,2500.0,1,47.0,4000.0,3,Tommy Tuberville,Republican,AL,2185,T000278
NATIONAL PORK PRODUCERS COUNCIL -> Deb Fischer,2500.0,1,47.0,2500.0,1,Deb Fischer,Republican,NE,405,F000463
"NATIONAL SHOOTING SPORTS FOUNDATION, INC. -> Robert B. Aderholt",2500.0,1,47.0,6893.5,6,Robert B. Aderholt,Republican,AL,402,A000055
"TRANSPORT WORKERS UNION OF AMERICA, AFL-CIO -> Yassamin Ansari",2500.0,1,47.0,5000.0,2,Yassamin Ansari,Democrat,AZ,61,A000381
MICROSOFT CORPORATION -> Mike Rounds,2500.0,1,48.0,22500.0,6,Mike Rounds,Republican,SD,1875,R000605
EXXON MOBIL CORPORATION -> Shelley Moore Capito,2500.0,1,48.0,18500.0,6,Shelley Moore Capito,Republican,WV,1285,C001047
NORFOLK SOUTHERN CORPORATION -> Shontel M. Brown,2500.0,1,48.0,11500.0,7,Shontel M. Brown,Democrat,OH,1256,B001313
"PALANTIR TECHNOLOGIES, INC. -> Roger F. Wicker",2500.0,1,48.0,3500.0,2,Roger F. Wicker,Republican,MS,1214,W000437
VERIZON COMMUNICATIONS INC. AND VARIOUS SUBSIDIARIES -> Troy A. Carter,2500.0,1,49.0,10500.0,6,Troy A. Carter,Democrat,LA,635,C001125
BANK OF AMERICA CORPORATION -> Tim Scott,2500.0,1,50.0,20000.0,6,Tim Scott,Republican,SC,821,S001184
BLACKROCK FUNDS SERVICES GROUP LLC (FORMERLY BLACKROCK CAPITAL MANAGEMENT INC.) -> Tammy Baldwin,2500.0,1,50.0,12500.0,4,Tammy Baldwin,Democrat,WI,328,B001230
MICROSOFT CORPORATION -> Ted Lieu,2500.0,1,51.0,12500.0,4,Ted Lieu,Democrat,CA,1875,L000582
WALMART INC. -> Jennifer L. McClellan,2500.0,1,52.0,4500.0,3,Jennifer L. McClellan,Democrat,VA,1881,M001227
NATIONAL FOOTBALL LEAGUE -> Margaret Wood Hassan,2500.0,1,52.0,7500.0,2,Margaret Wood Hassan,Democrat,NH,641,H001076
"CITIGROUP WASHINGTON, INC. -> Sean Casten",2500.0,1,53.0,9500.0,5,Sean Casten,Democrat,IL,1236,C001117
"NOMURA HOLDING AMERICA, INC. -> Mark R. Warner",2500.0,1,53.0,4500.0,3,Mark R. Warner,Democrat,VA,1031,W000805
"MICRON TECHNOLOGY, INC. -> Tim Kaine",2500.0,1,54.0,2500.0,1,Tim Kaine,Democrat,VA,1228,K000384
"HONEYWELL INTERNATIONAL, INC. -> Jeanne Shaheen",2500.0,1,54.0,20250.0,7,Jeanne Shaheen,Democrat,NH,1218,S001181
"APPLIED MATERIALS, INC. -> Mark R. Warner",2500.0,1,55.0,5000.0,2,Mark R. Warner,Democrat,VA,1265,W000805
"COINBASE, INC. -> Cynthia M. Lummis",2500.0,1,56.0,26100.0,6,Cynthia M. Lummis,Republican,WY,1894,L000571
AMERICA'S ESSENTIAL HOSPITALS -> Doris O. Matsui,2500.0,1,56.0,3500.0,2,Doris O. Matsui,Democrat,CA,888,M001163
BLUE CROSS AND BLUE SHIELD ASSOCIATION -> Alma S. Adams,2500.0,1,56.0,7500.0,2,Alma S. Adams,Democrat,NC,256,A000370
CSX CORPORATION -> Steny H. Hoyer,2500.0,1,57.0,12500.0,3,Steny H. Hoyer,Democrat,MD,1959,H000874
CSX CORPORATION -> Kweisi Mfume,2500.0,1,57.0,4500.0,2,Kweisi Mfume,Democrat,MD,1959,M000687
"PEPSICO, INC. -> Sean Casten",2500.0,1,57.0,3500.0,2,Sean Casten,Democrat,IL,1897,C001117
FAIR ISAAC CORPORATION (DBA FICO) -> Alma S. Adams,2500.0,1,57.0,17500.0,5,Alma S. Adams,Democrat,NC,1294,A000370
"AMAZON.COM SERVICES, INC. -> Lisa Murkowski",2500.0,1,57.0,9000.0,4,Lisa Murkowski,Republican,AK,1225,M001153
"DAVITA, INC. -> Beth Van Duyne",2500.0,1,58.0,2500.0,1,Beth Van Duyne,Republican,TX,1898,V000134
GENERAL MOTORS COMPANY -> Rosa L. DeLauro,2500.0,1,58.0,3500.0,2,Rosa L. DeLauro,Democrat,CT,1208,D000216
"TRANSPORT WORKERS UNION OF AMERICA, AFL-CIO -> Ruben Gallego",2500.0,1,59.0,8500.0,4,Ruben Gallego,Democrat,AZ,61,G000574
FAIR ISAAC CORPORATION (DBA FICO) -> Tim Scott,2100.0,1,7.0,20000.0,5,Tim Scott,Republican,SC,1294,S001184
AMERICAN ISRAEL PUBLIC AFFAIRS COMMITTEE -> Brad Sherman,2100.0,1,9.0,20000.0,5,Brad Sherman,Democrat,CA,145,S000344
AMERICAN ISRAEL PUBLIC AFFAIRS COMMITTEE -> Don Bacon,2100.0,1,15.0,15000.0,4,Don Bacon,Republican,NE,145,B001298
AMERICAN ISRAEL PUBLIC AFFAIRS COMMITTEE -> Tim Scott,2100.0,1,21.0,5000.0,2,Tim Scott,Republican,SC,145,S001184
LEAGUE OF CONSERVATION VOTERS -> Gabe Vasquez,2050.0,3,3.0,20568.3,25,Gabe Vasquez,Democrat,NM,508,V000136
LEAGUE OF CONSERVATION VOTERS -> Emilia Strong Sykes,2013.3400000000001,3,8.0,18618.88,23,Emilia Strong Sykes,Democrat,OH,508,S001223
"COVESTRO, LLC -> Shelley Moore Capito",2000.0,1,1.0,6000.0,4,Shelley Moore Capito,Republican,WV,2231,C001047
CONTINENTAL CASUALTY COMPANY -> Tammy Duckworth,2000.0,1,3.0,3000.0,2,Tammy Duckworth,Democrat,IL,1811,D000622
"ALASKA AIRLINES, INC. -> Lisa Murkowski",2000.0,1,4.0,3000.0,2,Lisa Murkowski,Republican,AK,1337,M001153
"ALZHEIMER'S ASSOCIATION -> Earl L. ""Buddy"" Carter",2000.0,2,6.0,4000.0,4,"Earl L. ""Buddy"" Carter",Republican,GA,1340,C001103
"AIRBUS AMERICAS, INC. (FORMERLY KNOWN AS AIRBUS GROUP, INC.) -> Katie Boyd Britt",2000.0,1,6.0,4500.0,2,Katie Boyd Britt,Republican,AL,1282,B001319
CSX CORPORATION -> Valerie P. Foushee,2000.0,1,7.0,8000.0,4,Valerie P. Foushee,Democrat,NC,1959,F000477
BNSF RAILWAY COMPANY -> Jay Obernolte,2000.0,2,7.0,19000.0,11,Jay Obernolte,Republican,CA,1322,O000019
"CITIGROUP WASHINGTON, INC. -> Michael Lawler",2000.0,1,8.0,9000.0,5,Michael Lawler,Republican,NY,1236,L000599
NATIONAL MINING ASSOCIATION -> Harriet M. Hageman,2000.0,2,8.0,12500.0,6,Harriet M. Hageman,Republican,WY,674,H001096
NATIONAL BUSINESS AVIATION ASSOCIATION INC -> Sean Casten,2000.0,2,8.0,2000.0,2,Sean Casten,Democrat,IL,389,C001117
RECORDING INDUSTRY ASSOCIATION OF AMERICA INC -> Madeleine Dean,2000.0,1,11.0,2000.0,1,Madeleine Dean,Democrat,PA,151,D000631
NUCOR CORPORATION -> Carol D. Miller,2000.0,1,13.0,22000.0,6,Carol D. Miller,Republican,WV,2041,M001205
GENERAL DYNAMICS CORPORATION -> Scott H. Peters,2000.0,2,13.0,15500.0,10,Scott H. Peters,Democrat,CA,1201,P000608
EXELON BUSINESS SERVICES LLC (FORMERLY KNOWN AS CONSTELLATION ENERGY GROUP) -> Chris Van Hollen,2000.0,2,14.0,2000.0,2,Chris Van Hollen,Democrat,MD,747,V000128
MICROSOFT CORPORATION -> John R. Moolenaar,2000.0,1,15.0,9000.0,4,John R. Moolenaar,Republican,MI,1875,M001194
RECORDING INDUSTRY ASSOCIATION OF AMERICA INC -> Marsha Blackburn,2000.0,1,15.0,11700.0,5,Marsha Blackburn,Republican,TN,151,B001243
"AIRBUS AMERICAS, INC. (FORMERLY KNOWN AS AIRBUS GROUP, INC.) -> Jasmine Crockett",2000.0,1,17.0,12000.0,4,Jasmine Crockett,Democrat,TX,1282,C001130
WALMART INC. -> Salud O. Carbajal,2000.0,2,18.0,6500.0,4,Salud O. Carbajal,Democrat,CA,1881,C001112
AMERICAN ACADEMY OF OPHTHALMOLOGY -> Brian Babin,2000.0,2,18.0,4000.0,4,Brian Babin,Republican,TX,481,B001291
WALMART INC. -> Jodey C. Arrington,2000.0,2,19.0,14500.0,13,Jodey C. Arrington,Republican,TX,1881,A000375
VERIZON COMMUNICATIONS INC. AND VARIOUS SUBSIDIARIES -> Tim Kaine,2000.0,1,19.0,7000.0,5,Tim Kaine,Democrat,VA,635,K000384
CENTENE CORPORATION -> Ann Wagner,2000.0,1,20.0,9000.0,5,Ann Wagner,Republican,MO,1903,W000812
BRISTOL-MYERS SQUIBB COMPANY -> Robin L. Kelly,2000.0,2,21.0,9500.0,7,Robin L. Kelly,Democrat,IL,706,K000385
"NATIONAL SHOOTING SPORTS FOUNDATION, INC. -> Steve Daines",2000.0,1,22.0,5000.0,2,Steve Daines,Republican,MT,402,D000618
NATIONAL AIR TRAFFIC CONTROLLERS ASSOCIATION -> Nellie Pou,2000.0,2,23.0,10000.0,6,Nellie Pou,Democrat,NJ,157,P000621
SPECIALTY EQUIPMENT MARKET ASSOCIATION -> Blake D. Moore,2000.0,2,27.0,3000.0,3,Blake D. Moore,Republican,UT,487,M001213
AMERICAN LAND TITLE ASSOCIATION -> Brian Jack,2000.0,1,27.0,2000.0,1,Brian Jack,Republican,GA,388,J000311
INTEL CORPORATION -> Greg Stanton,2000.0,1,31.0,13500.0,6,Greg Stanton,Democrat,AZ,1901,S001211
"BP AMERICA, INC. -> Frank J. Mrvan",2000.0,1,31.0,8500.0,3,Frank J. Mrvan,Democrat,IN,1238,M001214
PARSONS CORPORATION -> Mark R. Warner,2000.0,1,34.0,9500.0,4,Mark R. Warner,Democrat,VA,2017,W000805
"NATIONAL SHOOTING SPORTS FOUNDATION, INC. -> Glenn Grothman",2000.0,1,34.0,4000.0,3,Glenn Grothman,Republican,WI,402,G000576
WALMART INC. -> Sheila Cherfilus-McCormick,2000.0,2,36.0,4000.0,4,Sheila Cherfilus-McCormick,Democrat,FL,1881,C001127
SAFARI CLUB INTERNATIONAL -> Blake D. Moore,2000.0,1,43.0,10000.0,3,Blake D. Moore,Republican,UT,1172,M001213
"CUMMINS, INC. -> Charles E. Schumer",2000.0,1,47.0,6000.0,2,Charles E. Schumer,Democrat,NY,2002,S000148
WALMART INC. -> Margaret Wood Hassan,2000.0,1,47.0,16000.0,6,Margaret Wood Hassan,Democrat,NH,1881,H001076
NATIONAL ASSOCIATION OF BROADCASTERS -> Eric Swalwell,2000.0,1,48.0,8000.0,5,Eric Swalwell,Democrat,CA,325,S001193
EXXON MOBIL CORPORATION -> Steven Horsford,2000.0,1,49.0,7000.0,3,Steven Horsford,Democrat,NV,1285,H001066
"YAHOO INC, AND VAR. SUBS/AFFILIATES (FKA COLLEGE PARENT, L.P. DBA ""YAHOO"") -> Gary C. Peters",2000.0,2,49.0,2000.0,2,Gary C. Peters,Democrat,MI,121,P000595
"AMAZON.COM SERVICES, INC. -> Suhas Subramanyam",2000.0,1,50.0,2000.0,1,Suhas Subramanyam,Democrat,VA,1225,S001230
"NASDAQ, INC. -> Mike Rounds",2000.0,1,51.0,2000.0,1,Mike Rounds,Republican,SD,1950,R000605
NORFOLK SOUTHERN CORPORATION -> Rick Larsen,2000.0,1,52.0,13500.0,6,Rick Larsen,Democrat,WA,1256,L000560
"AMAZON.COM SERVICES, INC. -> Gus M. Bilirakis",2000.0,1,52.0,6500.0,4,Gus M. Bilirakis,Republican,FL,1225,B001257
"AMAZON.COM SERVICES, INC. -> Randy Feenstra",2000.0,1,56.0,9000.0,6,Randy Feenstra,Republican,IA,1225,F000446
"NATIONAL SHOOTING SPORTS FOUNDATION, INC. -> Carol D. Miller",1888.0,4,42.0,5671.24,10,Carol D. Miller,Republican,WV,402,M001205
BOEING COMPANY -> Ann Wagner,1500.0,1,1.0,22000.0,14,Ann Wagner,Republican,MO,1942,W000812
AMERICAN VETERINARY MEDICAL ASSOCIATION -> John B. Larson,1500.0,1,2.0,12500.0,8,John B. Larson,Democrat,CT,411,L000557
NATIONAL AIR TRAFFIC CONTROLLERS ASSOCIATION -> Greg Stanton,1500.0,1,2.0,15000.0,7,Greg Stanton,Democrat,AZ,157,S001211
AMERICAN FINANCIAL SERVICES ASSOCIATION -> Mike Rounds,1500.0,1,5.0,12000.0,7,Mike Rounds,Republican,SD,482,R000605
LEAGUE OF CONSERVATION VOTERS -> Deborah K. Ross,1500.0,1,7.0,3575.0,4,Deborah K. Ross,Democrat,NC,508,R000305
"PFIZER, INC. -> Ruben Gallego",1500.0,1,10.0,3000.0,2,Ruben Gallego,Democrat,AZ,1879,G000574
NATIONAL MINING ASSOCIATION -> John Thune,1500.0,2,14.0,1500.0,2,John Thune,Republican,SD,674,T000250
"340B HEALTH -> Frank Pallone, Jr.",1500.0,1,28.0,4000.0,2,"Frank Pallone, Jr.",Democrat,NJ,1412,P000034
MICROSOFT CORPORATION -> Debbie Wasserman Schultz,1500.0,1,31.0,3000.0,2,Debbie Wasserman Schultz,Democrat,FL,1875,W000797
OCCIDENTAL PETROLEUM CORPORATION -> Vicente Gonzalez,1500.0,1,33.0,8500.0,4,Vicente Gonzalez,Democrat,TX,1246,G000581
"ALASKA AIRLINES, INC. -> Tammy Duckworth",1500.0,1,35.0,3500.0,2,Tammy Duckworth,Democrat,IL,1337,D000622
"ALTRIA CLIENT SERVICES, LLC -> Beth Van Duyne",1500.0,1,35.0,1500.0,1,Beth Van Duyne,Republican,TX,613,V000134
CVS HEALTH (AND SUBSIDIARIES) -> Steven Horsford,1500.0,1,36.0,8500.0,6,Steven Horsford,Democrat,NV,1230,H001066
"L3HARRIS TECHNOLOGIES, INC. -> Jeanne Shaheen",1500.0,1,42.0,25000.0,6,Jeanne Shaheen,Democrat,NH,1774,S001181
"BAE SYSTEMS, INC. -> Jeanne Shaheen",1500.0,1,42.0,19500.0,7,Jeanne Shaheen,Democrat,NH,1304,S001181
CTIA - THE WIRELESS ASSOCIATION -> John Thune,1500.0,1,43.0,12500.0,9,John Thune,Republican,SD,327,T000250
"FIRST SOLAR, INC. -> Marcy Kaptur",1500.0,1,44.0,10000.0,3,Marcy Kaptur,Democrat,OH,1430,K000009
"COINBASE, INC. -> Daniel Meuser",1500.0,1,46.0,1500.0,1,Daniel Meuser,Republican,PA,1894,M001204
AMERICAN PUBLIC POWER ASSOCIATION -> Lisa Murkowski,1500.0,1,49.0,7500.0,5,Lisa Murkowski,Republican,AK,496,M001153
"MERCK & COMPANY, INC. -> Mark R. Warner",1500.0,1,50.0,6000.0,4,Mark R. Warner,Democrat,VA,1232,W000805
PARSONS CORPORATION -> Pete Aguilar,1500.0,1,51.0,12000.0,7,Pete Aguilar,Democrat,CA,2017,A000371
"EMD SERONO, INC. -> Mike Carey",1500.0,1,55.0,1500.0,1,Mike Carey,Republican,OH,1255,C001126
COMCAST CORPORATION -> Bennie G. Thompson,1500.0,1,59.0,12000.0,9,Bennie G. Thompson,Democrat,MS,1874,T000193
LEAGUE OF CONSERVATION VOTERS -> Lauren Underwood,1481.47,1,21.0,7500.0,10,Lauren Underwood,Democrat,IL,508,U000040
WELLS FARGO & COMPANY -> Brittany Pettersen,1300.0,2,15.0,9800.0,6,Brittany Pettersen,Democrat,CO,658,P000620
"ENTERGY SERVICES, LLC -> Roger F. Wicker",1250.0,2,23.0,25750.0,11,Roger F. Wicker,Republican,MS,1231,W000437
CVS HEALTH (AND SUBSIDIARIES) -> Jodey C. Arrington,1250.0,1,29.0,7500.0,4,Jodey C. Arrington,Republican,TX,1230,A000375
LEAGUE OF CONSERVATION VOTERS -> Suzanne Bonamici,1093.53,3,1.0,1098.56,4,Suzanne Bonamici,Democrat,OR,508,B001278
LEAGUE OF CONSERVATION VOTERS -> Kathy Castor,1050.0,2,1.0,8568.53,10,Kathy Castor,Democrat,FL,508,C001066
LEAGUE OF CONSERVATION VOTERS -> Cory A. Booker,1050.0,2,4.0,1100.0,3,Cory A. Booker,Democrat,NJ,508,B001288
LEAGUE OF CONSERVATION VOTERS -> Kristen McDonald Rivet,1050.0,2,12.0,9206.99,12,Kristen McDonald Rivet,Democrat,MI,508,M001237
LEAGUE OF CONSERVATION VOTERS -> Andrea Salinas,1050.0,2,12.0,20860.559999999998,22,Andrea Salinas,Democrat,OR,508,S001226
LEAGUE OF CONSERVATION VOTERS -> Thomas R. Suozzi,1050.0,2,17.0,9621.56,10,Thomas R. Suozzi,Democrat,NY,508,S001201
LEAGUE OF CONSERVATION VOTERS -> Jack Reed,1050.0,2,44.0,1050.0,2,Jack Reed,Democrat,RI,508,R000122
GENERAL MOTORS COMPANY -> Jodey C. Arrington,1000.0,1,0.0,9000.0,5,Jodey C. Arrington,Republican,TX,1208,A000375
LEAGUE OF CONSERVATION VOTERS -> Seth Magaziner,1000.0,1,0.0,11018.53,10,Seth Magaziner,Democrat,RI,508,M001223
AMERICAN ASSOCIATION OF NURSE PRACTITIONERS -> Glenn Grothman,1000.0,1,0.0,3500.0,2,Glenn Grothman,Republican,WI,305,G000576
NATIONAL RETAIL FEDERATION -> Dusty Johnson,1000.0,1,1.0,5000.0,5,Dusty Johnson,Republican,SD,700,J000301
ERICSSON INC. -> Roger F. Wicker,1000.0,1,2.0,2000.0,2,Roger F. Wicker,Republican,MS,1993,W000437
"ELEVANCE HEALTH, INC. (FORMERLY REPORTED AS ANTHEM, INC.) -> Dusty Johnson",1000.0,1,2.0,1000.0,1,Dusty Johnson,Republican,SD,1249,J000301
AMERICAN GAMING ASSOCIATION -> Guy Reschenthaler,1000.0,1,2.0,3000.0,3,Guy Reschenthaler,Republican,PA,723,R000610
MICROSOFT CORPORATION -> Haley M. Stevens,1000.0,1,3.0,4500.0,3,Haley M. Stevens,Democrat,MI,1875,S001215
FRESENIUS MEDICAL CARE NORTH AMERICA (FKA FRESENIUS MEDICAL CARE) -> Martin Heinrich,1000.0,1,3.0,3500.0,2,Martin Heinrich,Democrat,NM,148,H001046
BOEING COMPANY -> Brian Schatz,1000.0,1,5.0,7000.0,4,Brian Schatz,Democrat,HI,1942,S001194
WALMART INC. -> Brittany Pettersen,1000.0,1,5.0,7000.0,6,Brittany Pettersen,Democrat,CO,1881,P000620
"DELL TECHNOLOGIES, INC. -> Blake D. Moore",1000.0,1,5.0,22000.0,7,Blake D. Moore,Republican,UT,1245,M001213
"AMAZON.COM SERVICES, INC. -> Aaron Bean",1000.0,1,5.0,6000.0,6,Aaron Bean,Republican,FL,1225,B001314
GENERAL MOTORS COMPANY -> Tammy Baldwin,1000.0,1,5.0,2500.0,2,Tammy Baldwin,Democrat,WI,1208,B001230
NATIONAL RETAIL FEDERATION -> Tom Emmer,1000.0,1,5.0,8000.0,7,Tom Emmer,Republican,MN,700,E000294
AMERICAN VETERINARY MEDICAL ASSOCIATION -> Claudia Tenney,1000.0,1,5.0,2000.0,2,Claudia Tenney,Republican,NY,411,T000478
EVERYTOWN FOR GUN SAFETY ACTION FUND -> Bradley Scott Schneider,1000.0,1,5.0,2000.0,2,Bradley Scott Schneider,Democrat,IL,79,S001190
"AMAZON.COM SERVICES, INC. -> Andrew R. Garbarino",1000.0,1,6.0,13000.0,7,Andrew R. Garbarino,Republican,NY,1225,G000597
NATIONAL BUSINESS AVIATION ASSOCIATION INC -> Jay Obernolte,1000.0,1,6.0,9500.0,5,Jay Obernolte,Republican,CA,389,O000019
WALMART INC. -> Guy Reschenthaler,1000.0,1,7.0,10000.0,7,Guy Reschenthaler,Republican,PA,1881,R000610
MICROSOFT CORPORATION -> Andrew R. Garbarino,1000.0,1,7.0,28000.0,12,Andrew R. Garbarino,Republican,NY,1875,G000597
"AMERICAN AIRLINES INC (FORMERLY REPORTED AS ""AMERICAN AIRLINES"") -> Adriano Espaillat",1000.0,1,7.0,2000.0,2,Adriano Espaillat,Democrat,NY,1202,E000297
"AMERICAN AIRLINES INC (FORMERLY REPORTED AS ""AMERICAN AIRLINES"") -> Mike Flood",1000.0,1,7.0,1000.0,1,Mike Flood,Republican,NE,1202,F000474
AMERICAN VETERINARY MEDICAL ASSOCIATION -> Ronny Jackson,1000.0,1,7.0,3500.0,3,Ronny Jackson,Republican,TX,411,J000304
AMERICAN CLEAN POWER ASSOCIATION -> Kathy Castor,1000.0,1,8.0,3500.0,3,Kathy Castor,Democrat,FL,331,C001066
CTIA - THE WIRELESS ASSOCIATION -> Mark R. Warner,1000.0,1,8.0,8500.0,7,Mark R. Warner,Democrat,VA,327,W000805
"TRANSPORT WORKERS UNION OF AMERICA, AFL-CIO -> Melanie A. Stansbury",1000.0,1,8.0,8500.0,5,Melanie A. Stansbury,Democrat,NM,61,S001218
"ALASKA AIRLINES, INC. -> Mazie K. Hirono",1000.0,1,9.0,11000.0,3,Mazie K. Hirono,Democrat,HI,1337,H001042
CTIA - THE WIRELESS ASSOCIATION -> Erin Houchin,1000.0,1,10.0,1000.0,1,Erin Houchin,Republican,IN,327,H001093
"ELEVANCE HEALTH, INC. (FORMERLY REPORTED AS ANTHEM, INC.) -> Kim Schrier",1000.0,1,11.0,3500.0,3,Kim Schrier,Democrat,WA,1249,S001216
NATIONAL ELECTRICAL MANUFACTURERS ASSOCIATION -> Russell Fry,1000.0,1,12.0,1000.0,1,Russell Fry,Republican,SC,353,F000478
"TRANSPORT WORKERS UNION OF AMERICA, AFL-CIO -> Henry C. ""Hank"" Johnson, Jr.",1000.0,1,12.0,13000.0,6,"Henry C. ""Hank"" Johnson, Jr.",Democrat,GA,61,J000288
"T-MOBILE USA, INC. -> Tim Kaine",1000.0,1,13.0,7000.0,5,Tim Kaine,Democrat,VA,615,K000384
BOEING COMPANY -> Nancy Mace,1000.0,1,14.0,5000.0,5,Nancy Mace,Republican,SC,1942,M000194
"AMAZON.COM SERVICES, INC. -> Donald Norcross",1000.0,1,14.0,1000.0,1,Donald Norcross,Democrat,NJ,1225,N000188
NATIONAL ELECTRICAL MANUFACTURERS ASSOCIATION -> Chrissy Houlahan,1000.0,1,14.0,1000.0,1,Chrissy Houlahan,Democrat,PA,353,H001085
BOEING COMPANY -> Lisa Murkowski,1000.0,1,15.0,1000.0,1,Lisa Murkowski,Republican,AK,1942,M001153
EXXON MOBIL CORPORATION -> John Joyce,1000.0,1,15.0,2000.0,2,John Joyce,Republican,PA,1285,J000302
WALMART INC. -> Diana Harshbarger,1000.0,1,16.0,8000.0,7,Diana Harshbarger,Republican,TN,1881,H001086
"IDEMIA IDENTITY & SECURITY USA, LLC (FORMERLY IDEMIA CIVIL IDENTITY NA LLC) -> Carlos A. Gimenez",1000.0,1,16.0,1000.0,1,Carlos A. Gimenez,Republican,FL,188,G000593
PACIFIC GAS AND ELECTRIC COMPANY (FORMERLY PG&E CORPORATION) -> Zoe Lofgren,1000.0,1,17.0,6000.0,2,Zoe Lofgren,Democrat,CA,379,L000397
ELI LILLY AND COMPANY -> John Joyce,1000.0,1,18.0,11000.0,6,John Joyce,Republican,PA,622,J000302
SYNCHRONY FINANCIAL -> Christopher Murphy,1000.0,1,19.0,1000.0,1,Christopher Murphy,Democrat,CT,1364,M001169
"BLUE ORIGIN, LLC -> Mike Haridopolos",1000.0,1,19.0,5000.0,2,Mike Haridopolos,Republican,FL,1253,H001099
"AMERICAN AIRLINES INC (FORMERLY REPORTED AS ""AMERICAN AIRLINES"") -> Sharice Davids",1000.0,1,19.0,6000.0,6,Sharice Davids,Democrat,KS,1202,D000629
WALMART INC. -> Sharice Davids,1000.0,1,20.0,10500.0,6,Sharice Davids,Democrat,KS,1881,D000629
ELI LILLY AND COMPANY -> Erin Houchin,1000.0,1,20.0,8000.0,4,Erin Houchin,Republican,IN,622,H001093
LPL FINANCIAL LLC -> Thom Tillis,1000.0,1,21.0,11000.0,4,Thom Tillis,Republican,NC,1698,T000476
"MOLINA HEALTHCARE, INC. -> Veronica Escobar",1000.0,1,21.0,9000.0,7,Veronica Escobar,Democrat,TX,1448,E000299
PARSONS CORPORATION -> Nancy Mace,1000.0,1,22.0,1000.0,1,Nancy Mace,Republican,SC,2017,M000194
"HUNTINGTON INGALLS INDUSTRIES, INC. (FKA HUNTINGTON INGALLS INCORPORATED) -> Angus S. King, Jr.",1000.0,1,22.0,20000.0,12,"Angus S. King, Jr.",Independent,ME,697,K000383
VERIZON COMMUNICATIONS INC. AND VARIOUS SUBSIDIARIES -> Emily Randall,1000.0,1,22.0,1000.0,1,Emily Randall,Democrat,WA,635,R000621
BOEING COMPANY -> Troy E. Nehls,1000.0,1,23.0,3000.0,3,Troy E. Nehls,Republican,TX,1942,N000026
CREDIT UNION NATIONAL ASSOCIATION. INC. DBA AMERICA'S CREDIT UNIONS -> Roger Williams,1000.0,1,23.0,17500.0,5,Roger Williams,Republican,TX,200,W000816
"BAE SYSTEMS, INC. -> Charles E. Schumer",1000.0,1,26.0,8500.0,4,Charles E. Schumer,Democrat,NY,1304,S000148
WELLS FARGO & COMPANY -> Steven Horsford,1000.0,1,27.0,10200.0,8,Steven Horsford,Democrat,NV,658,H001066
GENERAL MOTORS COMPANY -> Emilia Strong Sykes,1000.0,1,28.0,8000.0,7,Emilia Strong Sykes,Democrat,OH,1208,S001223
AMERICAN GAMING ASSOCIATION -> David G. Valadao,1000.0,1,28.0,1000.0,1,David G. Valadao,Republican,CA,723,V000129
EVERYTOWN FOR GUN SAFETY ACTION FUND -> Robin L. Kelly,1000.0,1,28.0,2000.0,2,Robin L. Kelly,Democrat,IL,79,K000385
"ELEVANCE HEALTH, INC. (FORMERLY REPORTED AS ANTHEM, INC.) -> Debbie Wasserman Schultz",1000.0,1,29.0,5500.0,4,Debbie Wasserman Schultz,Democrat,FL,1249,W000797
"AMAZON.COM SERVICES, INC. -> Julia Brownley",1000.0,1,29.0,1000.0,1,Julia Brownley,Democrat,CA,1225,B001285
GENERAL MOTORS COMPANY -> Greg Stanton,1000.0,1,29.0,13000.0,7,Greg Stanton,Democrat,AZ,1208,S001211
"NATIONAL SHOOTING SPORTS FOUNDATION, INC. -> Jack Bergman",1000.0,1,29.0,7500.0,4,Jack Bergman,Republican,MI,402,B001301
WALMART INC. -> Glenn Ivey,1000.0,1,30.0,4500.0,4,Glenn Ivey,Democrat,MD,1881,I000058
"UNITED STATES STEEL CORPORATION -> Eric A. ""Rick"" Crawford",1000.0,1,30.0,4000.0,3,"Eric A. ""Rick"" Crawford",Republican,AR,636,C001087
"AIRBUS AMERICAS, INC. (FORMERLY KNOWN AS AIRBUS GROUP, INC.) -> Tammy Duckworth",1000.0,1,33.0,3500.0,2,Tammy Duckworth,Democrat,IL,1282,D000622
BLUE CROSS AND BLUE SHIELD ASSOCIATION -> Todd Young,1000.0,1,33.0,13500.0,7,Todd Young,Republican,IN,256,Y000064
"TRANSPORT WORKERS UNION OF AMERICA, AFL-CIO -> Seth Moulton",1000.0,1,33.0,5000.0,4,Seth Moulton,Democrat,MA,61,M001196
CSX CORPORATION -> Terri A. Sewell,1000.0,1,34.0,4500.0,3,Terri A. Sewell,Democrat,AL,1959,S001185
"AMERICAN AIRLINES INC (FORMERLY REPORTED AS ""AMERICAN AIRLINES"") -> Sydney Kamlager-Dove",1000.0,1,34.0,1000.0,1,Sydney Kamlager-Dove,Democrat,CA,1202,K000400
"LIVE NATION ENTERTAINMENT, INC. -> Ted Cruz",1000.0,1,34.0,10500.0,5,Ted Cruz,Republican,TX,646,C001098
BOEING COMPANY -> Sharice Davids,1000.0,1,35.0,9000.0,7,Sharice Davids,Democrat,KS,1942,D000629
SPECIALTY EQUIPMENT MARKET ASSOCIATION -> Pete Ricketts,1000.0,1,35.0,5000.0,4,Pete Ricketts,Republican,NE,487,R000618
"CARGILL, INCORPORATED -> Adrian Smith",1000.0,1,36.0,3500.0,3,Adrian Smith,Republican,NE,1926,S001172
XCEL ENERGY INC -> Mark R. Warner,1000.0,1,36.0,1000.0,1,Mark R. Warner,Democrat,VA,1689,W000805
CVS HEALTH (AND SUBSIDIARIES) -> Margaret Wood Hassan,1000.0,1,36.0,6000.0,3,Margaret Wood Hassan,Democrat,NH,1230,H001076
SAFARI CLUB INTERNATIONAL -> Lauren Boebert,1000.0,1,36.0,1000.0,1,Lauren Boebert,Republican,CO,1172,B000825
"T-MOBILE USA, INC. -> Janice D. Schakowsky",1000.0,1,36.0,4000.0,4,Janice D. Schakowsky,Democrat,IL,615,S001145
LEAGUE OF CONSERVATION VOTERS -> Luz M. Rivas,1000.0,1,36.0,4625.0,5,Luz M. Rivas,Democrat,CA,508,R000620
AMERICAN LAND TITLE ASSOCIATION -> Mark R. Warner,1000.0,1,36.0,22500.0,7,Mark R. Warner,Democrat,VA,388,W000805
BOEING COMPANY -> John Garamendi,1000.0,1,37.0,6000.0,5,John Garamendi,Democrat,CA,1942,G000559
"ALASKA AIRLINES, INC. -> Norma J. Torres",1000.0,1,37.0,2000.0,2,Norma J. Torres,Democrat,CA,1337,T000474
"AMAZON.COM SERVICES, INC. -> J. Luis Correa",1000.0,1,37.0,6500.0,4,J. Luis Correa,Democrat,CA,1225,C001110
SIEMENS CORPORATION -> Lucy McBath,1000.0,1,38.0,3500.0,2,Lucy McBath,Democrat,GA,1952,M001208
WALMART INC. -> David G. Valadao,1000.0,1,38.0,17500.0,11,David G. Valadao,Republican,CA,1881,V000129
"GILEAD SCIENCES, INC. -> Mike Carey",1000.0,1,38.0,1000.0,1,Mike Carey,Republican,OH,1204,C001126
"NATIONAL SHOOTING SPORTS FOUNDATION, INC. -> Ashley Hinson",1000.0,1,38.0,3131.58,5,Ashley Hinson,Republican,IA,402,H001091
"NATIONAL SHOOTING SPORTS FOUNDATION, INC. -> Tracey Mann",1000.0,1,38.0,6000.0,4,Tracey Mann,Republican,KS,402,M000871
BLUE CROSS AND BLUE SHIELD ASSOCIATION -> Jodey C. Arrington,1000.0,1,38.0,5500.0,4,Jodey C. Arrington,Republican,TX,256,A000375
RITE AID CORPORATION -> Janice D. Schakowsky,1000.0,1,39.0,1000.0,1,Janice D. Schakowsky,Democrat,IL,1599,S001145
"FORD MOTOR COMPANY, INC. -> John R. Moolenaar",1000.0,1,39.0,4500.0,3,John R. Moolenaar,Republican,MI,1227,M001194
GENERAL MOTORS COMPANY -> Troy A. Carter,1000.0,1,39.0,8500.0,5,Troy A. Carter,Democrat,LA,1208,C001125
"AMERICAN AIRLINES INC (FORMERLY REPORTED AS ""AMERICAN AIRLINES"") -> Frederica S. Wilson",1000.0,1,39.0,11000.0,8,Frederica S. Wilson,Democrat,FL,1202,W000808
EXELON BUSINESS SERVICES LLC (FORMERLY KNOWN AS CONSTELLATION ENERGY GROUP) -> Mike Crapo,1000.0,1,39.0,5500.0,4,Mike Crapo,Republican,ID,747,C000880
BRISTOL-MYERS SQUIBB COMPANY -> Ruben Gallego,1000.0,1,39.0,3750.0,4,Ruben Gallego,Democrat,AZ,706,G000574
BOEING COMPANY -> Daniel Webster,1000.0,1,40.0,2000.0,2,Daniel Webster,Republican,FL,1942,W000806
"ARDELYX, INC. -> Yvette D. Clarke",1000.0,1,40.0,2500.0,3,Yvette D. Clarke,Democrat,NY,1919,C001067
GENERAL MOTORS COMPANY -> Margaret Wood Hassan,1000.0,1,40.0,4500.0,3,Margaret Wood Hassan,Democrat,NH,1208,H001076
"GILEAD SCIENCES, INC. -> Bill Cassidy",1000.0,1,40.0,14000.0,6,Bill Cassidy,Republican,LA,1204,C001075
"T-MOBILE USA, INC. -> Marsha Blackburn",1000.0,1,40.0,15500.0,6,Marsha Blackburn,Republican,TN,615,B001243
AMERICAN CLEAN POWER ASSOCIATION -> Paul Tonko,1000.0,1,40.0,14000.0,7,Paul Tonko,Democrat,NY,331,T000469
CSX CORPORATION -> Frank J. Mrvan,1000.0,1,41.0,3000.0,3,Frank J. Mrvan,Democrat,IN,1959,M001214
"AMERICAN AIRLINES INC (FORMERLY REPORTED AS ""AMERICAN AIRLINES"") -> Tammy Duckworth",1000.0,1,41.0,1000.0,1,Tammy Duckworth,Democrat,IL,1202,D000622
MASTERCARD WORLDWIDE -> Tim Scott,1000.0,1,42.0,7000.0,3,Tim Scott,Republican,SC,1421,S001184
EXPERIAN NORTH AMERICA -> Chris Van Hollen,1000.0,1,42.0,6000.0,2,Chris Van Hollen,Democrat,MD,798,V000128
NATIONAL MINING ASSOCIATION -> Mike Kennedy,1000.0,2,42.0,1000.0,2,Mike Kennedy,Republican,UT,674,K000403
"NUCLEAR ENERGY INSTITUTE, INC. -> Mark R. Warner",1000.0,1,42.0,3500.0,3,Mark R. Warner,Democrat,VA,667,W000805
NATIONAL ELECTRICAL MANUFACTURERS ASSOCIATION -> Marilyn Strickland,1000.0,1,42.0,1000.0,1,Marilyn Strickland,Democrat,WA,353,S001159
NORFOLK SOUTHERN CORPORATION -> Troy A. Carter,1000.0,1,43.0,11500.0,6,Troy A. Carter,Democrat,LA,1256,C001125
NATIONAL RETAIL FEDERATION -> Zoe Lofgren,1000.0,1,43.0,4000.0,4,Zoe Lofgren,Democrat,CA,700,L000397
SOLAR ENERGY INDUSTRIES ASSOCIATION -> Martin Heinrich,1000.0,1,43.0,16000.0,4,Martin Heinrich,Democrat,NM,363,H001046
MICROSOFT CORPORATION -> Zoe Lofgren,1000.0,1,44.0,11000.0,5,Zoe Lofgren,Democrat,CA,1875,L000397
BOEING COMPANY -> Rosa L. DeLauro,1000.0,1,45.0,49500.0,23,Rosa L. DeLauro,Democrat,CT,1942,D000216
"AMAZON.COM SERVICES, INC. -> James A. Himes",1000.0,1,45.0,9500.0,4,James A. Himes,Democrat,CT,1225,H001047
"NUCLEAR ENERGY INSTITUTE, INC. -> Byron Donalds",1000.0,1,45.0,1000.0,1,Byron Donalds,Republican,FL,667,D000032
AMERICAN EXPLORATION & PRODUCTION COUNCIL -> Jodey C. Arrington,1000.0,1,45.0,7500.0,4,Jodey C. Arrington,Republican,TX,294,A000375
CREDIT UNION NATIONAL ASSOCIATION. INC. DBA AMERICA'S CREDIT UNIONS -> Katie Boyd Britt,1000.0,1,45.0,33500.0,8,Katie Boyd Britt,Republican,AL,200,B001319
NAREIT -> Jimmy Gomez,1000.0,1,46.0,26000.0,11,Jimmy Gomez,Democrat,CA,1940,G000585
"AMAZON.COM SERVICES, INC. -> Michael T. McCaul",1000.0,1,46.0,4500.0,3,Michael T. McCaul,Republican,TX,1225,M001157
NOVARTIS CORPORATION -> Ruben Gallego,1000.0,1,47.0,5250.0,4,Ruben Gallego,Democrat,AZ,1885,G000574
WALMART INC. -> Jonathan L. Jackson,1000.0,1,47.0,3500.0,3,Jonathan L. Jackson,Democrat,IL,1881,J000309
ALZHEIMER'S ASSOCIATION -> Mike Carey,1000.0,1,47.0,1000.0,1,Mike Carey,Republican,OH,1340,C001126
"AMAZON.COM SERVICES, INC. -> Ted Cruz",1000.0,1,47.0,6250.0,3,Ted Cruz,Republican,TX,1225,C001098
BOEING COMPANY -> Seth Moulton,1000.0,1,48.0,5000.0,5,Seth Moulton,Democrat,MA,1942,M001196
"CHEVRON U.S.A., INC. -> Ashley Hinson",1000.0,1,48.0,13500.0,4,Ashley Hinson,Republican,IA,1385,H001091
GENERAL MOTORS COMPANY -> Sharice Davids,1000.0,1,48.0,16500.0,12,Sharice Davids,Democrat,KS,1208,D000629
EVERYTOWN FOR GUN SAFETY ACTION FUND -> Diana DeGette,1000.0,1,48.0,1000.0,1,Diana DeGette,Democrat,CO,79,D000197
"AMAZON.COM SERVICES, INC. -> Brian Schatz",1000.0,1,49.0,13500.0,6,Brian Schatz,Democrat,HI,1225,S001194
"ALTRIA CLIENT SERVICES, LLC -> Bennie G. Thompson",1000.0,1,49.0,25000.0,10,Bennie G. Thompson,Democrat,MS,613,T000193
LEAGUE OF CONSERVATION VOTERS -> Tammy Baldwin,1000.0,1,49.0,7550.0,7,Tammy Baldwin,Democrat,WI,508,B001230
NORTHROP GRUMMAN CORPORATION -> Ted Lieu,1000.0,1,50.0,31000.0,11,Ted Lieu,Democrat,CA,1372,L000582
COMCAST CORPORATION -> Norma J. Torres,1000.0,1,52.0,6500.0,4,Norma J. Torres,Democrat,CA,1874,T000474
"AMAZON.COM SERVICES, INC. -> Seth Moulton",1000.0,1,52.0,3500.0,2,Seth Moulton,Democrat,MA,1225,M001196
NATIONAL AIR TRAFFIC CONTROLLERS ASSOCIATION -> Veronica Escobar,1000.0,1,52.0,7000.0,4,Veronica Escobar,Democrat,TX,157,E000299
"AMAZON.COM SERVICES, INC. -> Frank Pallone, Jr.",1000.0,1,53.0,15000.0,5,"Frank Pallone, Jr.",Democrat,NJ,1225,P000034
AMERICAN LAND TITLE ASSOCIATION -> Maria Elvira Salazar,1000.0,1,54.0,1000.0,1,Maria Elvira Salazar,Republican,FL,388,S000168
"HUMANA, INC. -> Maria Elvira Salazar",1000.0,1,55.0,5000.0,3,Maria Elvira Salazar,Republican,FL,1920,S000168
"T-MOBILE USA, INC. -> Susie Lee",1000.0,1,55.0,8000.0,5,Susie Lee,Democrat,NV,615,L000590
PACIFIC GAS AND ELECTRIC COMPANY (FORMERLY PG&E CORPORATION) -> Jared Huffman,1000.0,1,55.0,7000.0,7,Jared Huffman,Democrat,CA,379,H001068
AMERICAN VETERINARY MEDICAL ASSOCIATION -> Cindy Hyde-Smith,1000.0,1,56.0,6000.0,3,Cindy Hyde-Smith,Republican,MS,411,H001079
EVERYTOWN FOR GUN SAFETY ACTION FUND -> Madeleine Dean,1000.0,1,56.0,1000.0,1,Madeleine Dean,Democrat,PA,79,D000631
"NATIONAL SHOOTING SPORTS FOUNDATION, INC. -> Ben Cline",1000.0,1,57.0,7000.0,5,Ben Cline,Republican,VA,402,C001118
GENERAL MOTORS COMPANY -> Paul Tonko,1000.0,1,58.0,3000.0,3,Paul Tonko,Democrat,NY,1208,T000469
LEAGUE OF CONSERVATION VOTERS -> Paul Tonko,1000.0,1,58.0,5562.51,8,Paul Tonko,Democrat,NY,508,T000469
"CUMMINS, INC. -> Mike Crapo",1000.0,1,59.0,3000.0,3,Mike Crapo,Republican,ID,2002,C000880
AMERICA'S ESSENTIAL HOSPITALS -> Juan Ciscomani,1000.0,1,59.0,3000.0,3,Juan Ciscomani,Republican,AZ,888,C001133
NATIONAL AIR TRAFFIC CONTROLLERS ASSOCIATION -> Pete Stauber,1000.0,1,59.0,13500.0,5,Pete Stauber,Republican,MN,157,S001212
ERICSSON INC. -> Doris O. Matsui,1000.0,1,60.0,10500.0,7,Doris O. Matsui,Democrat,CA,1993,M001163
LEAGUE OF CONSERVATION VOTERS -> Margaret Wood Hassan,865.65,3,29.0,3474.84,7,Margaret Wood Hassan,Democrat,NH,508,H001076
"THE BUSINESS ROUNDTABLE, INC. -> Shelley Moore Capito",750.0,2,2.0,2250.0,5,Shelley Moore Capito,Republican,WV,638,C001047
"DIAGEO NORTH AMERICA, INC. -> Stacey E. Plaskett",638.0,1,48.0,9058.0,6,Stacey E. Plaskett,Democrat,VI,741,P000610
LEAGUE OF CONSERVATION VOTERS -> Veronica Escobar,593.53,3,27.0,2018.53,5,Veronica Escobar,Democrat,TX,508,E000299
"BLUE ORIGIN, LLC -> Tommy Tuberville",500.0,1,22.0,4000.0,3,Tommy Tuberville,Republican,AL,1253,T000278
"THE BUSINESS ROUNDTABLE, INC. -> Sharice Davids",500.0,1,26.0,500.0,1,Sharice Davids,Democrat,KS,638,D000629
"PFIZER, INC. -> J. Luis Correa",500.0,1,30.0,10000.0,7,J. Luis Correa,Democrat,CA,1879,C001110
"ETSY, INC. -> Janice D. Schakowsky",500.0,1,32.0,500.0,1,Janice D. Schakowsky,Democrat,IL,1985,S001145
MICROSOFT CORPORATION -> Lisa C. McClain,500.0,1,46.0,23000.0,8,Lisa C. McClain,Republican,MI,1875,M001136
"DAVITA, INC. -> Martin Heinrich",500.0,1,49.0,21500.0,8,Martin Heinrich,Democrat,NM,1898,H001046
NATIONAL RETAIL FEDERATION -> Tim Scott,500.0,1,50.0,1500.0,3,Tim Scott,Republican,SC,700,S001184
NATIONAL AIR TRAFFIC CONTROLLERS ASSOCIATION -> Jeanne Shaheen,275.0,1,46.0,2775.0,2,Jeanne Shaheen,Democrat,NH,157,S001181
"AMAZON.COM SERVICES, INC. -> Roger F. Wicker",250.0,1,4.0,15500.0,7,Roger F. Wicker,Republican,MS,1225,W000437
"PAYPAL, INC. -> Mike Flood",250.0,1,13.0,250.0,1,Mike Flood,Republican,NE,1955,F000474
BAYCARE HEALTH SYSTEM -> Kathy Castor,250.0,1,27.0,750.0,2,Kathy Castor,Democrat,FL,1073,C001066
"HYUNDAI MOTOR COMPANY, LTD. -> Earl L. ""Buddy"" Carter",250.0,1,30.0,250.0,1,"Earl L. ""Buddy"" Carter",Republican,GA,1298,C001103
"BECHTEL NATIONAL, INC. -> Dan Newhouse",200.0,4,2.0,15100.0,46,Dan Newhouse,Republican,WA,1696,N000189
SOLAR ENERGY INDUSTRIES ASSOCIATION -> Mike Levin,125.0,1,31.0,9625.0,6,Mike Levin,Democrat,CA,363,L000593
"AMERICAN INTERNATIONAL GROUP, INC. -> Sharice Davids",100.0,1,10.0,100.0,1,Sharice Davids,Democrat,KS,1038,D000629
AMERICAN ACADEMY OF FAMILY PHYSICIANS -> Lauren Underwood,88.24,1,7.0,88.24,1,Lauren Underwood,Democrat,IL,247,U000040
AMERICAN ACADEMY OF FAMILY PHYSICIANS -> Kim Schrier,88.24,1,45.0,88.24,1,Kim Schrier,Democrat,WA,247,S001216
LEAGUE OF CONSERVATION VOTERS -> Jason Crow,75.0,1,42.0,5630.0,7,Jason Crow,Democrat,CO,508,C001121
"LAND O'LAKES, INC. -> Tracey Mann",50.0,1,19.0,50.0,1,Tracey Mann,Republican,KS,1320,M000871
LEAGUE OF CONSERVATION VOTERS -> Haley M. Stevens,50.0,1,43.0,5079.71,8,Haley M. Stevens,Democrat,MI,508,S001215
"LEAGUE OF CONSERVATION VOTERS -> Donald S. Beyer, Jr.",18.53,1,0.0,2018.53,3,"Donald S. Beyer, Jr.",Democrat,VA,508,B001292
LEAGUE OF CONSERVATION VOTERS -> Marilyn Strickland,18.53,1,6.0,1024.81,3,Marilyn Strickland,Democrat,WA,508,S001159
LEAGUE OF CONSERVATION VOTERS -> Bonnie Watson Coleman,18.53,1,7.0,1018.53,2,Bonnie Watson Coleman,Democrat,NJ,508,W000822
