member,bill_label,evidence_ref,congress,bill_type,number,official_title,sponsor_bioguide,sponsor_name,introduced_date,latest_action_date,latest_action_text,congress_gov_url
Barr,TABS Act,EBarr6,118,HR,1382,TABS Act of 2023,B001282,"Rep. Barr, Andy [R-KY-6]",2023-03-07,2023-03-07,Referred to the House Committee on Financial Services.,https://www.congress.gov/bill/118th-congress/house-bill/1382
Barr,TABS Act,EBarr6,119,HR,654,TABS Act of 2025,B001282,"Rep. Barr, Andy [R-KY-6]",2025-01-23,2025-01-23,Referred to the House Committee on Financial Services.,https://www.congress.gov/bill/119th-congress/house-bill/654
Barr,Rectifying UDAAP Act,EBarr6,118,HR,6789,Rectifying UDAAP Act,B001282,"Rep. Barr, Andy [R-KY-6]",2023-12-14,2023-12-14,Referred to the House Committee on Financial Services.,https://www.congress.gov/bill/118th-congress/house-bill/6789
Barr,Rectifying UDAAP Act,EBarr6,119,HR,1652,Rectifying UDAAP Act,B001282,"Rep. Barr, Andy [R-KY-6]",2025-02-27,2025-02-27,Referred to the House Committee on Financial Services.,https://www.congress.gov/bill/119th-congress/house-bill/1652
Cramer,Protecting Access to Credit for Small Businesses Act,E1,118,S,3992,Protecting Access to Credit for Small Businesses Act,S001184,"Sen. Scott, Tim [R-SC]",2024-03-20,2024-03-20,Read twice and referred to the Committee on Small Business and Entrepreneurship.,https://www.congress.gov/bill/118th-congress/senate-bill/3992
Cramer,Protecting Access to Credit for Small Businesses Act,E1,119,S,2486,Protecting Access to Credit for Small Businesses Act,S001184,"Sen. Scott, Tim [R-SC]",2025-07-28,2025-07-28,Read twice and referred to the Committee on Small Business and Entrepreneurship.,https://www.congress.gov/bill/119th-congress/senate-bill/2486
Scott,Protecting Access to Credit for Small Businesses Act,E2,118,S,3992,Protecting Access to Credit for Small Businesses Act,S001184,"Sen. Scott, Tim [R-SC]",2024-03-20,2024-03-20,Read twice and referred to the Committee on Small Business and Entrepreneurship.,https://www.congress.gov/bill/118th-congress/senate-bill/3992
Scott,Protecting Access to Credit for Small Businesses Act,E2,119,S,2486,Protecting Access to Credit for Small Businesses Act,S001184,"Sen. Scott, Tim [R-SC]",2025-07-28,2025-07-28,Read twice and referred to the Committee on Small Business and Entrepreneurship.,https://www.congress.gov/bill/119th-congress/senate-bill/2486
Budd,Protecting Access to Credit for Small Businesses Act,E6,118,S,3992,Protecting Access to Credit for Small Businesses Act,S001184,"Sen. Scott, Tim [R-SC]",2024-03-20,2024-03-20,Read twice and referred to the Committee on Small Business and Entrepreneurship.,https://www.congress.gov/bill/118th-congress/senate-bill/3992
Budd,Protecting Access to Credit for Small Businesses Act,E6,119,S,2486,Protecting Access to Credit for Small Businesses Act,S001184,"Sen. Scott, Tim [R-SC]",2025-07-28,2025-07-28,Read twice and referred to the Committee on Small Business and Entrepreneurship.,https://www.congress.gov/bill/119th-congress/senate-bill/2486
Britt,Community Bank Relief Act,E3,119,S,3849,Community Bank Relief Act,C001098,"Sen. Cruz, Ted [R-TX]",2026-02-11,2026-02-11,"Read twice and referred to the Committee on Banking, Housing, and Urban Affairs.",https://www.congress.gov/bill/119th-congress/senate-bill/3849
Britt,Community Bank Relief Act,E3,119,HR,7484,Community Bank Relief Act,B001282,"Rep. Barr, Andy [R-KY-6]",2026-02-11,2026-02-11,Referred to the House Committee on Financial Services.,https://www.congress.gov/bill/119th-congress/house-bill/7484
Emmer,Anti-CBDC Surveillance State Act,E4,118,HR,5403,CBDC Anti-Surveillance State Act,E000294,"Rep. Emmer, Tom [R-MN-6]",2023-09-12,2024-06-03,"Received in the Senate and Read twice and referred to the Committee on Banking, Housing, and Urban Affairs.",https://www.congress.gov/bill/118th-congress/house-bill/5403
Emmer,Anti-CBDC Surveillance State Act,E4,119,HR,1919,Anti-CBDC Surveillance State Act,E000294,"Rep. Emmer, Tom [R-MN-6]",2025-03-06,2025-07-17,Motion to reconsider laid on the table Agreed to without objection.,https://www.congress.gov/bill/119th-congress/house-bill/1919
Fitzgerald,Making the CFPB Accountable to Small Businesses Act,E5,117,HR,8443,Making the CFPB Accountable to Small Businesses Act of 2022,F000471,"Rep. Fitzgerald, Scott [R-WI-5]",2022-07-20,2022-11-01,"Referred to the Subcommittee on Antitrust, Commercial, and Administrative Law.",https://www.congress.gov/bill/117th-congress/house-bill/8443
Fitzgerald,Making the CFPB Accountable to Small Businesses Act,E5,118,HR,1749,Making the CFPB Accountable to Small Businesses Act of 2023,F000471,"Rep. Fitzgerald, Scott [R-WI-5]",2023-03-23,2023-03-23,"Referred to the Committee on the Judiciary, and in addition to the Committees on Small Business, and Financial Services, for a period to be subsequently determined by the Speaker, in each case for consideration of such provisions as fall within the jurisdiction of the committee concerned.",https://www.congress.gov/bill/118th-congress/house-bill/1749
Fitzgerald,Making the CFPB Accountable to Small Businesses Act,E5,119,HR,1606,Making the CFPB Accountable to Small Businesses Act of 2025,F000471,"Rep. Fitzgerald, Scott [R-WI-5]",2025-02-26,2025-02-26,"Referred to the Committee on the Judiciary, and in addition to the Committees on Small Business, and Financial Services, for a period to be subsequently determined by the Speaker, in each case for consideration of such provisions as fall within the jurisdiction of the committee concerned.",https://www.congress.gov/bill/119th-congress/house-bill/1606
Fitzgerald,HUMPS Act,E5,119,HR,3379,HUMPS Act of 2025,F000471,"Rep. Fitzgerald, Scott [R-WI-5]",2025-05-14,2025-06-25,"Placed on the Union Calendar, Calendar No. 136.",https://www.congress.gov/bill/119th-congress/house-bill/3379
Fitzgerald,Expanding Access to Lending Options Act,E5,118,HR,6933,Expanding Access to Lending Options Act,F000471,"Rep. Fitzgerald, Scott [R-WI-5]",2024-01-10,2024-01-11,Sponsor introductory remarks on measure. (CR H67-68),https://www.congress.gov/bill/118th-congress/house-bill/6933
Fitzgerald,Expanding Access to Lending Options Act,E5,119,HR,4167,Expanding Access to Lending Options Act,F000471,"Rep. Fitzgerald, Scott [R-WI-5]",2025-06-26,2025-06-26,Referred to the House Committee on Financial Services.,https://www.congress.gov/bill/119th-congress/house-bill/4167
Beatty,Fair Hiring in Banking Act,E7,117,HR,5911,Fair Hiring in Banking Act,B001281,"Rep. Beatty, Joyce [D-OH-3]",2021-11-09,2022-05-12,"Received in the Senate and Read twice and referred to the Committee on Banking, Housing, and Urban Affairs.",https://www.congress.gov/bill/117th-congress/house-bill/5911
Beatty,Advancing the Mentor-Protege Program for Small Financial Institutions Act,E7-correction,119,HR,3709,Advancing the Mentor-Protégé Program for Small Financial Institutions Act,B001281,"Rep. Beatty, Joyce [D-OH-3]",2025-06-04,2026-05-13,"Received in the Senate and Read twice and referred to the Committee on Banking, Housing, and Urban Affairs.",https://www.congress.gov/bill/119th-congress/house-bill/3709
Vargas,Credit Union Board Modernization Act,E8,118,HR,582,Credit Union Board Modernization Act,V000130,"Rep. Vargas, Juan [D-CA-52]",2023-01-26,2023-01-31,"Received in the Senate and Read twice and referred to the Committee on Banking, Housing, and Urban Affairs.",https://www.congress.gov/bill/118th-congress/house-bill/582
Vargas,Credit Union Board Modernization Act,E8,119,HR,975,Credit Union Board Modernization Act,V000130,"Rep. Vargas, Juan [D-CA-52]",2025-02-04,2025-02-11,"Received in the Senate and Read twice and referred to the Committee on Banking, Housing, and Urban Affairs.",https://www.congress.gov/bill/119th-congress/house-bill/975
Gonzalez,Veterans Member Business Loan Act,E9,118,HR,4867,Veterans Members Business Loan Act,G000581,"Rep. Gonzalez, Vicente [D-TX-34]",2023-07-25,2023-07-25,Referred to the House Committee on Financial Services.,https://www.congress.gov/bill/118th-congress/house-bill/4867
Gonzalez,Veterans Member Business Loan Act,E9,119,HR,507,Veterans Member Business Loan Act,G000581,"Rep. Gonzalez, Vicente [D-TX-34]",2025-01-16,2025-01-16,Referred to the House Committee on Financial Services.,https://www.congress.gov/bill/119th-congress/house-bill/507
Britt,STREAMLINE Act,press-hook-check,119,S,3017,STREAMLINE Act,K000393,"Sen. Kennedy, John [R-LA]",2025-10-20,2025-10-20,"Read twice and referred to the Committee on Banking, Housing, and Urban Affairs.",https://www.congress.gov/bill/119th-congress/senate-bill/3017
Gonzalez,MORE Opportunities for Homeownership Act,press-hook-check,119,HR,7647,MORE Opportunities for Homeownership Act,G000581,"Rep. Gonzalez, Vicente [D-TX-34]",2026-02-23,2026-02-23,Referred to the House Committee on Financial Services.,https://www.congress.gov/bill/119th-congress/house-bill/7647
Peters,Housing Financial Literacy Act,E13,117,S,1490,Housing Financial Literacy Act of 2021,P000595,"Sen. Peters, Gary C. [D-MI]",2021-04-29,2021-04-29,"Read twice and referred to the Committee on Banking, Housing, and Urban Affairs.",https://www.congress.gov/bill/117th-congress/senate-bill/1490
Peters,Housing Financial Literacy Act,E13,118,S,4542,Housing Financial Literacy Act of 2024,P000595,"Sen. Peters, Gary C. [D-MI]",2024-06-13,2024-06-13,"Read twice and referred to the Committee on Banking, Housing, and Urban Affairs.",https://www.congress.gov/bill/118th-congress/senate-bill/4542
Budd,Secure Payments Act,E16,118,S,4570,Secure Payments Act of 2024,B001305,"Sen. Budd, Ted [R-NC]",2024-06-18,2024-06-18,"Read twice and referred to the Committee on Banking, Housing, and Urban Affairs.",https://www.congress.gov/bill/118th-congress/senate-bill/4570
Vargas,Expanding Access to Lending Options Act (shared w/ Fitzgerald),E16,118,HR,6933,Expanding Access to Lending Options Act,F000471,"Rep. Fitzgerald, Scott [R-WI-5]",2024-01-10,2024-01-11,Sponsor introductory remarks on measure. (CR H67-68),https://www.congress.gov/bill/118th-congress/house-bill/6933
